image_id,video_id,sequence,split
0-1851,0,59337,train
0-1852,0,59337,train
0-1853,0,59337,train
0-1854,0,59337,train
0-1855,0,59337,train
0-1856,0,59337,train
0-1857,0,59337,train
0-1858,0,59337,train
0-1859,0,59337,train
0-1860,0,59337,train
0-1861,0,59337,train
0-1862,0,59337,train
0-1863,0,59337,train
0-1864,0,59337,train
0-1865,0,59337,train
0-1866,0,59337,train
0-1867,0,59337,train
0-1868,0,59337,train
0-1869,0,59337,train
0-1870,0,59337,train
0-1871,0,59337,train
0-1872,0,59337,train
0-1873,0,59337,train
0-1874,0,59337,train
0-1875,0,59337,train
0-1876,0,59337,train
0-1877,0,59337,train
0-1878,0,59337,train
0-1879,0,59337,train
0-1880,0,59337,train
0-1881,0,59337,train
0-1882,0,59337,train
0-1883,0,59337,train
0-1884,0,59337,train
0-1885,0,59337,train
0-1886,0,59337,train
0-1887,0,59337,train
0-1888,0,59337,train
0-1889,0,59337,train
0-1890,0,59337,train
0-1891,0,59337,train
0-1892,0,59337,train
0-1893,0,59337,train
0-1894,0,59337,train
0-1895,0,59337,train
0-1896,0,59337,train
0-1897,0,59337,train
0-1898,0,59337,train
0-1899,0,59337,train
0-1900,0,59337,train
0-1901,0,59337,train
0-1902,0,59337,train
0-1903,0,59337,train
0-1904,0,59337,train
0-1905,0,59337,train
0-1906,0,59337,train
0-1907,0,59337,train
0-1908,0,59337,train
0-1909,0,59337,train
0-1910,0,59337,train
0-1911,0,59337,train
0-1912,0,59337,train
0-1913,0,59337,train
0-1914,0,59337,train
0-1915,0,59337,train
0-1916,0,59337,train
0-1917,0,59337,train
0-1918,0,59337,train
0-1919,0,59337,train
0-1920,0,59337,train
0-1921,0,59337,train
0-1922,0,59337,train
0-1923,0,59337,train
0-1924,0,59337,train
0-1925,0,59337,train
0-1926,0,59337,train
0-1927,0,59337,train
0-1928,0,59337,train
0-1929,0,59337,train
0-1930,0,59337,train
0-1931,0,59337,train
0-1932,0,59337,train
0-1933,0,59337,train
0-1934,0,59337,train
0-1935,0,59337,train
0-1936,0,59337,train
0-1937,0,59337,train
0-1938,0,59337,train
0-1939,0,59337,train
0-1940,0,59337,train
0-1941,0,59337,train
0-1942,0,59337,train
0-1943,0,59337,train
0-1944,0,59337,train
0-1945,0,59337,train
0-1946,0,59337,train
0-1947,0,59337,train
0-1948,0,59337,train
0-1949,0,59337,train
0-1950,0,59337,train
0-1951,0,59337,train
0-1952,0,59337,train
0-1953,0,59337,train
0-1954,0,59337,train
0-1955,0,59337,train
0-1956,0,59337,train
0-1957,0,59337,train
0-1958,0,59337,train
0-1959,0,59337,train
0-1960,0,59337,train
0-1961,0,59337,train
0-1962,0,59337,train
0-1963,0,59337,train
0-1964,0,59337,train
0-1965,0,59337,train
0-1966,0,59337,train
0-1967,0,59337,train
0-1968,0,59337,train
0-1969,0,59337,train
0-1970,0,59337,train
0-1971,0,59337,train
0-1972,0,59337,train
0-1973,0,59337,train
0-1974,0,59337,train
0-1975,0,59337,train
0-1976,0,59337,train
0-1977,0,59337,train
0-1978,0,59337,train
0-1979,0,59337,train
0-1980,0,59337,train
0-1981,0,59337,train
0-1982,0,59337,train
0-1983,0,59337,train
0-1984,0,59337,train
0-1985,0,59337,train
0-1986,0,59337,train
0-1987,0,59337,train
0-1988,0,59337,train
0-1989,0,59337,train
0-1990,0,59337,train
0-1991,0,59337,train
0-1992,0,59337,train
0-1993,0,59337,train
0-1994,0,59337,train
0-1995,0,59337,train
0-1996,0,59337,train
0-1997,0,59337,train
0-1998,0,59337,train
0-1999,0,59337,train
0-2000,0,59337,train
0-2001,0,59337,train
0-2002,0,59337,train
0-2003,0,59337,train
0-2004,0,59337,train
0-2005,0,59337,train
0-2006,0,59337,train
0-2007,0,59337,train
0-2008,0,59337,train
0-2009,0,59337,train
0-2010,0,59337,train
0-2011,0,59337,train
0-2012,0,59337,train
0-2013,0,59337,train
0-2014,0,59337,train
0-2015,0,59337,train
0-2016,0,59337,train
0-2017,0,59337,train
0-2018,0,59337,train
0-2019,0,59337,train
0-2020,0,59337,train
0-2021,0,59337,train
0-2022,0,59337,train
0-2023,0,59337,train
0-2024,0,59337,train
0-2025,0,59337,train
0-2026,0,59337,train
0-2027,0,59337,train
0-2028,0,59337,train
0-2029,0,59337,train
0-2030,0,59337,train
0-2031,0,59337,train
0-2032,0,59337,train
0-2033,0,59337,train
0-2034,0,59337,train
0-2035,0,59337,train
0-2036,0,59337,train
0-2037,0,59337,train
0-2038,0,59337,train
0-2039,0,59337,train
0-2040,0,59337,train
0-2041,0,59337,train
0-2042,0,59337,train
0-2043,0,59337,train
0-2044,0,59337,train
0-2045,0,59337,train
0-2046,0,59337,train
0-2047,0,59337,train
0-2048,0,59337,train
0-2049,0,59337,train
0-2050,0,59337,train
0-2051,0,59337,train
0-2052,0,59337,train
0-2053,0,59337,train
0-2054,0,59337,train
0-2055,0,59337,train
0-2056,0,59337,train
0-2057,0,59337,train
0-2058,0,59337,train
0-2059,0,59337,train
0-2060,0,59337,train
0-2061,0,59337,train
0-2062,0,59337,train
0-2063,0,59337,train
0-2064,0,59337,train
0-2065,0,59337,train
0-2066,0,59337,train
0-2067,0,59337,train
0-2068,0,59337,train
0-2069,0,59337,train
0-2070,0,59337,train
0-2071,0,59337,train
0-2072,0,59337,train
0-2073,0,59337,train
0-2074,0,59337,train
0-2075,0,59337,train
0-2076,0,59337,train
0-2077,0,59337,train
0-2078,0,59337,train
0-2079,0,59337,train
0-2080,0,59337,train
0-2081,0,59337,train
0-2082,0,59337,train
0-2083,0,59337,train
0-2084,0,59337,train
0-2085,0,59337,train
0-2086,0,59337,train
0-2087,0,59337,train
0-2088,0,59337,train
0-2089,0,59337,train
0-2090,0,59337,train
0-2091,0,59337,train
0-2092,0,59337,train
0-2093,0,59337,train
0-2094,0,59337,train
0-2095,0,59337,train
0-2096,0,59337,train
0-2097,0,59337,train
0-2098,0,59337,train
0-2099,0,59337,train
0-2100,0,59337,train
0-2101,0,59337,train
0-2102,0,59337,train
0-2103,0,59337,train
0-2104,0,59337,train
0-2105,0,59337,train
0-2106,0,59337,train
0-2107,0,59337,train
0-2108,0,59337,train
0-2109,0,59337,train
0-2110,0,59337,train
0-2111,0,59337,train
0-2112,0,59337,train
0-2113,0,59337,train
0-2114,0,59337,train
0-2115,0,59337,train
0-2116,0,59337,train
0-2117,0,59337,train
0-2118,0,59337,train
0-2119,0,59337,train
0-2120,0,59337,train
0-2121,0,59337,train
0-2122,0,59337,train
0-2123,0,59337,train
0-2124,0,59337,train
0-2125,0,59337,train
0-2126,0,59337,train
0-2127,0,59337,train
0-2128,0,59337,train
0-2129,0,59337,train
0-2130,0,59337,train
0-2131,0,59337,train
0-2132,0,59337,train
0-2133,0,59337,train
0-2134,0,59337,train
0-2135,0,59337,train
0-2136,0,59337,train
0-2137,0,59337,train
0-2138,0,59337,train
0-2139,0,59337,train
0-2140,0,59337,train
0-2141,0,59337,train
0-2142,0,59337,train
0-2143,0,59337,train
0-2144,0,59337,train
0-2145,0,59337,train
0-2146,0,59337,train
0-2147,0,59337,train
0-2148,0,59337,train
0-2149,0,59337,train
0-2150,0,59337,train
0-2151,0,59337,train
0-2152,0,59337,train
0-2153,0,59337,train
0-2154,0,59337,train
0-2155,0,59337,train
0-2156,0,59337,train
0-2157,0,59337,train
0-2158,0,59337,train
0-2159,0,59337,train
0-2160,0,59337,train
0-2161,0,59337,train
0-2162,0,59337,train
0-2163,0,59337,train
0-2164,0,59337,train
0-2165,0,59337,train
0-2166,0,59337,train
0-2167,0,59337,train
0-2168,0,59337,train
0-2169,0,59337,train
0-2170,0,59337,train
0-2171,0,59337,train
0-2172,0,59337,train
0-2173,0,59337,train
0-2174,0,59337,train
0-2175,0,59337,train
0-2176,0,59337,train
0-2177,0,59337,train
0-2178,0,59337,train
0-2179,0,59337,train
0-2180,0,59337,train
0-2181,0,59337,train
0-2182,0,59337,train
0-2183,0,59337,train
0-2184,0,59337,train
0-2185,0,59337,train
0-2186,0,59337,train
0-2187,0,59337,train
0-2188,0,59337,train
0-2189,0,59337,train
0-2190,0,59337,train
0-2191,0,59337,train
0-2192,0,59337,train
0-2193,0,59337,train
0-2194,0,59337,train
0-2195,0,59337,train
0-2196,0,59337,train
0-2197,0,59337,train
0-2198,0,59337,train
0-2199,0,59337,train
0-2200,0,59337,train
0-2201,0,59337,train
0-2202,0,59337,train
0-2203,0,59337,train
0-2204,0,59337,train
0-2205,0,59337,train
0-2206,0,59337,train
0-2207,0,59337,train
0-2208,0,59337,train
0-2209,0,59337,train
0-2210,0,59337,train
0-2211,0,59337,train
0-2212,0,59337,train
0-2213,0,59337,train
0-2214,0,59337,train
0-2215,0,59337,train
0-2216,0,59337,train
0-2217,0,59337,train
0-2218,0,59337,train
0-2219,0,59337,train
0-2220,0,59337,train
0-2221,0,59337,train
0-2222,0,59337,train
0-2223,0,59337,train
0-2224,0,59337,train
0-2225,0,59337,train
0-2226,0,59337,train
0-2227,0,59337,train
0-2228,0,59337,train
0-2229,0,59337,train
0-2230,0,59337,train
0-2231,0,59337,train
0-2232,0,59337,train
0-2233,0,59337,train
0-2234,0,59337,train
0-2235,0,59337,train
0-2236,0,59337,train
0-2237,0,59337,train
0-2238,0,59337,train
0-2239,0,59337,train
0-2240,0,59337,train
0-2241,0,59337,train
0-2242,0,59337,train
0-2243,0,59337,train
0-2244,0,59337,train
0-2245,0,59337,train
0-2246,0,59337,train
0-2247,0,59337,train
0-2248,0,59337,train
0-2249,0,59337,train
0-2250,0,59337,train
0-2251,0,59337,train
0-2252,0,59337,train
0-2253,0,59337,train
0-2254,0,59337,train
0-2255,0,59337,train
0-2256,0,59337,train
0-2257,0,59337,train
0-2258,0,59337,train
0-2259,0,59337,train
0-2260,0,59337,train
0-2261,0,59337,train
0-2262,0,59337,train
0-2263,0,59337,train
0-2264,0,59337,train
0-2265,0,59337,train
0-2266,0,59337,train
0-2267,0,59337,train
0-2268,0,59337,train
0-2269,0,59337,train
0-2270,0,59337,train
0-2271,0,59337,train
0-2272,0,59337,train
0-2273,0,59337,train
0-2274,0,59337,train
0-2275,0,59337,train
0-2276,0,59337,train
0-2277,0,59337,train
0-2278,0,59337,train
0-2279,0,59337,train
0-2280,0,59337,train
0-2281,0,59337,train
0-2282,0,59337,train
0-2283,0,59337,train
0-2284,0,59337,train
0-2285,0,59337,train
0-2286,0,59337,train
0-2287,0,59337,train
0-2288,0,59337,train
0-2289,0,59337,train
0-2290,0,59337,train
0-2291,0,59337,train
0-2292,0,59337,train
0-2293,0,59337,train
0-2294,0,59337,train
0-2295,0,59337,train
0-2296,0,59337,train
0-2297,0,59337,train
0-2298,0,59337,train
0-2299,0,59337,train
0-2300,0,59337,train
0-2301,0,59337,train
0-2302,0,59337,train
0-2303,0,59337,train
0-2304,0,59337,train
0-2305,0,59337,train
0-2306,0,59337,train
0-2307,0,59337,train
0-2308,0,59337,train
0-2309,0,59337,train
0-2310,0,59337,train
0-2311,0,59337,train
0-2312,0,59337,train
0-2313,0,59337,train
0-2314,0,59337,train
0-2315,0,59337,train
0-2316,0,59337,train
0-2317,0,59337,train
0-2318,0,59337,train
0-2319,0,59337,train
0-2320,0,59337,train
0-2321,0,59337,train
0-2322,0,59337,train
0-2323,0,59337,train
0-2324,0,59337,train
0-2325,0,59337,train
0-2326,0,59337,train
0-2327,0,59337,train
0-2328,0,59337,train
0-2329,0,59337,train
0-2330,0,59337,train
0-2331,0,59337,train
0-2332,0,59337,train
0-2333,0,59337,train
0-2334,0,59337,train
0-2335,0,59337,train
0-2336,0,59337,train
0-2337,0,59337,train
0-2338,0,59337,train
0-2339,0,59337,train
0-2340,0,59337,train
0-2341,0,59337,train
0-2342,0,59337,train
0-2343,0,59337,train
0-2344,0,59337,train
0-2345,0,59337,train
0-2346,0,59337,train
0-2347,0,59337,train
0-2348,0,59337,train
0-2349,0,59337,train
0-2350,0,59337,train
0-2351,0,59337,train
0-2352,0,59337,train
0-2353,0,59337,train
0-2354,0,59337,train
0-2355,0,59337,train
0-2356,0,59337,train
0-2357,0,59337,train
0-2358,0,59337,train
0-2359,0,59337,train
0-2360,0,59337,train
0-2361,0,59337,train
0-2362,0,59337,train
0-2363,0,59337,train
0-2364,0,59337,train
0-2365,0,59337,train
0-2366,0,59337,train
0-2367,0,59337,train
0-2368,0,59337,train
0-2369,0,59337,train
0-2370,0,59337,train
0-2371,0,59337,train
0-2372,0,59337,train
0-2373,0,59337,train
0-2374,0,59337,train
0-2375,0,59337,train
0-2376,0,59337,train
0-2377,0,59337,train
0-2378,0,59337,train
0-2379,0,59337,train
0-2380,0,59337,train
0-2381,0,59337,train
0-2382,0,59337,train
0-2383,0,59337,train
0-2384,0,59337,train
0-2385,0,59337,train
0-2386,0,59337,train
0-2387,0,59337,train
0-3738,0,8399,train
0-3739,0,8399,train
0-3740,0,8399,train
0-3741,0,8399,train
0-3742,0,8399,train
0-3743,0,8399,train
0-3744,0,8399,train
0-3745,0,8399,train
0-3746,0,8399,train
0-3747,0,8399,train
0-3748,0,8399,train
0-3749,0,8399,train
0-3750,0,8399,train
0-3751,0,8399,train
0-3752,0,8399,train
0-3753,0,8399,train
0-3754,0,8399,train
0-3755,0,8399,train
0-3756,0,8399,train
0-3757,0,8399,train
0-3758,0,8399,train
0-3759,0,8399,train
0-3760,0,8399,train
0-3761,0,8399,train
0-3762,0,8399,train
0-3763,0,8399,train
0-3764,0,8399,train
0-3765,0,8399,train
0-3766,0,8399,train
0-3767,0,8399,train
0-3768,0,8399,train
0-3769,0,8399,train
0-3770,0,8399,train
0-3771,0,8399,train
0-3772,0,8399,train
0-3773,0,8399,train
0-3774,0,8399,train
0-3775,0,8399,train
0-3776,0,8399,train
0-3777,0,8399,train
0-3778,0,8399,train
0-3779,0,8399,train
0-3780,0,8399,train
0-3781,0,8399,train
0-3782,0,8399,train
0-3783,0,8399,train
0-3784,0,8399,train
0-3785,0,8399,train
0-3786,0,8399,train
0-3787,0,8399,train
0-3788,0,8399,train
0-3789,0,8399,train
0-3790,0,8399,train
0-3791,0,8399,train
0-3792,0,8399,train
0-3793,0,8399,train
0-3794,0,8399,train
0-3795,0,8399,train
0-3796,0,8399,train
0-3797,0,8399,train
0-3798,0,8399,train
0-3799,0,8399,train
0-3800,0,8399,train
0-3801,0,8399,train
0-3802,0,8399,train
0-3803,0,8399,train
0-3804,0,8399,train
0-3805,0,8399,train
0-3806,0,8399,train
0-3807,0,8399,train
0-3808,0,8399,train
0-3809,0,8399,train
0-3810,0,8399,train
0-3811,0,8399,train
0-3812,0,8399,train
0-3813,0,8399,train
0-3814,0,8399,train
0-3815,0,8399,train
0-3816,0,8399,train
0-3817,0,8399,train
0-3818,0,8399,train
0-3819,0,8399,train
0-3820,0,8399,train
0-3821,0,8399,train
0-3822,0,8399,train
0-3823,0,8399,train
0-3824,0,8399,train
0-3825,0,8399,train
0-3826,0,8399,train
0-3827,0,8399,train
0-3828,0,8399,train
0-3829,0,8399,train
0-3830,0,8399,train
0-3831,0,8399,train
0-3832,0,8399,train
0-3833,0,8399,train
0-3834,0,8399,train
0-3835,0,8399,train
0-3836,0,8399,train
0-3837,0,8399,train
0-3838,0,8399,train
0-3839,0,8399,train
0-3840,0,8399,train
0-3841,0,8399,train
0-3842,0,8399,train
0-3843,0,8399,train
0-3844,0,8399,train
0-3845,0,8399,train
0-3846,0,8399,train
0-3847,0,8399,train
0-3848,0,8399,train
0-3849,0,8399,train
0-3850,0,8399,train
0-3851,0,8399,train
0-3852,0,8399,train
0-3853,0,8399,train
0-3854,0,8399,train
0-3855,0,8399,train
0-3856,0,8399,train
0-3857,0,8399,train
0-3858,0,8399,train
0-3859,0,8399,train
0-3860,0,8399,train
0-3861,0,8399,train
0-3862,0,8399,train
0-3863,0,8399,train
0-3864,0,8399,train
0-3865,0,8399,train
0-3866,0,8399,train
0-3867,0,8399,train
0-3868,0,8399,train
0-3869,0,8399,train
0-3870,0,8399,train
0-3871,0,8399,train
0-3872,0,8399,train
0-3873,0,8399,train
0-3874,0,8399,train
0-3875,0,8399,train
0-3876,0,8399,train
0-3877,0,8399,train
0-3878,0,8399,train
0-3879,0,8399,train
0-3880,0,8399,train
0-3881,0,8399,train
0-3882,0,8399,train
0-3883,0,8399,train
0-3884,0,8399,train
0-3885,0,8399,train
0-3886,0,8399,train
0-3887,0,8399,train
0-3888,0,8399,train
0-3889,0,8399,train
0-3890,0,8399,train
0-3891,0,8399,train
0-3892,0,8399,train
0-3893,0,8399,train
0-3894,0,8399,train
0-3895,0,8399,train
0-3896,0,8399,train
0-3897,0,8399,train
0-3898,0,8399,train
0-3899,0,8399,train
0-3900,0,8399,train
0-3901,0,8399,train
0-3902,0,8399,train
0-3903,0,8399,train
0-3904,0,8399,train
0-3905,0,8399,train
0-3906,0,8399,train
0-3907,0,8399,train
0-3908,0,8399,train
0-3909,0,8399,train
0-3910,0,8399,train
0-3911,0,8399,train
0-3912,0,8399,train
0-3913,0,8399,train
0-3914,0,8399,train
0-3915,0,8399,train
0-3916,0,8399,train
0-3917,0,8399,train
0-3918,0,8399,train
0-3919,0,8399,train
0-3920,0,8399,train
0-3921,0,8399,train
0-3922,0,8399,train
0-3923,0,8399,train
0-3924,0,8399,train
0-3925,0,8399,train
0-3926,0,8399,train
0-3927,0,8399,train
0-3928,0,8399,train
0-3929,0,8399,train
0-3930,0,8399,train
0-3931,0,8399,train
0-3932,0,8399,train
0-3933,0,8399,train
0-3934,0,8399,train
0-3935,0,8399,train
0-3936,0,8399,train
0-3937,0,8399,train
0-3938,0,8399,train
0-3939,0,8399,train
0-3940,0,8399,train
0-3941,0,8399,train
0-3942,0,8399,train
0-3943,0,8399,train
0-3944,0,8399,train
0-3945,0,8399,train
0-3946,0,8399,train
0-3947,0,8399,train
0-3948,0,8399,train
0-3949,0,8399,train
0-3950,0,8399,train
0-3951,0,8399,train
0-3952,0,8399,train
0-3953,0,8399,train
0-3954,0,8399,train
0-3955,0,8399,train
0-3956,0,8399,train
0-3957,0,8399,train
0-3958,0,8399,train
0-3959,0,8399,train
0-3960,0,8399,train
0-3961,0,8399,train
0-3962,0,8399,train
0-3963,0,8399,train
0-3964,0,8399,train
0-3965,0,8399,train
0-3966,0,8399,train
0-3967,0,8399,train
0-3968,0,8399,train
0-3969,0,8399,train
0-3970,0,8399,train
0-3971,0,8399,train
0-3972,0,8399,train
0-3973,0,8399,train
0-3974,0,8399,train
0-3975,0,8399,train
0-3976,0,8399,train
0-3977,0,8399,train
0-3978,0,8399,train
0-3979,0,8399,train
0-3980,0,8399,train
0-3981,0,8399,train
0-3982,0,8399,train
0-3983,0,8399,train
0-3984,0,8399,train
0-3985,0,8399,train
0-3986,0,8399,train
0-3987,0,8399,train
0-3988,0,8399,train
0-3989,0,8399,train
0-3990,0,8399,train
0-3991,0,8399,train
0-3992,0,8399,train
0-3993,0,8399,train
0-3994,0,8399,train
0-3995,0,8399,train
0-3996,0,8399,train
0-3997,0,8399,train
0-3998,0,8399,train
0-3999,0,8399,train
0-4000,0,8399,train
0-4001,0,8399,train
0-4002,0,8399,train
0-4003,0,8399,train
0-4004,0,8399,train
0-4005,0,8399,train
0-4006,0,8399,train
0-4007,0,8399,train
0-4008,0,8399,train
0-4009,0,8399,train
0-4010,0,8399,train
0-4011,0,8399,train
0-4012,0,8399,train
0-4013,0,8399,train
0-4014,0,8399,train
0-4015,0,8399,train
0-4016,0,8399,train
0-4017,0,8399,train
0-4018,0,8399,train
0-4019,0,8399,train
0-4020,0,8399,train
0-4021,0,8399,train
0-4022,0,8399,train
0-4023,0,8399,train
0-4024,0,8399,train
0-4025,0,8399,train
0-4026,0,8399,train
0-4027,0,8399,train
0-4028,0,8399,train
0-4029,0,8399,train
0-4030,0,8399,train
0-4031,0,8399,train
0-4032,0,8399,train
0-4033,0,8399,train
0-4034,0,8399,train
0-4035,0,8399,train
0-4036,0,8399,train
0-4037,0,8399,train
0-4038,0,8399,train
0-4039,0,8399,train
0-4040,0,8399,train
0-4041,0,8399,train
0-4042,0,8399,train
0-4043,0,8399,train
0-4044,0,8399,train
0-4045,0,8399,train
0-4046,0,8399,train
0-4047,0,8399,train
0-4048,0,8399,train
0-4049,0,8399,train
0-4050,0,8399,train
0-4051,0,8399,train
0-4052,0,8399,train
0-4053,0,8399,train
0-4054,0,8399,train
0-4055,0,8399,train
0-4056,0,8399,train
0-4057,0,8399,train
0-4058,0,8399,train
0-4059,0,8399,train
0-4060,0,8399,train
0-4061,0,8399,train
0-4062,0,8399,train
0-4063,0,8399,train
0-4064,0,8399,train
0-4065,0,8399,train
0-4066,0,8399,train
0-4067,0,8399,train
0-4068,0,8399,train
0-4069,0,8399,train
0-4070,0,8399,train
0-4071,0,8399,train
0-4072,0,8399,train
0-4073,0,8399,train
0-4074,0,8399,train
0-4075,0,8399,train
0-4076,0,8399,train
0-4077,0,8399,train
0-4078,0,8399,train
0-4079,0,8399,train
0-4080,0,8399,train
0-4081,0,8399,train
0-4082,0,8399,train
0-4083,0,8399,train
0-4084,0,8399,train
0-4085,0,8399,train
0-4086,0,8399,train
0-4087,0,8399,train
0-4088,0,8399,train
0-4089,0,8399,train
0-4090,0,8399,train
0-4091,0,8399,train
0-4092,0,8399,train
0-4093,0,8399,train
0-4094,0,8399,train
0-4095,0,8399,train
0-4096,0,8399,train
0-4097,0,8399,train
0-4098,0,8399,train
0-4099,0,8399,train
0-4100,0,8399,train
0-4101,0,8399,train
0-4102,0,8399,train
0-4103,0,8399,train
0-4104,0,8399,train
0-4105,0,8399,train
0-4106,0,8399,train
0-4107,0,8399,train
0-4108,0,8399,train
0-4109,0,8399,train
0-4110,0,8399,train
0-4111,0,8399,train
0-4112,0,8399,train
0-4113,0,8399,train
0-4114,0,8399,train
0-4115,0,8399,train
0-4116,0,8399,train
0-4117,0,8399,train
0-4118,0,8399,train
0-4119,0,8399,train
0-4120,0,8399,train
0-4121,0,8399,train
0-4122,0,8399,train
0-4123,0,8399,train
0-4124,0,8399,train
0-4125,0,8399,train
0-4126,0,8399,train
0-4127,0,8399,train
0-4128,0,8399,train
0-4129,0,8399,train
0-4130,0,8399,train
0-4131,0,8399,train
0-4132,0,8399,train
0-4133,0,8399,train
0-4134,0,8399,train
0-4135,0,8399,train
0-4136,0,8399,train
0-4137,0,8399,train
0-4138,0,8399,train
0-4139,0,8399,train
0-4140,0,8399,train
0-4141,0,8399,train
0-4142,0,8399,train
0-4143,0,8399,train
0-4144,0,8399,train
0-4145,0,8399,train
0-4146,0,8399,train
0-4147,0,8399,train
0-4148,0,8399,train
0-4149,0,8399,train
0-4150,0,8399,train
0-4151,0,8399,train
0-4152,0,8399,train
0-4153,0,8399,train
0-4154,0,8399,train
0-4155,0,8399,train
0-4156,0,8399,train
0-4157,0,8399,train
0-4158,0,8399,train
0-4159,0,8399,train
0-4160,0,8399,train
0-4161,0,8399,train
0-4162,0,8399,train
0-4163,0,8399,train
0-4164,0,8399,train
0-4165,0,8399,train
0-4166,0,8399,train
0-4167,0,8399,train
0-4168,0,8399,train
0-4169,0,8399,train
0-4170,0,8399,train
0-4171,0,8399,train
0-4172,0,8399,train
0-4173,0,8399,train
0-4174,0,8399,train
0-4175,0,8399,train
0-4176,0,8399,train
0-4177,0,8399,train
0-4178,0,8399,train
0-4179,0,8399,train
0-4180,0,8399,train
0-4181,0,8399,train
0-4182,0,8399,train
0-4183,0,8399,train
0-4184,0,8399,train
0-4185,0,8399,train
0-4186,0,8399,train
0-4187,0,8399,train
0-4188,0,8399,train
0-4189,0,8399,train
0-4190,0,8399,train
0-4191,0,8399,train
0-4192,0,8399,train
0-4193,0,8399,train
0-4194,0,8399,train
0-4195,0,8399,train
0-4196,0,8399,train
0-4197,0,8399,train
0-4198,0,8399,train
0-4199,0,8399,train
0-4200,0,8399,train
0-4201,0,8399,train
0-4202,0,8399,train
0-4203,0,8399,train
0-4204,0,8399,train
0-4205,0,8399,train
0-4206,0,8399,train
0-4207,0,8399,train
0-4208,0,8399,train
0-4209,0,8399,train
0-4210,0,8399,train
0-4211,0,8399,train
0-4212,0,8399,train
0-4213,0,8399,train
0-4214,0,8399,train
0-4215,0,8399,train
0-4216,0,8399,train
0-4217,0,8399,train
0-4218,0,8399,train
0-4219,0,8399,train
0-4220,0,8399,train
0-4221,0,8399,train
0-4222,0,8399,train
0-4223,0,8399,train
0-4224,0,8399,train
0-4225,0,8399,train
0-4226,0,8399,train
0-4227,0,8399,train
0-4228,0,8399,train
0-4229,0,8399,train
0-4230,0,8399,train
0-4231,0,8399,train
0-4232,0,8399,train
0-4233,0,8399,train
0-4234,0,8399,train
0-4235,0,8399,train
0-4236,0,8399,train
0-4237,0,8399,train
0-4238,0,8399,train
0-4239,0,8399,train
0-4240,0,8399,train
0-4241,0,8399,train
0-4242,0,8399,train
0-4243,0,8399,train
0-4244,0,8399,train
0-4245,0,8399,train
0-4246,0,8399,train
0-4247,0,8399,train
0-4248,0,8399,train
0-4249,0,8399,train
0-4250,0,8399,train
0-4251,0,8399,train
0-4252,0,8399,train
0-4253,0,8399,train
0-4254,0,8399,train
0-4255,0,8399,train
0-4256,0,8399,train
0-4257,0,8399,train
0-4258,0,8399,train
0-4259,0,8399,train
0-4260,0,8399,train
0-4261,0,8399,train
0-4262,0,8399,train
0-4263,0,8399,train
0-4264,0,8399,train
0-4265,0,8399,train
0-4266,0,8399,train
0-4267,0,8399,train
0-4268,0,8399,train
0-4269,0,8399,train
0-4270,0,8399,train
0-4271,0,8399,train
0-4272,0,8399,train
0-4273,0,8399,train
0-4274,0,8399,train
0-4275,0,8399,train
0-4276,0,8399,train
0-4277,0,8399,train
0-4278,0,8399,train
0-4279,0,8399,train
0-4280,0,8399,train
0-4281,0,8399,train
0-4282,0,8399,train
0-4283,0,8399,train
0-4284,0,8399,train
0-4285,0,8399,train
0-4286,0,8399,train
0-4287,0,8399,train
0-4288,0,8399,train
0-4289,0,8399,train
0-4290,0,8399,train
0-4291,0,8399,train
0-4292,0,8399,train
0-4293,0,8399,train
0-4294,0,8399,train
0-4295,0,8399,train
0-4296,0,8399,train
0-4297,0,8399,train
0-4298,0,8399,train
0-4299,0,8399,train
0-4300,0,8399,train
0-4301,0,8399,train
0-4302,0,8399,train
0-4303,0,8399,train
0-4304,0,8399,train
0-4305,0,8399,train
0-4306,0,8399,train
0-4307,0,8399,train
0-4308,0,8399,train
0-4309,0,8399,train
0-4310,0,8399,train
0-4311,0,8399,train
0-4312,0,8399,train
0-4313,0,8399,train
0-4314,0,8399,train
0-4315,0,8399,train
0-4316,0,8399,train
0-4317,0,8399,train
0-4318,0,8399,train
0-4319,0,8399,train
0-4320,0,8399,train
0-4321,0,8399,train
0-4322,0,8399,train
0-4323,0,8399,train
0-4324,0,8399,train
0-4325,0,8399,train
0-4326,0,8399,train
0-4327,0,8399,train
0-4328,0,8399,train
0-4329,0,8399,train
0-4330,0,8399,train
0-4331,0,8399,train
0-4332,0,8399,train
0-4333,0,8399,train
0-4334,0,8399,train
0-4335,0,8399,train
0-4336,0,8399,train
0-4337,0,8399,train
0-4338,0,8399,train
0-4339,0,8399,train
0-4340,0,8399,train
0-4341,0,8399,train
0-4342,0,8399,train
0-4343,0,8399,train
0-4344,0,8399,train
0-4345,0,8399,train
0-4346,0,8399,train
0-4347,0,8399,train
0-4348,0,8399,train
0-4349,0,8399,train
0-4350,0,8399,train
0-4351,0,8399,train
0-4352,0,8399,train
0-4353,0,8399,train
0-4354,0,8399,train
0-4355,0,8399,train
0-4356,0,8399,train
0-4357,0,8399,train
0-4358,0,8399,train
0-4359,0,8399,train
0-4360,0,8399,train
0-4361,0,8399,train
0-4362,0,8399,train
0-4363,0,8399,train
0-4364,0,8399,train
0-4365,0,8399,train
0-4366,0,8399,train
0-4367,0,8399,train
0-4368,0,8399,train
0-4369,0,8399,train
0-4370,0,8399,train
0-4371,0,8399,train
0-4372,0,8399,train
0-4373,0,8399,train
0-4374,0,8399,train
0-4375,0,8399,train
0-4376,0,8399,train
0-4377,0,8399,train
0-4378,0,8399,train
0-4379,0,8399,train
0-4380,0,8399,train
0-4381,0,8399,train
0-4382,0,8399,train
0-4383,0,8399,train
0-4384,0,8399,train
0-4385,0,8399,train
0-4386,0,8399,train
0-4387,0,8399,train
0-4388,0,8399,train
0-4389,0,8399,train
0-4390,0,8399,train
0-4391,0,8399,train
0-4392,0,8399,train
0-4393,0,8399,train
0-4394,0,8399,train
0-4395,0,8399,train
0-4396,0,8399,train
0-4397,0,8399,train
0-4398,0,8399,train
0-4399,0,8399,train
0-4400,0,8399,train
0-4401,0,8399,train
0-4402,0,8399,train
0-4403,0,8399,train
0-4404,0,8399,train
0-4405,0,8399,train
0-4406,0,8399,train
0-4407,0,8399,train
0-4408,0,8399,train
0-4409,0,8399,train
0-4410,0,8399,train
0-4411,0,8399,train
0-4412,0,8399,train
0-4413,0,8399,train
0-4414,0,8399,train
0-4415,0,8399,train
0-4416,0,8399,train
0-4417,0,8399,train
0-4418,0,8399,train
0-4419,0,8399,train
0-4420,0,8399,train
0-4421,0,8399,train
0-4422,0,8399,train
0-4423,0,8399,train
0-4424,0,8399,train
0-4425,0,8399,train
0-4426,0,8399,train
0-4427,0,8399,train
0-4428,0,8399,train
0-4429,0,8399,train
0-4430,0,8399,train
0-4431,0,8399,train
0-4432,0,8399,train
0-4433,0,8399,train
0-4434,0,8399,train
0-4435,0,8399,train
0-4436,0,8399,train
0-4437,0,8399,train
0-4438,0,8399,train
0-4439,0,8399,train
0-4440,0,8399,train
0-4441,0,8399,train
0-4442,0,8399,train
0-4443,0,8399,train
0-4444,0,8399,train
0-4445,0,8399,train
0-4446,0,8399,train
0-4447,0,8399,train
0-4448,0,8399,train
0-4449,0,8399,train
0-4450,0,8399,train
0-4451,0,8399,train
0-4452,0,8399,train
0-4453,0,8399,train
0-4454,0,8399,train
0-4455,0,8399,train
0-4456,0,8399,train
0-4457,0,8399,train
0-4458,0,8399,train
0-4459,0,8399,train
0-4460,0,8399,train
0-4461,0,8399,train
0-4462,0,8399,train
0-4463,0,8399,train
0-4464,0,8399,train
0-4465,0,8399,train
0-4466,0,8399,train
0-4467,0,8399,train
0-4468,0,8399,train
0-4469,0,8399,train
0-4470,0,8399,train
0-4471,0,8399,train
0-4472,0,8399,train
0-4473,0,8399,train
0-4474,0,8399,train
0-4475,0,8399,train
0-4476,0,8399,train
0-4477,0,8399,train
0-4478,0,8399,train
0-4479,0,8399,train
0-4480,0,8399,train
0-4481,0,8399,train
0-4482,0,8399,train
0-4483,0,8399,train
0-4484,0,8399,train
0-4485,0,8399,train
0-4486,0,8399,train
0-4487,0,8399,train
0-4488,0,8399,train
0-4489,0,8399,train
0-4490,0,8399,train
0-4491,0,8399,train
0-4492,0,8399,train
0-4493,0,8399,train
0-4494,0,8399,train
0-4495,0,8399,train
0-4496,0,8399,train
0-4497,0,8399,train
0-4498,0,8399,train
0-4499,0,8399,train
0-4500,0,8399,train
0-4501,0,8399,train
0-4502,0,8399,train
0-4503,0,8399,train
0-4504,0,8399,train
0-4505,0,8399,train
0-4506,0,8399,train
0-4507,0,8399,train
0-4508,0,8399,train
0-4509,0,8399,train
0-4510,0,8399,train
0-4511,0,8399,train
0-4512,0,8399,train
0-4513,0,8399,train
0-4514,0,8399,train
0-4515,0,8399,train
0-4516,0,8399,train
0-4517,0,8399,train
0-4518,0,8399,train
0-4519,0,8399,train
0-4520,0,8399,train
0-4521,0,8399,train
0-4522,0,8399,train
0-4523,0,8399,train
0-4524,0,8399,train
0-4525,0,8399,train
0-4526,0,8399,train
0-4527,0,8399,train
0-4528,0,8399,train
0-4529,0,8399,train
0-4530,0,8399,train
0-4531,0,8399,train
0-4532,0,8399,train
0-4533,0,8399,train
0-4534,0,8399,train
0-4535,0,8399,train
0-4536,0,8399,train
0-4537,0,8399,train
0-4538,0,8399,train
0-4539,0,8399,train
0-4540,0,8399,train
0-4541,0,8399,train
0-4542,0,8399,train
0-4543,0,8399,train
0-4544,0,8399,train
0-4545,0,8399,train
0-4546,0,8399,train
0-4547,0,8399,train
0-4548,0,8399,train
0-4549,0,8399,train
0-4550,0,8399,train
0-4551,0,8399,train
0-4552,0,8399,train
0-4553,0,8399,train
0-4554,0,8399,train
0-4555,0,8399,train
0-4556,0,8399,train
0-4557,0,8399,train
0-4558,0,8399,train
0-4559,0,8399,train
0-4560,0,8399,train
0-4561,0,8399,train
0-4562,0,8399,train
0-4563,0,8399,train
0-4564,0,8399,train
0-4565,0,8399,train
0-4566,0,8399,train
0-4567,0,8399,train
0-4568,0,8399,train
0-4569,0,8399,train
0-4570,0,8399,train
0-4571,0,8399,train
0-4572,0,8399,train
0-4573,0,8399,train
0-4574,0,8399,train
0-4575,0,8399,train
0-4576,0,8399,train
0-4577,0,8399,train
0-4578,0,8399,train
0-4579,0,8399,train
0-4580,0,8399,train
0-4581,0,8399,train
0-4582,0,8399,train
0-4583,0,8399,train
0-4584,0,8399,train
0-4585,0,8399,train
0-4586,0,8399,train
0-4587,0,8399,train
0-4588,0,8399,train
0-4589,0,8399,train
0-4590,0,8399,train
0-4591,0,8399,train
0-4592,0,8399,train
0-4593,0,8399,train
0-4594,0,8399,train
0-4595,0,8399,train
0-4596,0,8399,train
0-4597,0,8399,train
0-4598,0,8399,train
0-4599,0,8399,train
0-4600,0,8399,train
0-4601,0,8399,train
0-4602,0,8399,train
0-4603,0,8399,train
0-4604,0,8399,train
0-4605,0,8399,train
0-4606,0,8399,train
0-4607,0,8399,train
0-4608,0,8399,train
0-4609,0,8399,train
0-4610,0,8399,train
0-4611,0,8399,train
0-4612,0,8399,train
0-4613,0,8399,train
0-4614,0,8399,train
0-4615,0,8399,train
0-4616,0,8399,train
0-4617,0,8399,train
0-4618,0,8399,train
0-4619,0,8399,train
0-4620,0,8399,train
0-4621,0,8399,train
0-4622,0,8399,train
0-4623,0,8399,train
0-4624,0,8399,train
0-4625,0,8399,train
0-4626,0,8399,train
0-4627,0,8399,train
0-4628,0,8399,train
0-4629,0,8399,train
0-4630,0,8399,train
0-4631,0,8399,train
0-4632,0,8399,train
0-4633,0,8399,train
0-4634,0,8399,train
0-4635,0,8399,train
0-4636,0,8399,train
0-4637,0,8399,train
0-4638,0,8399,train
0-4639,0,8399,train
0-4640,0,8399,train
0-4641,0,8399,train
0-4642,0,8399,train
0-4643,0,8399,train
0-4644,0,8399,train
0-4645,0,8399,train
0-4646,0,8399,train
0-4647,0,8399,train
0-4648,0,8399,train
0-4649,0,8399,train
0-4650,0,8399,train
0-4651,0,8399,train
0-4652,0,8399,train
0-4653,0,8399,train
0-4654,0,8399,train
0-4655,0,8399,train
0-4656,0,8399,train
0-4657,0,8399,train
0-4658,0,8399,train
0-4659,0,8399,train
0-4660,0,8399,train
0-4661,0,8399,train
0-4662,0,8399,train
0-4663,0,8399,train
0-4664,0,8399,train
0-4665,0,8399,train
0-4666,0,8399,train
0-4667,0,8399,train
0-4668,0,8399,train
0-4669,0,8399,train
0-4670,0,8399,train
0-4671,0,8399,train
0-4672,0,8399,train
0-4673,0,8399,train
0-4674,0,8399,train
0-4675,0,8399,train
0-4676,0,8399,train
0-4677,0,8399,train
0-4678,0,8399,train
0-4679,0,8399,train
0-4680,0,8399,train
0-4681,0,8399,train
0-4682,0,8399,train
0-4683,0,8399,train
0-4684,0,8399,train
0-4685,0,8399,train
0-4686,0,8399,train
0-4687,0,8399,train
0-4688,0,8399,train
0-4689,0,8399,train
0-4690,0,8399,train
0-4691,0,8399,train
0-4692,0,8399,train
0-4693,0,8399,train
0-4694,0,8399,train
0-4695,0,8399,train
0-4696,0,8399,train
0-4697,0,8399,train
0-4698,0,8399,train
0-4699,0,8399,train
0-4700,0,8399,train
0-4701,0,8399,train
0-4702,0,8399,train
0-4703,0,8399,train
0-4704,0,8399,train
0-4705,0,8399,train
0-4706,0,8399,train
0-4707,0,8399,train
0-4708,0,8399,train
0-4709,0,8399,train
0-4710,0,8399,train
0-4711,0,8399,train
0-4712,0,8399,train
0-4713,0,8399,train
0-4714,0,8399,train
0-4715,0,8399,train
0-4716,0,8399,train
0-4717,0,8399,train
0-4718,0,8399,train
0-4719,0,8399,train
0-4720,0,8399,train
0-4721,0,8399,train
0-4722,0,8399,train
0-4723,0,8399,train
0-4724,0,8399,train
0-4725,0,8399,train
0-4726,0,8399,train
0-4727,0,8399,train
0-4728,0,8399,train
0-4729,0,8399,train
0-4730,0,8399,train
0-4731,0,8399,train
0-4732,0,8399,train
0-4733,0,8399,train
0-4734,0,8399,train
0-4735,0,8399,train
0-4736,0,8399,train
0-4737,0,8399,train
0-4738,0,8399,train
0-4739,0,8399,train
0-4740,0,8399,train
0-4741,0,8399,train
0-4742,0,8399,train
0-4743,0,8399,train
0-4744,0,8399,train
0-4745,0,8399,train
0-4746,0,8399,train
0-4747,0,8399,train
0-4748,0,8399,train
0-4749,0,8399,train
0-4750,0,8399,train
0-4751,0,8399,train
0-4752,0,8399,train
0-4753,0,8399,train
0-4754,0,8399,train
0-4755,0,8399,train
0-4756,0,8399,train
0-4757,0,8399,train
0-4758,0,8399,train
0-4759,0,8399,train
0-4760,0,8399,train
0-4761,0,8399,train
0-4762,0,8399,train
0-4763,0,8399,train
0-4764,0,8399,train
0-4765,0,8399,train
0-4766,0,8399,train
0-4767,0,8399,train
0-4768,0,8399,train
0-4769,0,8399,train
0-4770,0,8399,train
0-4771,0,8399,train
0-4772,0,8399,train
0-4773,0,8399,train
0-4774,0,8399,train
0-4775,0,8399,train
0-4776,0,8399,train
0-4777,0,8399,train
0-4778,0,8399,train
0-4779,0,8399,train
0-4780,0,8399,train
0-4781,0,8399,train
0-4782,0,8399,train
0-4783,0,8399,train
0-4784,0,8399,train
0-4785,0,8399,train
0-4786,0,8399,train
0-4787,0,8399,train
0-4788,0,8399,train
0-4789,0,8399,train
0-4790,0,8399,train
0-4791,0,8399,train
0-4792,0,8399,train
0-4793,0,8399,train
0-4794,0,8399,train
0-4795,0,8399,train
0-4796,0,8399,train
0-4797,0,8399,train
0-4798,0,8399,train
0-4799,0,8399,train
0-4800,0,8399,train
0-4801,0,8399,train
0-4802,0,8399,train
0-4803,0,8399,train
0-4804,0,8399,train
0-4805,0,8399,train
0-4806,0,8399,train
0-4807,0,8399,train
0-4808,0,8399,train
0-4809,0,8399,train
0-4810,0,8399,train
0-4811,0,8399,train
0-4812,0,8399,train
0-4813,0,8399,train
0-4814,0,8399,train
0-4815,0,8399,train
0-4816,0,8399,train
0-4817,0,8399,train
0-4818,0,8399,train
0-4819,0,8399,train
0-4820,0,8399,train
0-4821,0,8399,train
0-4822,0,8399,train
0-4823,0,8399,train
0-4824,0,8399,train
0-4825,0,8399,train
0-4826,0,8399,train
0-4827,0,8399,train
0-4828,0,8399,train
0-4829,0,8399,train
0-4830,0,8399,train
0-4831,0,8399,train
0-4832,0,8399,train
0-4833,0,8399,train
0-4834,0,8399,train
0-4835,0,8399,train
0-4836,0,8399,train
0-4837,0,8399,train
0-4838,0,8399,train
0-4839,0,8399,train
0-4840,0,8399,train
0-4841,0,8399,train
0-4842,0,8399,train
0-4843,0,8399,train
0-4844,0,8399,train
0-4845,0,8399,train
0-4846,0,8399,train
0-4847,0,8399,train
0-4848,0,8399,train
0-4849,0,8399,train
0-4850,0,8399,train
0-4851,0,8399,train
0-4852,0,8399,train
0-4853,0,8399,train
0-4854,0,8399,train
0-4855,0,8399,train
0-4856,0,8399,train
0-4857,0,8399,train
0-4858,0,8399,train
0-4859,0,8399,train
0-4860,0,8399,train
0-4861,0,8399,train
0-4862,0,8399,train
0-4863,0,8399,train
0-4864,0,8399,train
0-4865,0,8399,train
0-4866,0,8399,train
0-4867,0,8399,train
0-4868,0,8399,train
0-4869,0,8399,train
0-4870,0,8399,train
0-4871,0,8399,train
0-4872,0,8399,train
0-4873,0,8399,train
0-4874,0,8399,train
0-4875,0,8399,train
0-4876,0,8399,train
0-4877,0,8399,train
0-4878,0,8399,train
0-4879,0,8399,train
0-4880,0,8399,train
0-4881,0,8399,train
0-4882,0,8399,train
0-4883,0,8399,train
0-4884,0,8399,train
0-4885,0,8399,train
0-4886,0,8399,train
0-4887,0,8399,train
0-4888,0,8399,train
0-4889,0,8399,train
0-4890,0,8399,train
0-4891,0,8399,train
0-4892,0,8399,train
0-4893,0,8399,train
0-4894,0,8399,train
0-4895,0,8399,train
0-4896,0,8399,train
0-4897,0,8399,train
0-4898,0,8399,train
0-4899,0,8399,train
0-4900,0,8399,train
0-4901,0,8399,train
0-4902,0,8399,train
0-4903,0,8399,train
0-4904,0,8399,train
0-4905,0,8399,train
0-4906,0,8399,train
0-4907,0,8399,train
0-4908,0,8399,train
0-4909,0,8399,train
0-4910,0,8399,train
0-4911,0,8399,train
0-4912,0,8399,train
0-4913,0,8399,train
0-4914,0,8399,train
0-4915,0,8399,train
0-4916,0,8399,train
0-4917,0,8399,train
0-4918,0,8399,train
0-4919,0,8399,train
0-4920,0,8399,train
0-4921,0,8399,train
0-4922,0,8399,train
0-4923,0,8399,train
0-4924,0,8399,train
0-4925,0,8399,train
0-4926,0,8399,train
0-4927,0,8399,train
0-4928,0,8399,train
0-4929,0,8399,train
0-4930,0,8399,train
0-4931,0,8399,train
0-4932,0,8399,train
0-4933,0,8399,train
0-4934,0,8399,train
0-4935,0,8399,train
0-4936,0,8399,train
0-4937,0,8399,train
0-4938,0,8399,train
0-4939,0,8399,train
0-4940,0,8399,train
0-4941,0,8399,train
0-4942,0,8399,train
0-4943,0,8399,train
0-4944,0,8399,train
0-4945,0,8399,train
0-4946,0,8399,train
0-4947,0,8399,train
0-4948,0,8399,train
0-4949,0,8399,train
0-4950,0,8399,train
0-4951,0,8399,train
0-4952,0,8399,train
0-4953,0,8399,train
0-4954,0,8399,train
0-4955,0,8399,train
0-4956,0,8399,train
0-4957,0,8399,train
0-4958,0,8399,train
0-4959,0,8399,train
0-4960,0,8399,train
0-4961,0,8399,train
0-4962,0,8399,train
0-4963,0,8399,train
0-4964,0,8399,train
0-4965,0,8399,train
0-4966,0,8399,train
0-4967,0,8399,train
0-4968,0,8399,train
0-4969,0,8399,train
0-4970,0,8399,train
0-4971,0,8399,train
0-4972,0,8399,train
0-4973,0,8399,train
0-4974,0,8399,train
0-4975,0,8399,train
0-4976,0,8399,train
0-4977,0,8399,train
0-4978,0,8399,train
0-4979,0,8399,train
0-4980,0,8399,train
0-4981,0,8399,train
0-4982,0,8399,train
0-4983,0,8399,train
0-4984,0,8399,train
0-4985,0,8399,train
0-4986,0,8399,train
0-4987,0,8399,train
0-4988,0,8399,train
0-4989,0,8399,train
0-4990,0,8399,train
0-4991,0,8399,train
0-4992,0,8399,train
0-4993,0,8399,train
0-4994,0,8399,train
0-4995,0,8399,train
0-4996,0,8399,train
0-4997,0,8399,train
0-4998,0,8399,train
0-4999,0,8399,train
0-5000,0,8399,train
0-5001,0,8399,train
0-5002,0,8399,train
0-5003,0,8399,train
0-5004,0,8399,train
0-5005,0,8399,train
0-5006,0,8399,train
0-5007,0,8399,train
0-5008,0,8399,train
0-5009,0,8399,train
0-5010,0,8399,train
0-5011,0,8399,train
0-5012,0,8399,train
0-5013,0,8399,train
0-5014,0,8399,train
0-5015,0,8399,train
0-5016,0,8399,train
0-5017,0,8399,train
0-5018,0,8399,train
0-5019,0,8399,train
0-5020,0,8399,train
0-5021,0,8399,train
0-5022,0,8399,train
0-5023,0,8399,train
0-5024,0,8399,train
0-5025,0,8399,train
0-5026,0,8399,train
0-5027,0,8399,train
0-5028,0,8399,train
0-5029,0,8399,train
0-5030,0,8399,train
0-5031,0,8399,train
0-5032,0,8399,train
0-5033,0,8399,train
0-5034,0,8399,train
0-5035,0,8399,train
0-5036,0,8399,train
0-5037,0,8399,train
0-5038,0,8399,train
0-5039,0,8399,train
0-5040,0,8399,train
0-5041,0,8399,train
0-5042,0,8399,train
0-5043,0,8399,train
0-5044,0,8399,train
0-5045,0,8399,train
0-5046,0,8399,train
0-5047,0,8399,train
0-5048,0,8399,train
0-5049,0,8399,train
0-5050,0,8399,train
0-5051,0,8399,train
0-5052,0,8399,train
0-5053,0,8399,train
0-5054,0,8399,train
0-5055,0,8399,train
0-5056,0,8399,train
0-5057,0,8399,train
0-5058,0,8399,train
0-5059,0,8399,train
0-5060,0,8399,train
0-5061,0,8399,train
0-5062,0,8399,train
0-5063,0,8399,train
0-5064,0,8399,train
0-5065,0,8399,train
0-5066,0,8399,train
0-5067,0,8399,train
0-5068,0,8399,train
0-5069,0,8399,train
0-5070,0,8399,train
0-5071,0,8399,train
0-5072,0,8399,train
0-5073,0,8399,train
0-5074,0,8399,train
0-5075,0,8399,train
0-5076,0,8399,train
0-5077,0,8399,train
0-5078,0,8399,train
0-5079,0,8399,train
0-5080,0,8399,train
0-5081,0,8399,train
0-5082,0,8399,train
0-5083,0,8399,train
0-5084,0,8399,train
0-5085,0,8399,train
0-5086,0,8399,train
0-5087,0,8399,train
0-5088,0,8399,train
0-5089,0,8399,train
0-5090,0,8399,train
0-5091,0,8399,train
0-5092,0,8399,train
0-5093,0,8399,train
0-5094,0,8399,train
0-5095,0,8399,train
0-5096,0,8399,train
0-5097,0,8399,train
0-5098,0,8399,train
0-5099,0,8399,train
0-5100,0,8399,train
0-5101,0,8399,train
0-5102,0,8399,train
0-5103,0,8399,train
0-5104,0,8399,train
0-5105,0,8399,train
0-5106,0,8399,train
0-5107,0,8399,train
0-5108,0,8399,train
0-5109,0,8399,train
0-5110,0,8399,train
0-5111,0,8399,train
0-5112,0,8399,train
0-5113,0,8399,train
0-5114,0,8399,train
0-5115,0,8399,train
0-5116,0,8399,train
0-5117,0,8399,train
0-5118,0,8399,train
0-5119,0,8399,train
0-5120,0,8399,train
0-5121,0,8399,train
0-5122,0,8399,train
0-5123,0,8399,train
0-5124,0,8399,train
0-5125,0,8399,train
0-5126,0,8399,train
0-5127,0,8399,train
0-5128,0,8399,train
0-5129,0,8399,train
0-5130,0,8399,train
0-5131,0,8399,train
0-5132,0,8399,train
0-5133,0,8399,train
0-5134,0,8399,train
0-5135,0,8399,train
0-5136,0,8399,train
0-5137,0,8399,train
0-5138,0,8399,train
0-5139,0,8399,train
0-5140,0,8399,train
0-5141,0,8399,train
0-5142,0,8399,train
0-5143,0,8399,train
0-5144,0,8399,train
0-5145,0,8399,train
0-5146,0,8399,train
0-5147,0,8399,train
0-5148,0,8399,train
0-5149,0,8399,train
0-5150,0,8399,train
0-5151,0,8399,train
0-5152,0,8399,train
0-5153,0,8399,train
0-5154,0,8399,train
0-5155,0,8399,train
0-5156,0,8399,train
0-5157,0,8399,train
0-5158,0,8399,train
0-5159,0,8399,train
0-5160,0,8399,train
0-5702,0,45015,train
0-5703,0,45015,train
0-5704,0,45015,train
0-5705,0,45015,train
0-5706,0,45015,train
0-5707,0,45015,train
0-5708,0,45015,train
0-5709,0,45015,train
0-5710,0,45015,train
0-5711,0,45015,train
0-5712,0,45015,train
0-5713,0,45015,train
0-5714,0,45015,train
0-5715,0,45015,train
0-5716,0,45015,train
0-5717,0,45015,train
0-5718,0,45015,train
0-5719,0,45015,train
0-5720,0,45015,train
0-5721,0,45015,train
0-5722,0,45015,train
0-5723,0,45015,train
0-5724,0,45015,train
0-5725,0,45015,train
0-5726,0,45015,train
0-5727,0,45015,train
0-5728,0,45015,train
0-5729,0,45015,train
0-5730,0,45015,train
0-5731,0,45015,train
0-5732,0,45015,train
0-5733,0,45015,train
0-5734,0,45015,train
0-5735,0,45015,train
0-5736,0,45015,train
0-5737,0,45015,train
0-5738,0,45015,train
0-5739,0,45015,train
0-5740,0,45015,train
0-5741,0,45015,train
0-5742,0,45015,train
0-5743,0,45015,train
0-5744,0,45015,train
0-5745,0,45015,train
0-5746,0,45015,train
0-5747,0,45015,train
0-5748,0,45015,train
0-5749,0,45015,train
0-5750,0,45015,train
0-5751,0,45015,train
0-5752,0,45015,train
0-5753,0,45015,train
0-5754,0,45015,train
0-5755,0,45015,train
0-5756,0,45015,train
0-5757,0,45015,train
0-5758,0,45015,train
0-5759,0,45015,train
0-5760,0,45015,train
0-5761,0,45015,train
0-5762,0,45015,train
0-5763,0,45015,train
0-5764,0,45015,train
0-5765,0,45015,train
0-5766,0,45015,train
0-5767,0,45015,train
0-5768,0,45015,train
0-5769,0,45015,train
0-5770,0,45015,train
0-5771,0,45015,train
0-5772,0,45015,train
0-5773,0,45015,train
0-5774,0,45015,train
0-5775,0,45015,train
0-5776,0,45015,train
0-5777,0,45015,train
0-5778,0,45015,train
0-5779,0,45015,train
0-5780,0,45015,train
0-5781,0,45015,train
0-5782,0,45015,train
0-5783,0,45015,train
0-5784,0,45015,train
0-5785,0,45015,train
0-5786,0,45015,train
0-5787,0,45015,train
0-5788,0,45015,train
0-5789,0,45015,train
0-5790,0,45015,train
0-5791,0,45015,train
0-5792,0,45015,train
0-5793,0,45015,train
0-5794,0,45015,train
0-5795,0,45015,train
0-5796,0,45015,train
0-5797,0,45015,train
0-5798,0,45015,train
0-5799,0,45015,train
0-5800,0,45015,train
0-5801,0,45015,train
0-5802,0,45015,train
0-5803,0,45015,train
0-5804,0,45015,train
0-5805,0,45015,train
0-5806,0,45015,train
0-5807,0,45015,train
0-5808,0,45015,train
0-5809,0,45015,train
0-5810,0,45015,train
0-5811,0,45015,train
0-5812,0,45015,train
0-5813,0,45015,train
0-5814,0,45015,train
0-5815,0,45015,train
0-5816,0,45015,train
0-5817,0,45015,train
0-5818,0,45015,train
0-5819,0,45015,train
0-5820,0,45015,train
0-5821,0,45015,train
0-5822,0,45015,train
0-5823,0,45015,train
0-5824,0,45015,train
0-5825,0,45015,train
0-5826,0,45015,train
0-5827,0,45015,train
0-5828,0,45015,train
0-5829,0,45015,train
0-5830,0,45015,train
0-5831,0,45015,train
0-5832,0,45015,train
0-5833,0,45015,train
0-5834,0,45015,train
0-5835,0,45015,train
0-5836,0,45015,train
0-5837,0,45015,train
0-5838,0,45015,train
0-5839,0,45015,train
0-5840,0,45015,train
0-5841,0,45015,train
0-5842,0,45015,train
0-5843,0,45015,train
0-5844,0,45015,train
0-5845,0,45015,train
0-5846,0,45015,train
0-5847,0,45015,train
0-5848,0,45015,train
0-5849,0,45015,train
0-5850,0,45015,train
0-5851,0,45015,train
0-5852,0,45015,train
0-5853,0,45015,train
0-5854,0,45015,train
0-5855,0,45015,train
0-5856,0,45015,train
0-5857,0,45015,train
0-5858,0,45015,train
0-5859,0,45015,train
0-5860,0,45015,train
0-5861,0,45015,train
0-5862,0,45015,train
0-5863,0,45015,train
0-5864,0,45015,train
0-5865,0,45015,train
0-5866,0,45015,train
0-5867,0,45015,train
0-5868,0,45015,train
0-5869,0,45015,train
0-5870,0,45015,train
0-5871,0,45015,train
0-5872,0,45015,train
0-5873,0,45015,train
0-5874,0,45015,train
0-5875,0,45015,train
0-5876,0,45015,train
0-5877,0,45015,train
0-5878,0,45015,train
0-5879,0,45015,train
0-5880,0,45015,train
0-5881,0,45015,train
0-5882,0,45015,train
0-5883,0,45015,train
0-5884,0,45015,train
0-5885,0,45015,train
0-5886,0,45015,train
0-5887,0,45015,train
0-5888,0,45015,train
0-5889,0,45015,train
0-5890,0,45015,train
0-5891,0,45015,train
0-5892,0,45015,train
0-5893,0,45015,train
0-5894,0,45015,train
0-5895,0,45015,train
0-5896,0,45015,train
0-5897,0,45015,train
0-5898,0,45015,train
0-5899,0,45015,train
0-5900,0,45015,train
0-5901,0,45015,train
0-5902,0,45015,train
0-5903,0,45015,train
0-5904,0,45015,train
0-5905,0,45015,train
0-5906,0,45015,train
0-5907,0,45015,train
0-5908,0,45015,train
0-5909,0,45015,train
0-5910,0,45015,train
0-5911,0,45015,train
0-5912,0,45015,train
0-5913,0,45015,train
0-5914,0,45015,train
0-5915,0,45015,train
0-5916,0,45015,train
0-5917,0,45015,train
0-5918,0,45015,train
0-5919,0,45015,train
0-5920,0,45015,train
0-5921,0,45015,train
0-5922,0,45015,train
0-5923,0,45015,train
0-5924,0,45015,train
0-5925,0,45015,train
0-5926,0,45015,train
0-5927,0,45015,train
0-5928,0,45015,train
0-5929,0,45015,train
0-5930,0,45015,train
0-5931,0,45015,train
0-5932,0,45015,train
0-5933,0,45015,train
0-5934,0,45015,train
0-5935,0,45015,train
0-5936,0,45015,train
0-5937,0,45015,train
0-5938,0,45015,train
0-5939,0,45015,train
0-5940,0,45015,train
0-5941,0,45015,train
0-5942,0,45015,train
0-5943,0,45015,train
0-5944,0,45015,train
0-5945,0,45015,train
0-5946,0,45015,train
0-5947,0,45015,train
0-5948,0,45015,train
0-5949,0,45015,train
0-5950,0,45015,train
0-5951,0,45015,train
0-5952,0,45015,train
0-5953,0,45015,train
0-5954,0,45015,train
0-5955,0,45015,train
0-5956,0,45015,train
0-5957,0,45015,train
0-5958,0,45015,train
0-5959,0,45015,train
0-5960,0,45015,train
0-5961,0,45015,train
0-5962,0,45015,train
0-5963,0,45015,train
0-5964,0,45015,train
0-5965,0,45015,train
0-5966,0,45015,train
0-5967,0,45015,train
0-5968,0,45015,train
0-5969,0,45015,train
0-5970,0,45015,train
0-5971,0,45015,train
0-5972,0,45015,train
0-5973,0,45015,train
0-5974,0,45015,train
0-5975,0,45015,train
0-5976,0,45015,train
0-5977,0,45015,train
0-5978,0,45015,train
0-5979,0,45015,train
0-5980,0,45015,train
0-5981,0,45015,train
0-5982,0,45015,train
0-5983,0,45015,train
0-5984,0,45015,train
0-5985,0,45015,train
0-5986,0,45015,train
0-5987,0,45015,train
0-5988,0,45015,train
0-5989,0,45015,train
0-5990,0,45015,train
0-5991,0,45015,train
0-5992,0,45015,train
0-5993,0,45015,train
0-5994,0,45015,train
0-5995,0,45015,train
0-5996,0,45015,train
0-5997,0,45015,train
0-5998,0,45015,train
0-5999,0,45015,train
0-6000,0,45015,train
0-6001,0,45015,train
0-6002,0,45015,train
0-6003,0,45015,train
0-6004,0,45015,train
0-6005,0,45015,train
0-6006,0,45015,train
0-6007,0,45015,train
0-6008,0,45015,train
0-6009,0,45015,train
0-6010,0,45015,train
0-6011,0,45015,train
0-6012,0,45015,train
0-6013,0,45015,train
0-6014,0,45015,train
0-6015,0,45015,train
0-6016,0,45015,train
0-6017,0,45015,train
0-6018,0,45015,train
0-6019,0,45015,train
0-6020,0,45015,train
0-6021,0,45015,train
0-6022,0,45015,train
0-6023,0,45015,train
0-6024,0,45015,train
0-6025,0,45015,train
0-6026,0,45015,train
0-6027,0,45015,train
0-6028,0,45015,train
0-6029,0,45015,train
0-6030,0,45015,train
0-6031,0,45015,train
0-6032,0,45015,train
0-6033,0,45015,train
0-6034,0,45015,train
0-6035,0,45015,train
0-6036,0,45015,train
0-6037,0,45015,train
0-6038,0,45015,train
0-6039,0,45015,train
0-6040,0,45015,train
0-6041,0,45015,train
0-6042,0,45015,train
0-6043,0,45015,train
0-6044,0,45015,train
0-6045,0,45015,train
0-6046,0,45015,train
0-6047,0,45015,train
0-6048,0,45015,train
0-6049,0,45015,train
0-6050,0,45015,train
0-6051,0,45015,train
0-6052,0,45015,train
0-6053,0,45015,train
0-6054,0,45015,train
0-6055,0,45015,train
0-6056,0,45015,train
0-6057,0,45015,train
0-6058,0,45015,train
0-6059,0,45015,train
0-6060,0,45015,train
0-6061,0,45015,train
0-6062,0,45015,train
0-6063,0,45015,train
0-6064,0,45015,train
0-6065,0,45015,train
0-6066,0,45015,train
0-6067,0,45015,train
0-6068,0,45015,train
0-6069,0,45015,train
0-6070,0,45015,train
0-6071,0,45015,train
0-6072,0,45015,train
0-6073,0,45015,train
0-6074,0,45015,train
0-6075,0,45015,train
0-6076,0,45015,train
0-6077,0,45015,train
0-6078,0,45015,train
0-6079,0,45015,train
0-6080,0,45015,train
0-6081,0,45015,train
0-6082,0,45015,train
0-6083,0,45015,train
0-6084,0,45015,train
0-6085,0,45015,train
0-6086,0,45015,train
0-6087,0,45015,train
0-6088,0,45015,train
0-6089,0,45015,train
0-6090,0,45015,train
0-6091,0,45015,train
0-6092,0,45015,train
0-6093,0,45015,train
0-6094,0,45015,train
0-6095,0,45015,train
0-6096,0,45015,train
0-6097,0,45015,train
0-6098,0,45015,train
0-6099,0,45015,train
0-6100,0,45015,train
0-6101,0,45015,train
0-6102,0,45015,train
0-6103,0,45015,train
0-6104,0,45015,train
0-6105,0,45015,train
0-6106,0,45015,train
0-6107,0,45015,train
0-6108,0,45015,train
0-6109,0,45015,train
0-6110,0,45015,train
0-6111,0,45015,train
0-6112,0,45015,train
0-6113,0,45015,train
0-6114,0,45015,train
0-6115,0,45015,train
0-6116,0,45015,train
0-6117,0,45015,train
0-6118,0,45015,train
0-6119,0,45015,train
0-6120,0,45015,train
0-6121,0,45015,train
0-6122,0,45015,train
0-6123,0,45015,train
0-6124,0,45015,train
0-6125,0,45015,train
0-6126,0,45015,train
0-6127,0,45015,train
0-6128,0,45015,train
0-6129,0,45015,train
0-6130,0,45015,train
0-6131,0,45015,train
0-6132,0,45015,train
0-6133,0,45015,train
0-6134,0,45015,train
0-6135,0,45015,train
0-6136,0,45015,train
0-6137,0,45015,train
0-6138,0,45015,train
0-6139,0,45015,train
0-6140,0,45015,train
0-6141,0,45015,train
0-6142,0,45015,train
0-6143,0,45015,train
0-6144,0,45015,train
0-6145,0,45015,train
0-6146,0,45015,train
0-6147,0,45015,train
0-6148,0,45015,train
0-6149,0,45015,train
0-6150,0,45015,train
0-6151,0,45015,train
0-6152,0,45015,train
0-6153,0,45015,train
0-6154,0,45015,train
0-6155,0,45015,train
0-6156,0,45015,train
0-6157,0,45015,train
0-6158,0,45015,train
0-6159,0,45015,train
0-6160,0,45015,train
0-6161,0,45015,train
0-6162,0,45015,train
0-6163,0,45015,train
0-6164,0,45015,train
0-6165,0,45015,train
0-6166,0,45015,train
0-6167,0,45015,train
0-6168,0,45015,train
0-6169,0,45015,train
0-6170,0,45015,train
0-6171,0,45015,train
0-6172,0,45015,train
0-6173,0,45015,train
0-6174,0,45015,train
0-6175,0,45015,train
0-6176,0,45015,train
0-6177,0,45015,train
0-6178,0,45015,train
0-6179,0,45015,train
0-6180,0,45015,train
0-6181,0,45015,train
0-6182,0,45015,train
0-6183,0,45015,train
0-6184,0,45015,train
0-6185,0,45015,train
0-6186,0,45015,train
0-6187,0,45015,train
0-6188,0,45015,train
0-6189,0,45015,train
0-6190,0,45015,train
0-6191,0,45015,train
0-6192,0,45015,train
0-6193,0,45015,train
0-6194,0,45015,train
0-6195,0,45015,train
0-6196,0,45015,train
0-6197,0,45015,train
0-6198,0,45015,train
0-6199,0,45015,train
0-6200,0,45015,train
0-6201,0,45015,train
0-6202,0,45015,train
0-6203,0,45015,train
0-6204,0,45015,train
0-6205,0,45015,train
0-6206,0,45015,train
0-6207,0,45015,train
0-6208,0,45015,train
0-6209,0,45015,train
0-6210,0,45015,train
0-6211,0,45015,train
0-6212,0,45015,train
0-6213,0,45015,train
0-6214,0,45015,train
0-6215,0,45015,train
0-6216,0,45015,train
0-6217,0,45015,train
0-6218,0,45015,train
0-6219,0,45015,train
0-6220,0,45015,train
0-6221,0,45015,train
0-6222,0,45015,train
0-6223,0,45015,train
0-6224,0,45015,train
0-6225,0,45015,train
0-6226,0,45015,train
0-6227,0,45015,train
0-6228,0,45015,train
0-6229,0,45015,train
0-6230,0,45015,train
0-6231,0,45015,train
0-6232,0,45015,train
0-6233,0,45015,train
0-6234,0,45015,train
0-6235,0,45015,train
0-6236,0,45015,train
0-6237,0,45015,train
0-6238,0,45015,train
0-6239,0,45015,train
0-6240,0,45015,train
0-6241,0,45015,train
0-6242,0,45015,train
0-6243,0,45015,train
0-6244,0,45015,train
0-6245,0,45015,train
0-6246,0,45015,train
0-6247,0,45015,train
0-6248,0,45015,train
0-6249,0,45015,train
0-6250,0,45015,train
0-6251,0,45015,train
0-6252,0,45015,train
0-6253,0,45015,train
0-6254,0,45015,train
0-6255,0,45015,train
0-6256,0,45015,train
0-6257,0,45015,train
0-6258,0,45015,train
0-6259,0,45015,train
0-6260,0,45015,train
0-6261,0,45015,train
0-6262,0,45015,train
0-6263,0,45015,train
0-6264,0,45015,train
0-6265,0,45015,train
0-6266,0,45015,train
0-6267,0,45015,train
0-6268,0,45015,train
0-6269,0,45015,train
0-6270,0,45015,train
0-6271,0,45015,train
0-6272,0,45015,train
0-6273,0,45015,train
0-6274,0,45015,train
0-6275,0,45015,train
0-6276,0,45015,train
0-6277,0,45015,train
0-6278,0,45015,train
0-6279,0,45015,train
0-6280,0,45015,train
0-6281,0,45015,train
0-6282,0,45015,train
0-6283,0,45015,train
0-6284,0,45015,train
0-6285,0,45015,train
0-6286,0,45015,train
0-6287,0,45015,train
0-6288,0,45015,train
0-6289,0,45015,train
0-6290,0,45015,train
0-6291,0,45015,train
0-6292,0,45015,train
0-6293,0,45015,train
0-6294,0,45015,train
0-6295,0,45015,train
0-6296,0,45015,train
0-6297,0,45015,train
0-6298,0,45015,train
0-6299,0,45015,train
0-6300,0,45015,train
0-6301,0,45015,train
0-6302,0,45015,train
0-6303,0,45015,train
0-6304,0,45015,train
0-6305,0,45015,train
0-6306,0,45015,train
0-6307,0,45015,train
0-6308,0,45015,train
0-6309,0,45015,train
0-6310,0,45015,train
0-6311,0,45015,train
0-6312,0,45015,train
0-6313,0,45015,train
0-6314,0,45015,train
0-6315,0,45015,train
0-6316,0,45015,train
0-6317,0,45015,train
0-6318,0,45015,train
0-7654,0,35305,train
0-7655,0,35305,train
0-7656,0,35305,train
0-7657,0,35305,train
0-7658,0,35305,train
0-7659,0,35305,train
0-7660,0,35305,train
0-7661,0,35305,train
0-7662,0,35305,train
0-7663,0,35305,train
0-7664,0,35305,train
0-7665,0,35305,train
0-7666,0,35305,train
0-7667,0,35305,train
0-7668,0,35305,train
0-7669,0,35305,train
0-7670,0,35305,train
0-7671,0,35305,train
0-7672,0,35305,train
0-7673,0,35305,train
0-7674,0,35305,train
0-7675,0,35305,train
0-7676,0,35305,train
0-7677,0,35305,train
0-7678,0,35305,train
0-7679,0,35305,train
0-7680,0,35305,train
0-7681,0,35305,train
0-7682,0,35305,train
0-7683,0,35305,train
0-7684,0,35305,train
0-7685,0,35305,train
0-7686,0,35305,train
0-7687,0,35305,train
0-7688,0,35305,train
0-7689,0,35305,train
0-7690,0,35305,train
0-7691,0,35305,train
0-7692,0,35305,train
0-7693,0,35305,train
0-7694,0,35305,train
0-7695,0,35305,train
0-7696,0,35305,train
0-7697,0,35305,train
0-7698,0,35305,train
0-7699,0,35305,train
0-7700,0,35305,train
0-7701,0,35305,train
0-7702,0,35305,train
0-7703,0,35305,train
0-7704,0,35305,train
0-7705,0,35305,train
0-7706,0,35305,train
0-7707,0,35305,train
0-7708,0,35305,train
0-7709,0,35305,train
0-7710,0,35305,train
0-7711,0,35305,train
0-7712,0,35305,train
0-7713,0,35305,train
0-7714,0,35305,train
0-7715,0,35305,train
0-7716,0,35305,train
0-7717,0,35305,train
0-7718,0,35305,train
0-7719,0,35305,train
0-7720,0,35305,train
0-7721,0,35305,train
0-7722,0,35305,train
0-7723,0,35305,train
0-7724,0,35305,train
0-7725,0,35305,train
0-7726,0,35305,train
0-7727,0,35305,train
0-7728,0,35305,train
0-7729,0,35305,train
0-7730,0,35305,train
0-7731,0,35305,train
0-7732,0,35305,train
0-7733,0,35305,train
0-7734,0,35305,train
0-7735,0,35305,train
0-7736,0,35305,train
0-7737,0,35305,train
0-7738,0,35305,train
0-7739,0,35305,train
0-7740,0,35305,train
0-7741,0,35305,train
0-7742,0,35305,train
0-7743,0,35305,train
0-7744,0,35305,train
0-7745,0,35305,train
0-7746,0,35305,train
0-7747,0,35305,train
0-7748,0,35305,train
0-7749,0,35305,train
0-7750,0,35305,train
0-7751,0,35305,train
0-7752,0,35305,train
0-7753,0,35305,train
0-7754,0,35305,train
0-7755,0,35305,train
0-7756,0,35305,train
0-7757,0,35305,train
0-7758,0,35305,train
0-7759,0,35305,train
0-7760,0,35305,train
0-7761,0,35305,train
0-7762,0,35305,train
0-7763,0,35305,train
0-7764,0,35305,train
0-7765,0,35305,train
0-7766,0,35305,train
0-7767,0,35305,train
0-7768,0,35305,train
0-7769,0,35305,train
0-7770,0,35305,train
0-7771,0,35305,train
0-7772,0,35305,train
0-7773,0,35305,train
0-7774,0,35305,train
0-7775,0,35305,train
0-7776,0,35305,train
0-7777,0,35305,train
0-7778,0,35305,train
0-7779,0,35305,train
0-7780,0,35305,train
0-7781,0,35305,train
0-7782,0,35305,train
0-7783,0,35305,train
0-7784,0,35305,train
0-7785,0,35305,train
0-7786,0,35305,train
0-7787,0,35305,train
0-7788,0,35305,train
0-7789,0,35305,train
0-7790,0,35305,train
0-7791,0,35305,train
0-7792,0,35305,train
0-7793,0,35305,train
0-7794,0,35305,train
0-7795,0,35305,train
0-7796,0,35305,train
0-7797,0,35305,train
0-7798,0,35305,train
0-7799,0,35305,train
0-7800,0,35305,train
0-7801,0,35305,train
0-7802,0,35305,train
0-7803,0,35305,train
0-7804,0,35305,train
0-7805,0,35305,train
0-7806,0,35305,train
0-7807,0,35305,train
0-7808,0,35305,train
0-7809,0,35305,train
0-7810,0,35305,train
0-7811,0,35305,train
0-7812,0,35305,train
0-7813,0,35305,train
0-7814,0,35305,train
0-7815,0,35305,train
0-7816,0,35305,train
0-7817,0,35305,train
0-7818,0,35305,train
0-7819,0,35305,train
0-7820,0,35305,train
0-7821,0,35305,train
0-7822,0,35305,train
0-7823,0,35305,train
0-7824,0,35305,train
0-7825,0,35305,train
0-7826,0,35305,train
0-7827,0,35305,train
0-7828,0,35305,train
0-7829,0,35305,train
0-7830,0,35305,train
0-7831,0,35305,train
0-7832,0,35305,train
0-7833,0,35305,train
0-7834,0,35305,train
0-7835,0,35305,train
0-7836,0,35305,train
0-7837,0,35305,train
0-7838,0,35305,train
0-7839,0,35305,train
0-7840,0,35305,train
0-7841,0,35305,train
0-7842,0,35305,train
0-7843,0,35305,train
0-7844,0,35305,train
0-7845,0,35305,train
0-7846,0,35305,train
0-7847,0,35305,train
0-7848,0,35305,train
0-7849,0,35305,train
0-7850,0,35305,train
0-7851,0,35305,train
0-7852,0,35305,train
0-7853,0,35305,train
0-7854,0,35305,train
0-7855,0,35305,train
0-7856,0,35305,train
0-7857,0,35305,train
0-7858,0,35305,train
0-7859,0,35305,train
0-7860,0,35305,train
0-7861,0,35305,train
0-7862,0,35305,train
0-7863,0,35305,train
0-7864,0,35305,train
0-7865,0,35305,train
0-7866,0,35305,train
0-7867,0,35305,train
0-7868,0,35305,train
0-7869,0,35305,train
0-7870,0,35305,train
0-7871,0,35305,train
0-7872,0,35305,train
0-7873,0,35305,train
0-7874,0,35305,train
0-7875,0,35305,train
0-7876,0,35305,train
0-7877,0,35305,train
0-7878,0,35305,train
0-7879,0,35305,train
0-7880,0,35305,train
0-7881,0,35305,train
0-7882,0,35305,train
0-7883,0,35305,train
0-7884,0,35305,train
0-7885,0,35305,train
0-7886,0,35305,train
0-7887,0,35305,train
0-7888,0,35305,train
0-7889,0,35305,train
0-7890,0,35305,train
0-7891,0,35305,train
0-7892,0,35305,train
0-7893,0,35305,train
0-7894,0,35305,train
0-7895,0,35305,train
0-7896,0,35305,train
0-7897,0,35305,train
0-7898,0,35305,train
0-7899,0,35305,train
0-7900,0,35305,train
0-7901,0,35305,train
0-7902,0,35305,train
0-7903,0,35305,train
0-7904,0,35305,train
0-7905,0,35305,train
0-7906,0,35305,train
0-7907,0,35305,train
0-7908,0,35305,train
0-7909,0,35305,train
0-7910,0,35305,train
0-7911,0,35305,train
0-7912,0,35305,train
0-7913,0,35305,train
0-7914,0,35305,train
0-7915,0,35305,train
0-7916,0,35305,train
0-7917,0,35305,train
0-7918,0,35305,train
0-7919,0,35305,train
0-7920,0,35305,train
0-7921,0,35305,train
0-7922,0,35305,train
0-7923,0,35305,train
0-7924,0,35305,train
0-7925,0,35305,train
0-7926,0,35305,train
0-7927,0,35305,train
0-7928,0,35305,train
0-7929,0,35305,train
0-7930,0,35305,train
0-7931,0,35305,train
0-7932,0,35305,train
0-7933,0,35305,train
0-7934,0,35305,train
0-7935,0,35305,train
0-7936,0,35305,train
0-7937,0,35305,train
0-7938,0,35305,train
0-7939,0,35305,train
0-7940,0,35305,train
0-7941,0,35305,train
0-7942,0,35305,train
0-7943,0,35305,train
0-7944,0,35305,train
0-7945,0,35305,train
0-7946,0,35305,train
0-7947,0,35305,train
0-7948,0,35305,train
0-7949,0,35305,train
0-7950,0,35305,train
0-7951,0,35305,train
0-7952,0,35305,train
0-7953,0,35305,train
0-7954,0,35305,train
0-7955,0,35305,train
0-7956,0,35305,train
0-7957,0,35305,train
0-7958,0,35305,train
0-7959,0,35305,train
0-7960,0,35305,train
0-7961,0,35305,train
0-7962,0,35305,train
0-7963,0,35305,train
0-7964,0,35305,train
0-7965,0,35305,train
0-7966,0,35305,train
0-7967,0,35305,train
0-7968,0,35305,train
0-7969,0,35305,train
0-7970,0,35305,train
0-7971,0,35305,train
0-7972,0,35305,train
0-7973,0,35305,train
0-7974,0,35305,train
0-7975,0,35305,train
0-7976,0,35305,train
0-7977,0,35305,train
0-7978,0,35305,train
0-7979,0,35305,train
0-7980,0,35305,train
0-7981,0,35305,train
0-7982,0,35305,train
0-7983,0,35305,train
0-7984,0,35305,train
0-7985,0,35305,train
0-7986,0,35305,train
0-7987,0,35305,train
0-7988,0,35305,train
0-7989,0,35305,train
0-7990,0,35305,train
0-7991,0,35305,train
0-7992,0,35305,train
0-7993,0,35305,train
0-7994,0,35305,train
0-7995,0,35305,train
0-7996,0,35305,train
0-7997,0,35305,train
0-7998,0,35305,train
0-7999,0,35305,train
0-8000,0,35305,train
0-8001,0,35305,train
0-8002,0,35305,train
0-8003,0,35305,train
0-8004,0,35305,train
0-8005,0,35305,train
0-8006,0,35305,train
0-8007,0,35305,train
0-8008,0,35305,train
0-8009,0,35305,train
0-8010,0,35305,train
0-8011,0,35305,train
0-8012,0,35305,train
0-8013,0,35305,train
0-8014,0,35305,train
0-8015,0,35305,train
0-8016,0,35305,train
0-8017,0,35305,train
0-8018,0,35305,train
0-8019,0,35305,train
0-8020,0,35305,train
0-8021,0,35305,train
0-8022,0,35305,train
0-8023,0,35305,train
0-8024,0,35305,train
0-8025,0,35305,train
0-8026,0,35305,train
0-8027,0,35305,train
0-8028,0,35305,train
0-8029,0,35305,train
0-8030,0,35305,train
0-8031,0,35305,train
0-8032,0,35305,train
0-8033,0,35305,train
0-8034,0,35305,train
0-8035,0,35305,train
0-8036,0,35305,train
0-8037,0,35305,train
0-8038,0,35305,train
0-8039,0,35305,train
0-8040,0,35305,train
0-8041,0,35305,train
0-8042,0,35305,train
0-8043,0,35305,train
0-8044,0,35305,train
0-8045,0,35305,train
0-8046,0,35305,train
0-8047,0,35305,train
0-8048,0,35305,train
0-8049,0,35305,train
0-8050,0,35305,train
0-8051,0,35305,train
0-8052,0,35305,train
0-8053,0,35305,train
0-8054,0,35305,train
0-8055,0,35305,train
0-8056,0,35305,train
0-8057,0,35305,train
0-8058,0,35305,train
0-8059,0,35305,train
0-8060,0,35305,train
0-8061,0,35305,train
0-8062,0,35305,train
0-8063,0,35305,train
0-8064,0,35305,train
0-8065,0,35305,train
0-8066,0,35305,train
0-8067,0,35305,train
0-8068,0,35305,train
0-8069,0,35305,train
0-8070,0,35305,train
0-8071,0,35305,train
0-8072,0,35305,train
0-8073,0,35305,train
0-8074,0,35305,train
0-8075,0,35305,train
0-8076,0,35305,train
0-8077,0,35305,train
0-8078,0,35305,train
0-8079,0,35305,train
0-8080,0,35305,train
0-8081,0,35305,train
0-8082,0,35305,train
0-8083,0,35305,train
0-8084,0,35305,train
0-8085,0,35305,train
0-8086,0,35305,train
0-8087,0,35305,train
0-8088,0,35305,train
0-8089,0,35305,train
0-8090,0,35305,train
0-8091,0,35305,train
0-8092,0,35305,train
0-8093,0,35305,train
0-8094,0,35305,train
0-8095,0,35305,train
0-8096,0,35305,train
0-8097,0,35305,train
0-8098,0,35305,train
0-8099,0,35305,train
0-8100,0,35305,train
0-8101,0,35305,train
0-8102,0,35305,train
0-8103,0,35305,train
0-8104,0,35305,train
0-8105,0,35305,train
0-8106,0,35305,train
0-8107,0,35305,train
0-8108,0,35305,train
0-8109,0,35305,train
0-8110,0,35305,train
0-8111,0,35305,train
0-8112,0,35305,train
0-8113,0,35305,train
0-8114,0,35305,train
0-8115,0,35305,train
0-8116,0,35305,train
0-8117,0,35305,train
0-8118,0,35305,train
0-8119,0,35305,train
0-8120,0,35305,train
0-8121,0,35305,train
0-8122,0,35305,train
0-8123,0,35305,train
0-8124,0,35305,train
0-8125,0,35305,train
0-8126,0,35305,train
0-8127,0,35305,train
0-8128,0,35305,train
0-8129,0,35305,train
0-8130,0,35305,train
0-8131,0,35305,train
0-8132,0,35305,train
0-8133,0,35305,train
0-8134,0,35305,train
0-8135,0,35305,train
0-8136,0,35305,train
0-8137,0,35305,train
0-8138,0,35305,train
0-8139,0,35305,train
0-8140,0,35305,train
0-8141,0,35305,train
0-8142,0,35305,train
0-8143,0,35305,train
0-8144,0,35305,train
0-8145,0,35305,train
0-8146,0,35305,train
0-8147,0,35305,train
0-8148,0,35305,train
0-8149,0,35305,train
0-8150,0,35305,train
0-8151,0,35305,train
0-8152,0,35305,train
0-8153,0,35305,train
0-8154,0,35305,train
0-8155,0,35305,train
0-8156,0,35305,train
0-8157,0,35305,train
0-8158,0,35305,train
0-8159,0,35305,train
0-8160,0,35305,train
0-8161,0,35305,train
0-8162,0,35305,train
0-8163,0,35305,train
0-8164,0,35305,train
0-8165,0,35305,train
0-8166,0,35305,train
0-8167,0,35305,train
0-8168,0,35305,train
0-8169,0,35305,train
0-8170,0,35305,train
0-8171,0,35305,train
0-8172,0,35305,train
0-8173,0,35305,train
0-8174,0,35305,train
0-8175,0,35305,train
0-8176,0,35305,train
0-8177,0,35305,train
0-8178,0,35305,train
0-8179,0,35305,train
0-8180,0,35305,train
0-8181,0,35305,train
0-8182,0,35305,train
0-8183,0,35305,train
0-8184,0,35305,train
0-8185,0,35305,train
0-8186,0,35305,train
0-8187,0,35305,train
0-8188,0,35305,train
0-8189,0,35305,train
0-8190,0,35305,train
0-8191,0,35305,train
0-8192,0,35305,train
0-8193,0,35305,train
0-8194,0,35305,train
0-8195,0,35305,train
0-8196,0,35305,train
0-8197,0,35305,train
0-8198,0,35305,train
0-8199,0,35305,train
0-8200,0,35305,train
0-8201,0,35305,train
0-8202,0,35305,train
0-8203,0,35305,train
0-8204,0,35305,train
0-8205,0,35305,train
0-8206,0,35305,train
0-8207,0,35305,train
0-8208,0,35305,train
0-8209,0,35305,train
0-8210,0,35305,train
0-8211,0,35305,train
0-8212,0,35305,train
0-8213,0,35305,train
0-8214,0,35305,train
0-8215,0,35305,train
0-8216,0,35305,train
0-8217,0,35305,train
0-8218,0,35305,train
0-8219,0,35305,train
0-8220,0,35305,train
0-8221,0,35305,train
0-8222,0,35305,train
0-8223,0,35305,train
0-8224,0,35305,train
0-8225,0,35305,train
0-8226,0,35305,train
0-8227,0,35305,train
0-8228,0,35305,train
0-8229,0,35305,train
0-8230,0,35305,train
0-8231,0,35305,train
0-8232,0,35305,train
0-8233,0,35305,train
0-8234,0,35305,train
0-8235,0,35305,train
0-8236,0,35305,train
0-8237,0,35305,train
0-8238,0,35305,train
0-8239,0,35305,train
0-8240,0,35305,train
0-8241,0,35305,train
0-8242,0,35305,train
0-8243,0,35305,train
0-8244,0,35305,train
0-8245,0,35305,train
0-8246,0,35305,train
0-8247,0,35305,train
0-8248,0,35305,train
0-8249,0,35305,train
0-8250,0,35305,train
0-8251,0,35305,train
0-8252,0,35305,train
0-8253,0,35305,train
0-8254,0,35305,train
0-8255,0,35305,train
0-8256,0,35305,train
0-8257,0,35305,train
0-8258,0,35305,train
0-8259,0,35305,train
0-8260,0,35305,train
0-8261,0,35305,train
0-8262,0,35305,train
0-8263,0,35305,train
0-8264,0,35305,train
0-8265,0,35305,train
0-8266,0,35305,train
0-8267,0,35305,train
0-8268,0,35305,train
0-8269,0,35305,train
0-8270,0,35305,train
0-8271,0,35305,train
0-8272,0,35305,train
0-8273,0,35305,train
0-8274,0,35305,train
0-8275,0,35305,train
0-8276,0,35305,train
0-8277,0,35305,train
0-8278,0,35305,train
0-8279,0,35305,train
0-8280,0,35305,train
0-8281,0,35305,train
0-8282,0,35305,train
0-8283,0,35305,train
0-8284,0,35305,train
0-8285,0,35305,train
0-8286,0,35305,train
0-8287,0,35305,train
0-8288,0,35305,train
0-8289,0,35305,train
0-8290,0,35305,train
0-8291,0,35305,train
0-8292,0,35305,train
0-8293,0,35305,train
0-8294,0,35305,train
0-8295,0,35305,train
0-8296,0,35305,train
0-8297,0,35305,train
0-8298,0,35305,train
0-8299,0,35305,train
0-8300,0,35305,train
0-8301,0,35305,train
0-8302,0,35305,train
0-8303,0,35305,train
0-8304,0,35305,train
0-8305,0,35305,train
0-8306,0,35305,train
0-8307,0,35305,train
0-8308,0,35305,train
0-8309,0,35305,train
0-8310,0,35305,train
0-8311,0,35305,train
0-8312,0,35305,train
0-8313,0,35305,train
0-8314,0,35305,train
0-8315,0,35305,train
0-8316,0,35305,train
0-8317,0,35305,train
0-8318,0,35305,train
0-8319,0,35305,train
0-8320,0,35305,train
0-8321,0,35305,train
0-8322,0,35305,train
0-8323,0,35305,train
0-8324,0,35305,train
0-8325,0,35305,train
0-8326,0,35305,train
0-8327,0,35305,train
0-8328,0,35305,train
0-8329,0,35305,train
0-8330,0,35305,train
0-8331,0,35305,train
0-8332,0,35305,train
0-8333,0,35305,train
0-8334,0,35305,train
0-8335,0,35305,train
0-8336,0,35305,train
0-8337,0,35305,train
0-8338,0,35305,train
0-8339,0,35305,train
0-8340,0,35305,train
0-8341,0,35305,train
0-8342,0,35305,train
0-8343,0,35305,train
0-8344,0,35305,train
0-8345,0,35305,train
0-8346,0,35305,train
0-8347,0,35305,train
0-8348,0,35305,train
0-8349,0,35305,train
0-8350,0,35305,train
0-8351,0,35305,train
0-8352,0,35305,train
0-8353,0,35305,train
0-8354,0,35305,train
0-8355,0,35305,train
0-8356,0,35305,train
0-8357,0,35305,train
0-8358,0,35305,train
0-8359,0,35305,train
0-8360,0,35305,train
0-8361,0,35305,train
0-8362,0,35305,train
0-8363,0,35305,train
0-8364,0,35305,train
0-8365,0,35305,train
0-8366,0,35305,train
0-8367,0,35305,train
0-8368,0,35305,train
0-8369,0,35305,train
0-8370,0,35305,train
0-8371,0,35305,train
0-8372,0,35305,train
0-8373,0,35305,train
0-8374,0,35305,train
0-8375,0,35305,train
0-8376,0,35305,train
0-8377,0,35305,train
0-8378,0,35305,train
0-8379,0,35305,train
0-8380,0,35305,train
0-8381,0,35305,train
0-8382,0,35305,train
0-8383,0,35305,train
0-8384,0,35305,train
0-8385,0,35305,train
0-8386,0,35305,train
0-8387,0,35305,train
0-8388,0,35305,train
0-8389,0,35305,train
0-8390,0,35305,train
0-8391,0,35305,train
0-8392,0,35305,train
0-8393,0,35305,train
0-8394,0,35305,train
0-8395,0,35305,train
0-8396,0,35305,train
0-8397,0,35305,train
0-8398,0,35305,train
0-8399,0,35305,train
0-8400,0,35305,train
0-8401,0,35305,train
0-8402,0,35305,train
0-8403,0,35305,train
0-8404,0,35305,train
0-8405,0,35305,train
0-8406,0,35305,train
0-8407,0,35305,train
0-8408,0,35305,train
0-8409,0,35305,train
0-8410,0,35305,train
0-8411,0,35305,train
0-8412,0,35305,train
0-8413,0,35305,train
0-8414,0,35305,train
0-8415,0,35305,train
0-8416,0,35305,train
0-8417,0,35305,train
0-8418,0,35305,train
0-8419,0,35305,train
0-8420,0,35305,train
0-8421,0,35305,train
0-8422,0,35305,train
0-8423,0,35305,train
0-8424,0,35305,train
0-8425,0,35305,train
0-8426,0,35305,train
0-8427,0,35305,train
0-8428,0,35305,train
0-8429,0,35305,train
0-8430,0,35305,train
0-8431,0,35305,train
0-8432,0,35305,train
0-8433,0,35305,train
0-8434,0,35305,train
0-8435,0,35305,train
0-8436,0,35305,train
0-8437,0,35305,train
0-8438,0,35305,train
0-8439,0,35305,train
0-8440,0,35305,train
0-8441,0,35305,train
0-8442,0,35305,train
0-8443,0,35305,train
0-8444,0,35305,train
0-8445,0,35305,train
0-8446,0,35305,train
0-8447,0,35305,train
0-8448,0,35305,train
0-8449,0,35305,train
0-8450,0,35305,train
0-8451,0,35305,train
0-8452,0,35305,train
0-8453,0,35305,train
0-8454,0,35305,train
0-8455,0,35305,train
0-8456,0,35305,train
0-8457,0,35305,train
0-8458,0,35305,train
0-8459,0,35305,train
0-8460,0,35305,train
0-8461,0,35305,train
0-8462,0,35305,train
0-8463,0,35305,train
0-8464,0,35305,train
0-8465,0,35305,train
0-8466,0,35305,train
0-8467,0,35305,train
0-8468,0,35305,train
0-8469,0,35305,train
0-8470,0,35305,train
0-8471,0,35305,train
0-8472,0,35305,train
0-8473,0,35305,train
0-8474,0,35305,train
0-8475,0,35305,train
0-8476,0,35305,train
0-8477,0,35305,train
0-8478,0,35305,train
0-8479,0,35305,train
0-8480,0,35305,train
0-8481,0,35305,train
0-8482,0,35305,train
0-8483,0,35305,train
0-8484,0,35305,train
0-8485,0,35305,train
0-8486,0,35305,train
0-8487,0,35305,train
0-8488,0,35305,train
0-8489,0,35305,train
0-8490,0,35305,train
0-8491,0,35305,train
0-8492,0,35305,train
0-8493,0,35305,train
0-8494,0,35305,train
0-8495,0,35305,train
0-8496,0,35305,train
0-8497,0,35305,train
0-8498,0,35305,train
0-8499,0,35305,train
0-8500,0,35305,train
0-8501,0,35305,train
0-8502,0,35305,train
0-8503,0,35305,train
0-8504,0,35305,train
0-8505,0,35305,train
0-8506,0,35305,train
0-8885,0,53708,train
0-8886,0,53708,train
0-8887,0,53708,train
0-8888,0,53708,train
0-8889,0,53708,train
0-8890,0,53708,train
0-8891,0,53708,train
0-8892,0,53708,train
0-8893,0,53708,train
0-8894,0,53708,train
0-8895,0,53708,train
0-8896,0,53708,train
0-8897,0,53708,train
0-8898,0,53708,train
0-8899,0,53708,train
0-8900,0,53708,train
0-8901,0,53708,train
0-8902,0,53708,train
0-8903,0,53708,train
0-8904,0,53708,train
0-8905,0,53708,train
0-8906,0,53708,train
0-8907,0,53708,train
0-8908,0,53708,train
0-8909,0,53708,train
0-8910,0,53708,train
0-8911,0,53708,train
0-8912,0,53708,train
0-8913,0,53708,train
0-8914,0,53708,train
0-8915,0,53708,train
0-8916,0,53708,train
0-8917,0,53708,train
0-8918,0,53708,train
0-8919,0,53708,train
0-8920,0,53708,train
0-8921,0,53708,train
0-8922,0,53708,train
0-8923,0,53708,train
0-8924,0,53708,train
0-8925,0,53708,train
0-8926,0,53708,train
0-8927,0,53708,train
0-8928,0,53708,train
0-8929,0,53708,train
0-8930,0,53708,train
0-8931,0,53708,train
0-8932,0,53708,train
0-8933,0,53708,train
0-8934,0,53708,train
0-8935,0,53708,train
0-8936,0,53708,train
0-8937,0,53708,train
0-8938,0,53708,train
0-8939,0,53708,train
0-8940,0,53708,train
0-8941,0,53708,train
0-8942,0,53708,train
0-8943,0,53708,train
0-8944,0,53708,train
0-8945,0,53708,train
0-8946,0,53708,train
0-8947,0,53708,train
0-8948,0,53708,train
0-8949,0,53708,train
0-8950,0,53708,train
0-8951,0,53708,train
0-8952,0,53708,train
0-8953,0,53708,train
0-8954,0,53708,train
0-8955,0,53708,train
0-8956,0,53708,train
0-8957,0,53708,train
0-8958,0,53708,train
0-8959,0,53708,train
0-8960,0,53708,train
0-8961,0,53708,train
0-8962,0,53708,train
0-8963,0,53708,train
0-8964,0,53708,train
0-8965,0,53708,train
0-8966,0,53708,train
0-8967,0,53708,train
0-8968,0,53708,train
0-8969,0,53708,train
0-8970,0,53708,train
0-8971,0,53708,train
0-8972,0,53708,train
0-8973,0,53708,train
0-8974,0,53708,train
0-8975,0,53708,train
0-8976,0,53708,train
0-8977,0,53708,train
0-8978,0,53708,train
0-8979,0,53708,train
0-8980,0,53708,train
0-8981,0,53708,train
0-8982,0,53708,train
0-8983,0,53708,train
0-8984,0,53708,train
0-8985,0,53708,train
0-8986,0,53708,train
0-8987,0,53708,train
0-8988,0,53708,train
0-8989,0,53708,train
0-8990,0,53708,train
0-8991,0,53708,train
0-8992,0,53708,train
0-8993,0,53708,train
0-8994,0,53708,train
0-8995,0,53708,train
0-8996,0,53708,train
0-8997,0,53708,train
0-8998,0,53708,train
0-8999,0,53708,train
0-9000,0,53708,train
0-9001,0,53708,train
0-9002,0,53708,train
0-9003,0,53708,train
0-9004,0,53708,train
0-9005,0,53708,train
0-9006,0,53708,train
0-9007,0,53708,train
0-9008,0,53708,train
0-9009,0,53708,train
0-9010,0,53708,train
0-9011,0,53708,train
0-9012,0,53708,train
0-9013,0,53708,train
0-9014,0,53708,train
0-9015,0,53708,train
0-9016,0,53708,train
0-9017,0,53708,train
0-9018,0,53708,train
0-9019,0,53708,train
0-9020,0,53708,train
0-9021,0,53708,train
0-9022,0,53708,train
0-9023,0,53708,train
0-9024,0,53708,train
0-9025,0,53708,train
0-9026,0,53708,train
0-9027,0,53708,train
0-9028,0,53708,train
0-9029,0,53708,train
0-9030,0,53708,train
0-9031,0,53708,train
0-9032,0,53708,train
0-9033,0,53708,train
0-9034,0,53708,train
0-9035,0,53708,train
0-9036,0,53708,train
0-9037,0,53708,train
0-9038,0,53708,train
0-9039,0,53708,train
0-9040,0,53708,train
0-9041,0,53708,train
0-9042,0,53708,train
0-9043,0,53708,train
0-9044,0,53708,train
0-9045,0,53708,train
0-9046,0,53708,train
0-9047,0,53708,train
0-9048,0,53708,train
0-9049,0,53708,train
0-9050,0,53708,train
0-9051,0,53708,train
0-9052,0,53708,train
0-9053,0,53708,train
0-9054,0,53708,train
0-9055,0,53708,train
0-9056,0,53708,train
0-9057,0,53708,train
0-9058,0,53708,train
0-9059,0,53708,train
0-9060,0,53708,train
0-9061,0,53708,train
0-9062,0,53708,train
0-9063,0,53708,train
0-9064,0,53708,train
0-9065,0,53708,train
0-9066,0,53708,train
0-9067,0,53708,train
0-9068,0,53708,train
0-9069,0,53708,train
0-9070,0,53708,train
0-9071,0,53708,train
0-9072,0,53708,train
0-9073,0,53708,train
0-9074,0,53708,train
0-9075,0,53708,train
0-9076,0,53708,train
0-9077,0,53708,train
0-9078,0,53708,train
0-9079,0,53708,train
0-9080,0,53708,train
0-9081,0,53708,train
0-9082,0,53708,train
0-9083,0,53708,train
0-9084,0,53708,train
0-9085,0,53708,train
0-9086,0,53708,train
0-9087,0,53708,train
0-9088,0,53708,train
0-9089,0,53708,train
0-9090,0,53708,train
0-9091,0,53708,train
0-9092,0,53708,train
0-9093,0,53708,train
0-9094,0,53708,train
0-9095,0,53708,train
0-9096,0,53708,train
0-9097,0,53708,train
0-9098,0,53708,train
0-9099,0,53708,train
0-9100,0,53708,train
0-9101,0,53708,train
0-9102,0,53708,train
0-9103,0,53708,train
0-9104,0,53708,train
0-9105,0,53708,train
0-9106,0,53708,train
0-9107,0,53708,train
0-9108,0,53708,train
0-9109,0,53708,train
0-9110,0,53708,train
0-9111,0,53708,train
0-9112,0,53708,train
0-9113,0,53708,train
0-9114,0,53708,train
0-9115,0,53708,train
0-9116,0,53708,train
0-9117,0,53708,train
0-9118,0,53708,train
0-9119,0,53708,train
0-9120,0,53708,train
0-9121,0,53708,train
0-9122,0,53708,train
0-9123,0,53708,train
0-9124,0,53708,train
0-9125,0,53708,train
0-9126,0,53708,train
0-9127,0,53708,train
0-9128,0,53708,train
0-9129,0,53708,train
0-9130,0,53708,train
0-9131,0,53708,train
0-9132,0,53708,train
0-9133,0,53708,train
0-9134,0,53708,train
0-9135,0,53708,train
0-9136,0,53708,train
0-9137,0,53708,train
0-9138,0,53708,train
0-9139,0,53708,train
0-9140,0,53708,train
0-9141,0,53708,train
0-9142,0,53708,train
0-9143,0,53708,train
0-9144,0,53708,train
0-9145,0,53708,train
0-9146,0,53708,train
0-9147,0,53708,train
0-9148,0,53708,train
0-9149,0,53708,train
0-9150,0,53708,train
0-9151,0,53708,train
0-9152,0,53708,train
0-9153,0,53708,train
0-9154,0,53708,train
0-9155,0,53708,train
0-9156,0,53708,train
0-9157,0,53708,train
0-9158,0,53708,train
0-9159,0,53708,train
0-9160,0,53708,train
0-9161,0,53708,train
0-9162,0,53708,train
0-9163,0,53708,train
0-9164,0,53708,train
0-9165,0,53708,train
0-9166,0,53708,train
0-9167,0,53708,train
0-9168,0,53708,train
0-9169,0,53708,train
0-9170,0,53708,train
0-9171,0,53708,train
0-9172,0,53708,train
0-9173,0,53708,train
0-9174,0,53708,train
0-9175,0,53708,train
0-9176,0,53708,train
0-9177,0,53708,train
0-9178,0,53708,train
0-9179,0,53708,train
0-9180,0,53708,train
0-9181,0,53708,train
0-9182,0,53708,train
0-9183,0,53708,train
0-9184,0,53708,train
0-9185,0,53708,train
0-9186,0,53708,train
0-9187,0,53708,train
0-9188,0,53708,train
0-9189,0,53708,train
0-9190,0,53708,train
0-9191,0,53708,train
0-9192,0,53708,train
0-9193,0,53708,train
0-9194,0,53708,train
0-9195,0,53708,train
0-9196,0,53708,train
0-9197,0,53708,train
0-9198,0,53708,train
0-9199,0,53708,train
0-9200,0,53708,train
0-9201,0,53708,train
0-9202,0,53708,train
0-9203,0,53708,train
0-9204,0,53708,train
0-9205,0,53708,train
0-9206,0,53708,train
0-9207,0,53708,train
0-9208,0,53708,train
0-9209,0,53708,train
0-9210,0,53708,train
0-9211,0,53708,train
0-9212,0,53708,train
0-9213,0,53708,train
0-9214,0,53708,train
0-9215,0,53708,train
0-9216,0,53708,train
0-9217,0,53708,train
0-9218,0,53708,train
0-9219,0,53708,train
0-9220,0,53708,train
0-9221,0,53708,train
0-9222,0,53708,train
0-9223,0,53708,train
0-9224,0,53708,train
0-9225,0,53708,train
0-9226,0,53708,train
0-9227,0,53708,train
0-9228,0,53708,train
0-9229,0,53708,train
0-9230,0,53708,train
0-9231,0,53708,train
0-9232,0,53708,train
0-9233,0,53708,train
0-9234,0,53708,train
0-9235,0,53708,train
0-9236,0,53708,train
0-9237,0,53708,train
0-9238,0,53708,train
0-9239,0,53708,train
0-9240,0,53708,train
0-9241,0,53708,train
0-9242,0,53708,train
0-9243,0,53708,train
0-9244,0,53708,train
0-9245,0,53708,train
0-9246,0,53708,train
0-9247,0,53708,train
0-9248,0,53708,train
0-9249,0,53708,train
0-9250,0,53708,train
0-9251,0,53708,train
0-9252,0,53708,train
0-9253,0,53708,train
0-9254,0,53708,train
0-9255,0,53708,train
0-9256,0,53708,train
0-9257,0,53708,train
0-9258,0,53708,train
0-9259,0,53708,train
0-9260,0,53708,train
0-9261,0,53708,train
0-9262,0,53708,train
0-9263,0,53708,train
0-9264,0,53708,train
0-9265,0,53708,train
0-9266,0,53708,train
0-9267,0,53708,train
0-9268,0,53708,train
0-9269,0,53708,train
0-9270,0,53708,train
0-9271,0,53708,train
0-9272,0,53708,train
0-9273,0,53708,train
0-9274,0,53708,train
0-9275,0,53708,train
0-9276,0,53708,train
0-9277,0,53708,train
0-9278,0,53708,train
0-9279,0,53708,train
0-9280,0,53708,train
0-9281,0,53708,train
0-9282,0,53708,train
0-9283,0,53708,train
0-9284,0,53708,train
0-9285,0,53708,train
0-9286,0,53708,train
0-9287,0,53708,train
0-9288,0,53708,train
0-9289,0,53708,train
0-9290,0,53708,train
0-9291,0,53708,train
0-9292,0,53708,train
0-9293,0,53708,train
0-9294,0,53708,train
0-9295,0,53708,train
0-9296,0,53708,train
0-9297,0,53708,train
0-9298,0,53708,train
0-9299,0,53708,train
0-9300,0,53708,train
0-9301,0,53708,train
0-9302,0,53708,train
0-9303,0,53708,train
0-9304,0,53708,train
0-9305,0,53708,train
0-9306,0,53708,train
0-9307,0,53708,train
0-9308,0,53708,train
0-9309,0,53708,train
0-9310,0,53708,train
0-9311,0,53708,train
0-9312,0,53708,train
0-9313,0,53708,train
0-9314,0,53708,train
0-9315,0,53708,train
0-9316,0,53708,train
0-9317,0,53708,train
0-9318,0,53708,train
0-9319,0,53708,train
0-9320,0,53708,train
0-9321,0,53708,train
0-9322,0,53708,train
0-9323,0,53708,train
0-9324,0,53708,train
0-9325,0,53708,train
0-9326,0,53708,train
0-9327,0,53708,train
0-9328,0,53708,train
0-9329,0,53708,train
0-9330,0,53708,train
0-9331,0,53708,train
0-9332,0,53708,train
0-9333,0,53708,train
0-9334,0,53708,train
0-9335,0,53708,train
0-9336,0,53708,train
0-9337,0,53708,train
0-9338,0,53708,train
0-9339,0,53708,train
0-9340,0,53708,train
0-9341,0,53708,train
0-9342,0,53708,train
0-9343,0,53708,train
0-9344,0,53708,train
0-9345,0,53708,train
0-9346,0,53708,train
0-9347,0,53708,train
0-9348,0,53708,train
0-9349,0,53708,train
0-9350,0,53708,train
0-9351,0,53708,train
0-9352,0,53708,train
0-9353,0,53708,train
0-9354,0,53708,train
0-9355,0,53708,train
0-9356,0,53708,train
0-9357,0,53708,train
0-9358,0,53708,train
0-9359,0,53708,train
0-9360,0,53708,train
0-9361,0,53708,train
0-9362,0,53708,train
0-9363,0,53708,train
0-9364,0,53708,train
0-9365,0,53708,train
0-9366,0,53708,train
0-9367,0,53708,train
0-9368,0,53708,train
0-9369,0,53708,train
0-9370,0,53708,train
0-9371,0,53708,train
0-9372,0,53708,train
0-9373,0,53708,train
0-9374,0,53708,train
0-9375,0,53708,train
0-9376,0,53708,train
0-9377,0,53708,train
0-9378,0,53708,train
0-9379,0,53708,train
0-9380,0,53708,train
0-9381,0,53708,train
0-9382,0,53708,train
0-9383,0,53708,train
0-9384,0,53708,train
0-9385,0,53708,train
0-9386,0,53708,train
0-9387,0,53708,train
0-9388,0,53708,train
0-9389,0,53708,train
0-9390,0,53708,train
0-9391,0,53708,train
0-9392,0,53708,train
0-9393,0,53708,train
0-9394,0,53708,train
0-9395,0,53708,train
0-9396,0,53708,train
0-9397,0,53708,train
0-9398,0,53708,train
0-9399,0,53708,train
0-9400,0,53708,train
0-9401,0,53708,train
0-9402,0,53708,train
0-9403,0,53708,train
0-9404,0,53708,train
0-9405,0,53708,train
0-9406,0,53708,train
0-9407,0,53708,train
0-9408,0,53708,train
0-9409,0,53708,train
0-9410,0,53708,train
0-9411,0,53708,train
0-9412,0,53708,train
0-9413,0,53708,train
0-9414,0,53708,train
0-9415,0,53708,train
0-9416,0,53708,train
0-9417,0,53708,train
0-9418,0,53708,train
0-9419,0,53708,train
0-9420,0,53708,train
0-9421,0,53708,train
0-9422,0,53708,train
0-9423,0,53708,train
0-9424,0,53708,train
0-9425,0,53708,train
0-9426,0,53708,train
0-9427,0,53708,train
0-9428,0,53708,train
0-9429,0,53708,train
0-9430,0,53708,train
0-9431,0,53708,train
0-9432,0,53708,train
0-9433,0,53708,train
0-9434,0,53708,train
0-9435,0,53708,train
0-9436,0,53708,train
0-9437,0,53708,train
0-9438,0,53708,train
0-9439,0,53708,train
0-9440,0,53708,train
0-9441,0,53708,train
0-9442,0,53708,train
0-9443,0,53708,train
0-9444,0,53708,train
0-9445,0,53708,train
0-9446,0,53708,train
0-9447,0,53708,train
0-9448,0,53708,train
0-9449,0,53708,train
0-9450,0,53708,train
0-9451,0,53708,train
0-9452,0,53708,train
0-9453,0,53708,train
0-9454,0,53708,train
0-9455,0,53708,train
0-9456,0,53708,train
0-9457,0,53708,train
0-9458,0,53708,train
0-9459,0,53708,train
0-9460,0,53708,train
0-9461,0,53708,train
0-9462,0,53708,train
0-9463,0,53708,train
0-9464,0,53708,train
0-9465,0,53708,train
0-9466,0,53708,train
0-9467,0,53708,train
0-9468,0,53708,train
0-9469,0,53708,train
0-9470,0,53708,train
0-9471,0,53708,train
0-9472,0,53708,train
0-9473,0,53708,train
0-9474,0,53708,train
0-9475,0,53708,train
0-9476,0,53708,train
0-9477,0,53708,train
0-9478,0,53708,train
0-9479,0,53708,train
0-9480,0,53708,train
0-9481,0,53708,train
0-9482,0,53708,train
0-9483,0,53708,train
0-9484,0,53708,train
0-9485,0,53708,train
0-9486,0,53708,train
0-9487,0,53708,train
0-9488,0,53708,train
0-9489,0,53708,train
0-9490,0,53708,train
0-9491,0,53708,train
0-9492,0,53708,train
0-9493,0,53708,train
0-9494,0,53708,train
0-9495,0,53708,train
0-9496,0,53708,train
0-9497,0,53708,train
0-9498,0,53708,train
0-9499,0,53708,train
0-9500,0,53708,train
0-9501,0,53708,train
0-9502,0,53708,train
0-9503,0,53708,train
0-9504,0,53708,train
0-9505,0,53708,train
0-9506,0,53708,train
0-9507,0,53708,train
0-9508,0,53708,train
0-9509,0,53708,train
0-9510,0,53708,train
0-9511,0,53708,train
0-9512,0,53708,train
0-9513,0,53708,train
0-9514,0,53708,train
0-9515,0,53708,train
0-9516,0,53708,train
0-9517,0,53708,train
0-9518,0,53708,train
0-9519,0,53708,train
0-9520,0,53708,train
0-9521,0,53708,train
0-9522,0,53708,train
0-9523,0,53708,train
0-9524,0,53708,train
0-9525,0,53708,train
0-9526,0,53708,train
0-9527,0,53708,train
0-9528,0,53708,train
0-9529,0,53708,train
0-9530,0,53708,train
0-9531,0,53708,train
0-9532,0,53708,train
0-9533,0,53708,train
0-9534,0,53708,train
0-9535,0,53708,train
0-9536,0,53708,train
0-9537,0,53708,train
0-9538,0,53708,train
0-9539,0,53708,train
0-9540,0,53708,train
0-9541,0,53708,train
0-9542,0,53708,train
0-9543,0,53708,train
0-9544,0,53708,train
0-9545,0,53708,train
0-9546,0,53708,train
0-9547,0,53708,train
0-9548,0,53708,train
0-9549,0,53708,train
0-9550,0,53708,train
0-9551,0,53708,train
0-9552,0,53708,train
0-9553,0,53708,train
0-9554,0,53708,train
0-9555,0,53708,train
0-9556,0,53708,train
0-9557,0,53708,train
0-9558,0,53708,train
0-9559,0,53708,train
0-9560,0,53708,train
0-9561,0,53708,train
0-9562,0,53708,train
0-9563,0,53708,train
0-9564,0,53708,train
0-9565,0,53708,train
0-9566,0,53708,train
0-9567,0,53708,train
0-9568,0,53708,train
0-9569,0,53708,train
0-9570,0,53708,train
0-9571,0,53708,train
0-9572,0,53708,train
0-9573,0,53708,train
0-9574,0,53708,train
0-9575,0,53708,train
0-9576,0,53708,train
0-9577,0,53708,train
0-9578,0,53708,train
0-9579,0,53708,train
0-9580,0,53708,train
0-9581,0,53708,train
0-9582,0,53708,train
0-9583,0,53708,train
0-9584,0,53708,train
0-9585,0,53708,train
0-9586,0,53708,train
0-9587,0,53708,train
0-9588,0,53708,train
0-9589,0,53708,train
0-9590,0,53708,train
0-9591,0,53708,train
0-9592,0,53708,train
0-9593,0,53708,train
0-9594,0,53708,train
0-9595,0,53708,train
0-9596,0,53708,train
0-9597,0,53708,train
0-9598,0,53708,train
0-9599,0,53708,train
0-9600,0,53708,train
0-9601,0,53708,train
0-9602,0,53708,train
0-9603,0,53708,train
0-9604,0,53708,train
0-9605,0,53708,train
0-9606,0,53708,train
0-9607,0,53708,train
0-9608,0,53708,train
0-9609,0,53708,train
0-9610,0,53708,train
0-9611,0,53708,train
0-9612,0,53708,train
0-9613,0,53708,train
0-9614,0,53708,train
0-9615,0,53708,train
0-9616,0,53708,train
0-9617,0,53708,train
0-9618,0,53708,train
0-9619,0,53708,train
0-9620,0,53708,train
0-9621,0,53708,train
0-9622,0,53708,train
0-9623,0,53708,train
0-9624,0,53708,train
0-9625,0,53708,train
0-9626,0,53708,train
0-9627,0,53708,train
0-9628,0,53708,train
0-9629,0,53708,train
0-9630,0,53708,train
0-9631,0,53708,train
0-9632,0,53708,train
0-9633,0,53708,train
0-9634,0,53708,train
0-9635,0,53708,train
0-9636,0,53708,train
0-9637,0,53708,train
0-9638,0,53708,train
0-9639,0,53708,train
0-9640,0,53708,train
0-9641,0,53708,train
0-9642,0,53708,train
0-9643,0,53708,train
0-9644,0,53708,train
0-9645,0,53708,train
0-9646,0,53708,train
0-9647,0,53708,train
0-9648,0,53708,train
0-9649,0,53708,train
0-9650,0,53708,train
0-9651,0,53708,train
0-9652,0,53708,train
0-9653,0,53708,train
0-9654,0,53708,train
0-9655,0,53708,train
0-9656,0,53708,train
0-9657,0,53708,train
0-9658,0,53708,train
0-9659,0,53708,train
0-9660,0,53708,train
0-9661,0,53708,train
0-9662,0,53708,train
0-9663,0,53708,train
0-9664,0,53708,train
0-9665,0,53708,train
0-9666,0,53708,train
0-9667,0,53708,train
0-9668,0,53708,train
0-9669,0,53708,train
0-9670,0,53708,train
0-9671,0,53708,train
0-9672,0,53708,train
0-9673,0,53708,train
0-9674,0,53708,train
0-9675,0,53708,train
0-9676,0,53708,train
0-9677,0,53708,train
0-9678,0,53708,train
0-9679,0,53708,train
0-9680,0,53708,train
0-9681,0,53708,train
0-9682,0,53708,train
0-9683,0,53708,train
0-9684,0,53708,train
0-9685,0,53708,train
0-9686,0,53708,train
0-9687,0,53708,train
0-9688,0,53708,train
0-9689,0,53708,train
0-9690,0,53708,train
0-9691,0,53708,train
0-9692,0,53708,train
0-9693,0,53708,train
0-9694,0,53708,train
0-9695,0,53708,train
0-9696,0,53708,train
0-9697,0,53708,train
0-9698,0,53708,train
0-9699,0,53708,train
0-9700,0,53708,train
0-9701,0,53708,train
0-9702,0,53708,train
0-9703,0,53708,train
0-9704,0,53708,train
0-9705,0,53708,train
0-9706,0,53708,train
0-9707,0,53708,train
0-9708,0,53708,train
0-9709,0,53708,train
0-9710,0,53708,train
0-9711,0,53708,train
0-9712,0,53708,train
0-9713,0,53708,train
0-9714,0,53708,train
0-9715,0,53708,train
0-9716,0,53708,train
0-9717,0,53708,train
0-9718,0,53708,train
0-9719,0,53708,train
0-9720,0,53708,train
0-9721,0,53708,train
0-9722,0,53708,train
0-9723,0,53708,train
0-9724,0,53708,train
0-9725,0,53708,train
0-9726,0,53708,train
0-9727,0,53708,train
0-9728,0,53708,train
0-9729,0,53708,train
0-9730,0,53708,train
0-9731,0,53708,train
0-9732,0,53708,train
0-9733,0,53708,train
0-9734,0,53708,train
0-9735,0,53708,train
0-9736,0,53708,train
0-9737,0,53708,train
0-9738,0,53708,train
0-9739,0,53708,train
0-9740,0,53708,train
0-9741,0,53708,train
0-9742,0,53708,train
0-9743,0,53708,train
0-9744,0,53708,train
0-9745,0,53708,train
0-9746,0,53708,train
0-9747,0,53708,train
0-9748,0,53708,train
0-9749,0,53708,train
0-9750,0,53708,train
0-9751,0,53708,train
0-9752,0,53708,train
0-9753,0,53708,train
0-9754,0,53708,train
0-9755,0,53708,train
0-9756,0,53708,train
0-9757,0,53708,train
0-9758,0,53708,train
0-9759,0,53708,train
0-9760,0,53708,train
0-9761,0,53708,train
0-9762,0,53708,train
0-9763,0,53708,train
0-9764,0,53708,train
0-9765,0,53708,train
0-9766,0,53708,train
0-9767,0,53708,train
0-9768,0,53708,train
0-9769,0,53708,train
0-9770,0,53708,train
0-9771,0,53708,train
0-9772,0,53708,train
0-9773,0,53708,train
0-9774,0,53708,train
0-9775,0,53708,train
0-9776,0,53708,train
0-9777,0,53708,train
0-9778,0,53708,train
0-9779,0,53708,train
0-9780,0,53708,train
0-9781,0,53708,train
0-9782,0,53708,train
0-9783,0,53708,train
0-9784,0,53708,train
0-9785,0,53708,train
0-9786,0,53708,train
0-9787,0,53708,train
0-9788,0,53708,train
0-9789,0,53708,train
0-9790,0,53708,train
0-9791,0,53708,train
0-9792,0,53708,train
0-9793,0,53708,train
0-9794,0,53708,train
0-9795,0,53708,train
0-9796,0,53708,train
0-9797,0,53708,train
0-9798,0,53708,train
0-9799,0,53708,train
0-9800,0,53708,train
0-9801,0,53708,train
0-9802,0,53708,train
0-9803,0,53708,train
0-9804,0,53708,train
0-9805,0,53708,train
0-9806,0,53708,train
0-9807,0,53708,train
0-9808,0,53708,train
0-9809,0,53708,train
0-9810,0,53708,train
0-9811,0,53708,train
0-9812,0,53708,train
0-9813,0,53708,train
0-9814,0,53708,train
0-9815,0,53708,train
0-9816,0,53708,train
0-9817,0,53708,train
0-9818,0,53708,train
0-9819,0,53708,train
0-9820,0,53708,train
0-9821,0,53708,train
0-9822,0,53708,train
0-9823,0,53708,train
0-9824,0,53708,train
0-9825,0,53708,train
0-9826,0,53708,train
0-9827,0,53708,train
0-9828,0,53708,train
0-9829,0,53708,train
0-9830,0,53708,train
0-9831,0,53708,train
0-9832,0,53708,train
0-9833,0,53708,train
0-9834,0,53708,train
0-9835,0,53708,train
0-9836,0,53708,train
0-9837,0,53708,train
0-9838,0,53708,train
0-9839,0,53708,train
0-9840,0,53708,train
0-9841,0,53708,train
0-9842,0,53708,train
0-9843,0,53708,train
0-9844,0,53708,train
0-9845,0,53708,train
0-9846,0,53708,train
0-9847,0,53708,train
0-9848,0,53708,train
0-9849,0,53708,train
0-9850,0,53708,train
0-9851,0,53708,train
0-9852,0,53708,train
0-9853,0,53708,train
0-9854,0,53708,train
0-9855,0,53708,train
0-9856,0,53708,train
0-9857,0,53708,train
0-9858,0,53708,train
0-9859,0,53708,train
0-9860,0,53708,train
0-9861,0,53708,train
0-9862,0,53708,train
0-9863,0,53708,train
0-9864,0,53708,train
0-9865,0,53708,train
0-9866,0,53708,train
0-9867,0,53708,train
0-9868,0,53708,train
0-9869,0,53708,train
0-9870,0,53708,train
0-9871,0,53708,train
0-9872,0,53708,train
0-9873,0,53708,train
0-9874,0,53708,train
0-9875,0,53708,train
0-9876,0,53708,train
0-9877,0,53708,train
0-9878,0,53708,train
0-9879,0,53708,train
0-9880,0,53708,train
0-9881,0,53708,train
0-9882,0,53708,train
0-9883,0,53708,train
0-9884,0,53708,train
0-9885,0,53708,train
0-9886,0,53708,train
0-9887,0,53708,train
0-9888,0,53708,train
0-9889,0,53708,train
0-9890,0,53708,train
0-9891,0,53708,train
0-9892,0,53708,train
0-9893,0,53708,train
0-9894,0,53708,train
0-9895,0,53708,train
0-9896,0,53708,train
0-9897,0,53708,train
0-9898,0,53708,train
0-9899,0,53708,train
0-9900,0,53708,train
0-9901,0,53708,train
0-9902,0,53708,train
0-9903,0,53708,train
0-9904,0,53708,train
0-9905,0,53708,train
0-9906,0,53708,train
0-9907,0,53708,train
0-9908,0,53708,train
0-9909,0,53708,train
0-9910,0,53708,train
0-9911,0,53708,train
0-9912,0,53708,train
0-9913,0,53708,train
0-9914,0,53708,train
0-9915,0,53708,train
0-9916,0,53708,train
0-9917,0,53708,train
0-9918,0,53708,train
0-9919,0,53708,train
0-9920,0,53708,train
0-9921,0,53708,train
0-9922,0,53708,train
0-9923,0,53708,train
0-9924,0,53708,train
0-9925,0,53708,train
0-9926,0,53708,train
0-9927,0,53708,train
0-9928,0,53708,train
0-9929,0,53708,train
0-9930,0,53708,train
0-9931,0,53708,train
0-9932,0,53708,train
0-9933,0,53708,train
0-9934,0,53708,train
0-9935,0,53708,train
0-9936,0,53708,train
0-9937,0,53708,train
0-9938,0,53708,train
0-9939,0,53708,train
0-9940,0,53708,train
0-9941,0,53708,train
0-9942,0,53708,train
0-9943,0,53708,train
0-9944,0,53708,train
0-9945,0,53708,train
0-9946,0,53708,train
0-9947,0,53708,train
0-9948,0,53708,train
0-9949,0,53708,train
0-9950,0,53708,train
0-9951,0,53708,train
0-9952,0,53708,train
0-9953,0,53708,train
0-9954,0,53708,train
0-9955,0,53708,train
0-9956,0,53708,train
0-9957,0,53708,train
0-9958,0,53708,train
0-9959,0,53708,train
0-9960,0,53708,train
0-9961,0,53708,train
0-11425,0,996,train
0-11426,0,996,train
0-11427,0,996,train
0-11428,0,996,train
0-11429,0,996,train
0-11430,0,996,train
0-11431,0,996,train
0-11432,0,996,train
0-11433,0,996,train
0-11434,0,996,train
0-11435,0,996,train
0-11436,0,996,train
0-11437,0,996,train
0-11438,0,996,train
0-11439,0,996,train
0-11440,0,996,train
0-11441,0,996,train
0-11442,0,996,train
0-11443,0,996,train
0-11444,0,996,train
0-11445,0,996,train
0-11446,0,996,train
0-11447,0,996,train
0-11448,0,996,train
0-11449,0,996,train
0-11450,0,996,train
0-11451,0,996,train
0-11452,0,996,train
0-11453,0,996,train
0-11454,0,996,train
0-11455,0,996,train
0-11456,0,996,train
0-11457,0,996,train
0-11458,0,996,train
0-11459,0,996,train
0-11460,0,996,train
0-11461,0,996,train
0-11462,0,996,train
0-11463,0,996,train
0-11464,0,996,train
0-11465,0,996,train
0-11466,0,996,train
0-11467,0,996,train
0-11468,0,996,train
0-11469,0,996,train
0-11470,0,996,train
0-11471,0,996,train
0-11472,0,996,train
0-11473,0,996,train
0-11474,0,996,train
0-11475,0,996,train
0-11476,0,996,train
0-11477,0,996,train
0-11478,0,996,train
0-11479,0,996,train
0-11480,0,996,train
0-11481,0,996,train
0-11482,0,996,train
0-11483,0,996,train
0-11484,0,996,train
0-11485,0,996,train
0-11486,0,996,train
0-11487,0,996,train
0-11488,0,996,train
0-11489,0,996,train
0-11490,0,996,train
0-11491,0,996,train
0-11492,0,996,train
0-11493,0,996,train
0-11494,0,996,train
0-11495,0,996,train
0-11496,0,996,train
0-11497,0,996,train
0-11498,0,996,train
0-11499,0,996,train
0-11500,0,996,train
0-11501,0,996,train
0-11502,0,996,train
0-11503,0,996,train
0-11504,0,996,train
0-11505,0,996,train
0-11506,0,996,train
0-11507,0,996,train
0-11508,0,996,train
0-11509,0,996,train
0-11510,0,996,train
0-11511,0,996,train
0-11512,0,996,train
0-11513,0,996,train
0-11514,0,996,train
0-11515,0,996,train
0-11516,0,996,train
0-11517,0,996,train
0-11518,0,996,train
0-11519,0,996,train
0-11520,0,996,train
0-11521,0,996,train
0-11522,0,996,train
0-11523,0,996,train
0-11524,0,996,train
0-11525,0,996,train
0-11526,0,996,train
0-11527,0,996,train
0-11528,0,996,train
0-11529,0,996,train
0-11530,0,996,train
0-11531,0,996,train
0-11532,0,996,train
0-11533,0,996,train
0-11534,0,996,train
0-11535,0,996,train
0-11536,0,996,train
0-11537,0,996,train
0-11538,0,996,train
0-11539,0,996,train
0-11540,0,996,train
0-11541,0,996,train
0-11542,0,996,train
0-11543,0,996,train
0-11544,0,996,train
0-11545,0,996,train
0-11546,0,996,train
0-11547,0,996,train
0-11548,0,996,train
0-11549,0,996,train
0-11550,0,996,train
0-11551,0,996,train
0-11552,0,996,train
0-11553,0,996,train
0-11554,0,996,train
0-11555,0,996,train
0-11556,0,996,train
0-11557,0,996,train
0-11558,0,996,train
0-11559,0,996,train
0-11560,0,996,train
0-11561,0,996,train
0-11562,0,996,train
0-11563,0,996,train
0-11564,0,996,train
0-11565,0,996,train
0-11566,0,996,train
0-11567,0,996,train
0-11568,0,996,train
0-11569,0,996,train
0-11570,0,996,train
0-11571,0,996,train
0-11572,0,996,train
0-11573,0,996,train
0-11574,0,996,train
0-11575,0,996,train
0-11576,0,996,train
0-11577,0,996,train
0-11578,0,996,train
0-11579,0,996,train
0-11580,0,996,train
0-11581,0,996,train
0-11582,0,996,train
0-11583,0,996,train
0-11584,0,996,train
0-11585,0,996,train
0-11586,0,996,train
0-11587,0,996,train
0-11588,0,996,train
0-11589,0,996,train
0-11590,0,996,train
0-11591,0,996,train
0-11592,0,996,train
0-11593,0,996,train
0-11594,0,996,train
0-11595,0,996,train
0-11596,0,996,train
0-11597,0,996,train
0-11598,0,996,train
0-11599,0,996,train
0-11600,0,996,train
0-11601,0,996,train
0-11602,0,996,train
0-11603,0,996,train
0-11604,0,996,train
0-11605,0,996,train
0-11606,0,996,train
0-11607,0,996,train
0-11608,0,996,train
0-11609,0,996,train
0-11610,0,996,train
0-11611,0,996,train
0-11612,0,996,train
0-11613,0,996,train
0-11614,0,996,train
0-11615,0,996,train
0-11616,0,996,train
0-11617,0,996,train
0-11618,0,996,train
0-11619,0,996,train
0-11620,0,996,train
0-11621,0,996,train
0-11622,0,996,train
0-11623,0,996,train
0-11624,0,996,train
0-11625,0,996,train
0-11626,0,996,train
0-11627,0,996,train
0-11628,0,996,train
0-11629,0,996,train
0-11630,0,996,train
0-11631,0,996,train
0-11632,0,996,train
0-11633,0,996,train
0-11634,0,996,train
0-11635,0,996,train
0-11636,0,996,train
0-11637,0,996,train
0-11638,0,996,train
0-11639,0,996,train
0-11640,0,996,train
0-11641,0,996,train
0-11642,0,996,train
0-11643,0,996,train
0-11644,0,996,train
0-11645,0,996,train
0-11646,0,996,train
0-11647,0,996,train
0-11648,0,996,train
0-11649,0,996,train
0-11650,0,996,train
0-11651,0,996,train
0-11652,0,996,train
0-11653,0,996,train
0-11654,0,996,train
0-11655,0,996,train
0-11656,0,996,train
0-11657,0,996,train
0-11658,0,996,train
0-11659,0,996,train
0-11660,0,996,train
0-11661,0,996,train
0-11662,0,996,train
0-11663,0,996,train
0-11664,0,996,train
0-11665,0,996,train
0-11666,0,996,train
0-11667,0,996,train
0-11668,0,996,train
0-11669,0,996,train
0-11670,0,996,train
0-11671,0,996,train
0-11672,0,996,train
0-11673,0,996,train
0-11674,0,996,train
0-11675,0,996,train
0-11676,0,996,train
0-11677,0,996,train
0-11678,0,996,train
0-11679,0,996,train
0-11680,0,996,train
0-11681,0,996,train
0-11682,0,996,train
0-11683,0,996,train
0-11684,0,996,train
0-11685,0,996,train
0-11686,0,996,train
0-11687,0,996,train
0-11688,0,996,train
0-11689,0,996,train
0-11690,0,996,train
0-11691,0,996,train
0-11692,0,996,train
0-11693,0,996,train
0-11694,0,996,train
0-11695,0,996,train
0-11696,0,996,train
0-11697,0,996,train
0-11698,0,996,train
0-11699,0,996,train
0-11700,0,996,train
0-11701,0,996,train
0-11702,0,996,train
0-11703,0,996,train
0-11704,0,996,train
0-11705,0,996,train
0-11706,0,996,train
0-11707,0,996,train
0-11708,0,996,train
0-11709,0,996,train
0-11710,0,996,train
0-11711,0,996,train
0-11712,0,996,train
0-11713,0,996,train
0-11714,0,996,train
0-11715,0,996,train
0-11716,0,996,train
0-11717,0,996,train
0-11718,0,996,train
0-11719,0,996,train
0-11720,0,996,train
0-11721,0,996,train
0-11722,0,996,train
0-11723,0,996,train
0-11724,0,996,train
0-11725,0,996,train
0-11726,0,996,train
0-11727,0,996,train
0-11728,0,996,train
0-11729,0,996,train
0-11730,0,996,train
0-11731,0,996,train
0-11732,0,996,train
0-11733,0,996,train
0-11734,0,996,train
0-11735,0,996,train
0-11736,0,996,train
0-11737,0,996,train
0-11738,0,996,train
0-11739,0,996,train
0-11740,0,996,train
0-11741,0,996,train
0-11742,0,996,train
0-11743,0,996,train
0-11744,0,996,train
0-11745,0,996,train
0-11746,0,996,train
0-11747,0,996,train
0-11748,0,996,train
0-11749,0,996,train
0-11750,0,996,train
0-11751,0,996,train
0-11752,0,996,train
0-11753,0,996,train
0-11754,0,996,train
0-11755,0,996,train
0-11756,0,996,train
0-11757,0,996,train
0-11758,0,996,train
0-11759,0,996,train
0-11760,0,996,train
0-11761,0,996,train
0-11762,0,996,train
0-11763,0,996,train
0-11764,0,996,train
0-11765,0,996,train
0-11766,0,996,train
0-11767,0,996,train
0-11768,0,996,train
0-11769,0,996,train
0-11770,0,996,train
0-11771,0,996,train
0-11772,0,996,train
0-11773,0,996,train
0-11774,0,996,train
0-11775,0,996,train
0-11776,0,996,train
0-11777,0,996,train
0-11778,0,996,train
0-11779,0,996,train
0-11780,0,996,train
0-11781,0,996,train
0-11782,0,996,train
0-11783,0,996,train
0-11784,0,996,train
0-11785,0,996,train
0-11786,0,996,train
0-11787,0,996,train
0-11788,0,996,train
0-11789,0,996,train
0-11790,0,996,train
0-11791,0,996,train
0-11792,0,996,train
0-11793,0,996,train
0-11794,0,996,train
0-11795,0,996,train
0-11796,0,996,train
0-11797,0,996,train
0-11798,0,996,train
0-11799,0,996,train
0-11800,0,996,train
0-11801,0,996,train
0-11802,0,996,train
0-11803,0,996,train
0-11804,0,996,train
0-11805,0,996,train
0-11806,0,996,train
0-11807,0,996,train
0-11808,0,996,train
0-11809,0,996,train
0-11810,0,996,train
0-11811,0,996,train
0-11812,0,996,train
0-11813,0,996,train
0-11814,0,996,train
0-11815,0,996,train
0-11816,0,996,train
0-11817,0,996,train
0-11818,0,996,train
0-11819,0,996,train
0-11820,0,996,train
0-11821,0,996,train
0-11822,0,996,train
0-11823,0,996,train
0-11824,0,996,train
0-11825,0,996,train
0-11826,0,996,train
0-11827,0,996,train
0-11828,0,996,train
0-11829,0,996,train
0-11830,0,996,train
0-11831,0,996,train
0-11832,0,996,train
0-11833,0,996,train
0-11834,0,996,train
0-11835,0,996,train
0-11836,0,996,train
0-11837,0,996,train
0-11838,0,996,train
0-11839,0,996,train
0-11840,0,996,train
0-11841,0,996,train
0-11842,0,996,train
0-11843,0,996,train
0-11844,0,996,train
0-11845,0,996,train
0-11846,0,996,train
0-11847,0,996,train
0-11848,0,996,train
0-11849,0,996,train
0-11850,0,996,train
0-11851,0,996,train
0-11852,0,996,train
0-11853,0,996,train
0-11854,0,996,train
0-11855,0,996,train
0-11856,0,996,train
0-11857,0,996,train
0-11858,0,996,train
0-11859,0,996,train
0-11860,0,996,train
0-11861,0,996,train
0-11862,0,996,train
0-11863,0,996,train
0-11864,0,996,train
0-11865,0,996,train
0-11866,0,996,train
0-11867,0,996,train
0-11868,0,996,train
0-11869,0,996,train
0-11870,0,996,train
0-11871,0,996,train
0-11872,0,996,train
0-11873,0,996,train
0-11874,0,996,train
0-11875,0,996,train
0-11876,0,996,train
0-11877,0,996,train
0-11878,0,996,train
0-11879,0,996,train
0-11880,0,996,train
0-11881,0,996,train
0-11882,0,996,train
0-11883,0,996,train
0-11884,0,996,train
0-11885,0,996,train
0-11886,0,996,train
0-11887,0,996,train
0-11888,0,996,train
0-11889,0,996,train
0-11890,0,996,train
0-11891,0,996,train
0-11892,0,996,train
0-11893,0,996,train
0-11894,0,996,train
0-11895,0,996,train
0-11896,0,996,train
0-11897,0,996,train
0-11898,0,996,train
0-11899,0,996,train
0-11900,0,996,train
0-11901,0,996,train
0-11902,0,996,train
0-11903,0,996,train
0-11904,0,996,train
0-11905,0,996,train
0-11906,0,996,train
0-11907,0,996,train
0-11908,0,996,train
0-11909,0,996,train
0-11910,0,996,train
0-11911,0,996,train
0-11912,0,996,train
0-11913,0,996,train
0-11914,0,996,train
0-11915,0,996,train
0-11916,0,996,train
0-11917,0,996,train
0-11918,0,996,train
0-11919,0,996,train
0-11920,0,996,train
0-11921,0,996,train
0-11922,0,996,train
0-11923,0,996,train
0-11924,0,996,train
0-11925,0,996,train
0-11926,0,996,train
0-11927,0,996,train
0-11928,0,996,train
0-11929,0,996,train
0-11930,0,996,train
0-11931,0,996,train
0-11932,0,996,train
0-11933,0,996,train
0-11934,0,996,train
0-11935,0,996,train
0-11936,0,996,train
0-11937,0,996,train
0-11938,0,996,train
0-11939,0,996,train
0-11940,0,996,train
0-11941,0,996,train
0-11942,0,996,train
0-11943,0,996,train
0-11944,0,996,train
0-11945,0,996,train
0-11946,0,996,train
0-11947,0,996,train
0-11948,0,996,train
0-11949,0,996,train
0-11950,0,996,train
0-11951,0,996,train
0-11952,0,996,train
0-11953,0,996,train
0-11954,0,996,train
0-11955,0,996,train
0-11956,0,996,train
0-11957,0,996,train
0-11958,0,996,train
0-11959,0,996,train
0-11960,0,996,train
0-11961,0,996,train
0-11962,0,996,train
0-11963,0,996,train
0-11964,0,996,train
0-11965,0,996,train
0-11966,0,996,train
0-11967,0,996,train
0-11968,0,996,train
0-11969,0,996,train
0-11970,0,996,train
0-11971,0,996,train
0-11972,0,996,train
0-11973,0,996,train
0-11974,0,996,train
0-11975,0,996,train
0-11976,0,996,train
0-11977,0,996,train
0-11978,0,996,train
0-11979,0,996,train
0-11980,0,996,train
0-11981,0,996,train
0-11982,0,996,train
0-11983,0,996,train
0-11984,0,996,train
0-11985,0,996,train
0-11986,0,996,train
0-11987,0,996,train
0-11988,0,996,train
0-11989,0,996,train
0-11990,0,996,train
0-11991,0,996,train
0-11992,0,996,train
0-11993,0,996,train
0-11994,0,996,train
0-11995,0,996,train
0-11996,0,996,train
0-11997,0,996,train
0-11998,0,996,train
0-11999,0,996,train
0-12000,0,996,train
0-12001,0,996,train
0-12002,0,996,train
0-12003,0,996,train
0-12004,0,996,train
0-12005,0,996,train
0-12006,0,996,train
0-12007,0,996,train
0-12008,0,996,train
0-12009,0,996,train
0-12010,0,996,train
0-12011,0,996,train
0-12012,0,996,train
0-12013,0,996,train
0-12014,0,996,train
0-12015,0,996,train
0-12016,0,996,train
0-12017,0,996,train
0-12018,0,996,train
0-12019,0,996,train
0-12020,0,996,train
0-12021,0,996,train
0-12022,0,996,train
0-12023,0,996,train
0-12024,0,996,train
0-12025,0,996,train
0-12026,0,996,train
0-12027,0,996,train
0-12028,0,996,train
0-12029,0,996,train
0-12030,0,996,train
0-12031,0,996,train
0-12032,0,996,train
0-12033,0,996,train
0-12034,0,996,train
0-12035,0,996,train
0-12036,0,996,train
0-12037,0,996,train
0-12038,0,996,train
0-12039,0,996,train
0-12040,0,996,train
0-12041,0,996,train
0-12042,0,996,train
0-12043,0,996,train
0-12044,0,996,train
0-12045,0,996,train
0-12046,0,996,train
0-12047,0,996,train
0-12048,0,996,train
0-12049,0,996,train
0-12050,0,996,train
0-12051,0,996,train
0-12052,0,996,train
0-12053,0,996,train
0-12054,0,996,train
0-12055,0,996,train
0-12056,0,996,train
0-12057,0,996,train
0-12058,0,996,train
0-12059,0,996,train
0-12060,0,996,train
0-12061,0,996,train
0-12062,0,996,train
0-12063,0,996,train
0-12064,0,996,train
0-12065,0,996,train
0-12066,0,996,train
0-12067,0,996,train
0-12068,0,996,train
0-12069,0,996,train
0-12070,0,996,train
0-12071,0,996,train
0-12072,0,996,train
0-12073,0,996,train
0-12074,0,996,train
0-12075,0,996,train
0-12076,0,996,train
0-12077,0,996,train
0-12078,0,996,train
0-12079,0,996,train
0-12080,0,996,train
0-12081,0,996,train
0-12082,0,996,train
0-12083,0,996,train
0-12084,0,996,train
0-12085,0,996,train
0-12086,0,996,train
0-12087,0,996,train
0-12088,0,996,train
0-12089,0,996,train
0-12090,0,996,train
0-12091,0,996,train
0-12092,0,996,train
0-12093,0,996,train
0-12094,0,996,train
0-12095,0,996,train
0-12096,0,996,train
0-12097,0,996,train
0-12098,0,996,train
0-12099,0,996,train
0-12100,0,996,train
0-12101,0,996,train
0-12102,0,996,train
0-12103,0,996,train
0-12104,0,996,train
0-12105,0,996,train
0-12106,0,996,train
0-12107,0,996,train
0-12108,0,996,train
0-12109,0,996,train
0-12110,0,996,train
0-12111,0,996,train
0-12112,0,996,train
0-12113,0,996,train
0-12114,0,996,train
0-12115,0,996,train
0-12116,0,996,train
0-12117,0,996,train
0-12118,0,996,train
0-12119,0,996,train
0-12120,0,996,train
0-12121,0,996,train
0-12122,0,996,train
0-12123,0,996,train
0-12124,0,996,train
0-12125,0,996,train
0-12126,0,996,train
0-12127,0,996,train
0-12128,0,996,train
0-12129,0,996,train
0-12130,0,996,train
0-12131,0,996,train
0-12132,0,996,train
0-12133,0,996,train
0-12134,0,996,train
0-12135,0,996,train
0-12136,0,996,train
0-12137,0,996,train
0-12138,0,996,train
0-12139,0,996,train
0-12140,0,996,train
0-12141,0,996,train
0-12142,0,996,train
0-12143,0,996,train
0-12144,0,996,train
0-12145,0,996,train
0-12146,0,996,train
0-12147,0,996,train
0-12148,0,996,train
0-12149,0,996,train
0-12150,0,996,train
0-12151,0,996,train
0-12152,0,996,train
0-12153,0,996,train
0-12154,0,996,train
0-12155,0,996,train
0-12156,0,996,train
0-12157,0,996,train
0-12158,0,996,train
0-12159,0,996,train
0-12160,0,996,train
0-12161,0,996,train
0-12162,0,996,train
0-12163,0,996,train
0-12164,0,996,train
0-12165,0,996,train
0-12166,0,996,train
0-12167,0,996,train
0-12168,0,996,train
0-12169,0,996,train
0-12170,0,996,train
0-12171,0,996,train
0-12172,0,996,train
0-12173,0,996,train
0-12174,0,996,train
0-12175,0,996,train
0-12176,0,996,train
0-12177,0,996,train
0-12178,0,996,train
0-12179,0,996,train
0-12180,0,996,train
0-12181,0,996,train
0-12182,0,996,train
0-12183,0,996,train
0-12184,0,996,train
0-12185,0,996,train
0-12186,0,996,train
0-12187,0,996,train
0-12188,0,996,train
0-12189,0,996,train
0-12190,0,996,train
0-12191,0,996,train
0-12192,0,996,train
0-12193,0,996,train
0-12194,0,996,train
0-12195,0,996,train
0-12196,0,996,train
0-12197,0,996,train
0-12198,0,996,train
0-12199,0,996,train
0-12200,0,996,train
0-12201,0,996,train
0-12202,0,996,train
0-12203,0,996,train
0-12204,0,996,train
0-12205,0,996,train
0-12206,0,996,train
0-12207,0,996,train
0-12208,0,996,train
0-12209,0,996,train
0-12210,0,996,train
0-12211,0,996,train
0-12212,0,996,train
0-12213,0,996,train
0-12214,0,996,train
0-12215,0,996,train
0-12216,0,996,train
0-12217,0,996,train
0-12218,0,996,train
0-12219,0,996,train
0-12220,0,996,train
0-12221,0,996,train
0-12222,0,996,train
0-12223,0,996,train
0-12224,0,996,train
0-12225,0,996,train
0-12226,0,996,train
0-12227,0,996,train
0-12228,0,996,train
0-12229,0,996,train
0-12230,0,996,train
0-12231,0,996,train
0-12232,0,996,train
0-12233,0,996,train
0-12234,0,996,train
0-12235,0,996,train
0-12236,0,996,train
0-12237,0,996,train
0-12238,0,996,train
0-12239,0,996,train
0-12240,0,996,train
0-12241,0,996,train
0-12242,0,996,train
0-12243,0,996,train
0-12244,0,996,train
0-12245,0,996,train
0-12246,0,996,train
0-12247,0,996,train
0-12248,0,996,train
0-12249,0,996,train
0-12250,0,996,train
0-12251,0,996,train
0-12252,0,996,train
0-12253,0,996,train
0-12254,0,996,train
0-12255,0,996,train
0-12256,0,996,train
0-12257,0,996,train
0-12258,0,996,train
0-12259,0,996,train
0-12260,0,996,train
0-12261,0,996,train
0-12262,0,996,train
0-12263,0,996,train
0-12264,0,996,train
0-12265,0,996,train
0-12266,0,996,train
0-12267,0,996,train
0-12268,0,996,train
0-12269,0,996,train
0-12270,0,996,train
0-12271,0,996,train
0-12272,0,996,train
0-12273,0,996,train
0-12274,0,996,train
0-12275,0,996,train
0-12276,0,996,train
0-12277,0,996,train
0-12278,0,996,train
0-12279,0,996,train
0-12280,0,996,train
0-12281,0,996,train
0-12282,0,996,train
0-12283,0,996,train
0-12284,0,996,train
0-12285,0,996,train
0-12286,0,996,train
0-12287,0,996,train
0-12288,0,996,train
0-12289,0,996,train
0-12290,0,996,train
0-12291,0,996,train
0-12292,0,996,train
0-12293,0,996,train
0-12294,0,996,train
0-12295,0,996,train
0-12296,0,996,train
0-12297,0,996,train
0-12298,0,996,train
0-12299,0,996,train
0-12300,0,996,train
0-12301,0,996,train
0-12302,0,996,train
0-12303,0,996,train
0-12304,0,996,train
0-12305,0,996,train
0-12306,0,996,train
0-12307,0,996,train
0-12308,0,996,train
0-12309,0,996,train
0-12310,0,996,train
0-12311,0,996,train
0-12312,0,996,train
0-12313,0,996,train
0-12314,0,996,train
0-12315,0,996,train
0-12316,0,996,train
0-12317,0,996,train
0-12318,0,996,train
0-12319,0,996,train
0-12320,0,996,train
0-12321,0,996,train
0-12322,0,996,train
0-12323,0,996,train
0-12324,0,996,train
0-12325,0,996,train
0-12326,0,996,train
0-12327,0,996,train
0-12328,0,996,train
0-12329,0,996,train
0-12330,0,996,train
0-12331,0,996,train
0-12332,0,996,train
0-12333,0,996,train
0-12334,0,996,train
0-12335,0,996,train
0-12336,0,996,train
0-12337,0,996,train
0-12338,0,996,train
0-12339,0,996,train
0-12340,0,996,train
0-12341,0,996,train
0-12342,0,996,train
0-12343,0,996,train
0-12344,0,996,train
0-12345,0,996,train
0-12346,0,996,train
0-12347,0,996,train
1-1239,1,44160,train
1-1240,1,44160,train
1-1241,1,44160,train
1-1242,1,44160,train
1-1243,1,44160,train
1-1244,1,44160,train
1-1245,1,44160,train
1-1246,1,44160,train
1-1247,1,44160,train
1-1248,1,44160,train
1-1249,1,44160,train
1-1250,1,44160,train
1-1251,1,44160,train
1-1252,1,44160,train
1-1253,1,44160,train
1-1254,1,44160,train
1-1255,1,44160,train
1-1256,1,44160,train
1-1257,1,44160,train
1-1258,1,44160,train
1-1259,1,44160,train
1-1260,1,44160,train
1-1261,1,44160,train
1-1262,1,44160,train
1-1263,1,44160,train
1-1264,1,44160,train
1-1265,1,44160,train
1-1266,1,44160,train
1-1267,1,44160,train
1-1268,1,44160,train
1-1269,1,44160,train
1-1270,1,44160,train
1-1271,1,44160,train
1-1272,1,44160,train
1-1273,1,44160,train
1-1274,1,44160,train
1-1275,1,44160,train
1-1276,1,44160,train
1-1277,1,44160,train
1-1278,1,44160,train
1-1279,1,44160,train
1-1280,1,44160,train
1-1281,1,44160,train
1-1282,1,44160,train
1-1283,1,44160,train
1-1284,1,44160,train
1-1285,1,44160,train
1-1286,1,44160,train
1-1287,1,44160,train
1-1288,1,44160,train
1-1289,1,44160,train
1-1290,1,44160,train
1-1291,1,44160,train
1-1292,1,44160,train
1-1293,1,44160,train
1-1294,1,44160,train
1-1295,1,44160,train
1-1296,1,44160,train
1-1297,1,44160,train
1-1298,1,44160,train
1-1299,1,44160,train
1-1300,1,44160,train
1-1301,1,44160,train
1-1302,1,44160,train
1-1303,1,44160,train
1-1304,1,44160,train
1-1305,1,44160,train
1-1306,1,44160,train
1-1307,1,44160,train
1-1308,1,44160,train
1-1309,1,44160,train
1-1310,1,44160,train
1-1311,1,44160,train
1-1312,1,44160,train
1-1313,1,44160,train
1-1314,1,44160,train
1-1315,1,44160,train
1-1316,1,44160,train
1-1317,1,44160,train
1-1318,1,44160,train
1-1319,1,44160,train
1-1320,1,44160,train
1-1321,1,44160,train
1-1322,1,44160,train
1-1323,1,44160,train
1-1324,1,44160,train
1-1325,1,44160,train
1-1326,1,44160,train
1-1327,1,44160,train
1-1328,1,44160,train
1-1329,1,44160,train
1-1330,1,44160,train
1-1331,1,44160,train
1-1332,1,44160,train
1-1333,1,44160,train
1-1334,1,44160,train
1-1335,1,44160,train
1-1336,1,44160,train
1-1337,1,44160,train
1-1338,1,44160,train
1-1339,1,44160,train
1-1340,1,44160,train
1-1341,1,44160,train
1-1342,1,44160,train
1-1343,1,44160,train
1-1344,1,44160,train
1-1345,1,44160,train
1-1346,1,44160,train
1-1347,1,44160,train
1-1348,1,44160,train
1-1349,1,44160,train
1-1350,1,44160,train
1-1351,1,44160,train
1-1352,1,44160,train
1-1353,1,44160,train
1-1354,1,44160,train
1-1355,1,44160,train
1-1356,1,44160,train
1-1357,1,44160,train
1-1358,1,44160,train
1-1359,1,44160,train
1-1360,1,44160,train
1-1361,1,44160,train
1-1362,1,44160,train
1-1363,1,44160,train
1-1364,1,44160,train
1-1365,1,44160,train
1-1366,1,44160,train
1-1367,1,44160,train
1-1368,1,44160,train
1-1369,1,44160,train
1-1370,1,44160,train
1-1371,1,44160,train
1-1372,1,44160,train
1-1373,1,44160,train
1-1374,1,44160,train
1-1375,1,44160,train
1-1376,1,44160,train
1-1377,1,44160,train
1-1378,1,44160,train
1-1379,1,44160,train
1-1380,1,44160,train
1-1381,1,44160,train
1-1382,1,44160,train
1-1383,1,44160,train
1-1384,1,44160,train
1-1385,1,44160,train
1-1386,1,44160,train
1-1387,1,44160,train
1-1388,1,44160,train
1-1389,1,44160,train
1-1918,1,15827,train
1-1919,1,15827,train
1-1920,1,15827,train
1-1921,1,15827,train
1-1922,1,15827,train
1-1923,1,15827,train
1-1924,1,15827,train
1-1925,1,15827,train
1-1926,1,15827,train
1-1927,1,15827,train
1-1928,1,15827,train
1-1929,1,15827,train
1-1930,1,15827,train
1-1931,1,15827,train
1-1932,1,15827,train
1-1933,1,15827,train
1-1934,1,15827,train
1-1935,1,15827,train
1-1936,1,15827,train
1-1937,1,15827,train
1-1938,1,15827,train
1-1939,1,15827,train
1-1940,1,15827,train
1-1941,1,15827,train
1-1942,1,15827,train
1-1943,1,15827,train
1-1944,1,15827,train
1-1945,1,15827,train
1-1946,1,15827,train
1-1947,1,15827,train
1-1948,1,15827,train
1-1949,1,15827,train
1-1950,1,15827,train
1-1951,1,15827,train
1-1952,1,15827,train
1-1953,1,15827,train
1-1954,1,15827,train
1-1955,1,15827,train
1-1956,1,15827,train
1-1957,1,15827,train
1-1958,1,15827,train
1-1959,1,15827,train
1-1960,1,15827,train
1-1961,1,15827,train
1-1962,1,15827,train
1-1963,1,15827,train
1-1964,1,15827,train
1-1965,1,15827,train
1-1966,1,15827,train
1-1967,1,15827,train
1-1968,1,15827,train
1-1969,1,15827,train
1-1970,1,15827,train
1-1971,1,15827,train
1-1972,1,15827,train
1-1973,1,15827,train
1-1974,1,15827,train
1-1975,1,15827,train
1-1976,1,15827,train
1-1977,1,15827,train
1-1978,1,15827,train
1-1979,1,15827,train
1-1980,1,15827,train
1-1981,1,15827,train
1-1982,1,15827,train
1-1983,1,15827,train
1-1984,1,15827,train
1-1985,1,15827,train
1-1986,1,15827,train
1-1987,1,15827,train
1-1988,1,15827,train
1-1989,1,15827,train
1-1990,1,15827,train
1-1991,1,15827,train
1-1992,1,15827,train
1-1993,1,15827,train
1-1994,1,15827,train
1-1995,1,15827,train
1-1996,1,15827,train
1-1997,1,15827,train
1-1998,1,15827,train
1-1999,1,15827,train
1-2000,1,15827,train
1-2001,1,15827,train
1-2002,1,15827,train
1-2003,1,15827,train
1-2004,1,15827,train
1-2005,1,15827,train
1-2006,1,15827,train
1-2007,1,15827,train
1-2008,1,15827,train
1-2009,1,15827,train
1-2010,1,15827,train
1-2011,1,15827,train
1-2012,1,15827,train
1-2013,1,15827,train
1-2014,1,15827,train
1-2015,1,15827,train
1-2016,1,15827,train
1-2017,1,15827,train
1-2018,1,15827,train
1-2019,1,15827,train
1-2020,1,15827,train
1-2021,1,15827,train
1-2022,1,15827,train
1-2023,1,15827,train
1-2024,1,15827,train
1-2025,1,15827,train
1-2026,1,15827,train
1-2027,1,15827,train
1-2028,1,15827,train
1-2029,1,15827,train
1-2030,1,15827,train
1-2031,1,15827,train
1-2032,1,15827,train
1-2033,1,15827,train
1-2034,1,15827,train
1-2035,1,15827,train
1-2036,1,15827,train
1-2037,1,15827,train
1-2038,1,15827,train
1-2039,1,15827,train
1-2040,1,15827,train
1-2041,1,15827,train
1-2042,1,15827,train
1-2043,1,15827,train
1-2044,1,15827,train
1-2045,1,15827,train
1-2046,1,15827,train
1-2047,1,15827,train
1-2048,1,15827,train
1-2049,1,15827,train
1-2050,1,15827,train
1-2051,1,15827,train
1-2052,1,15827,train
1-2053,1,15827,train
1-2054,1,15827,train
1-2055,1,15827,train
1-2056,1,15827,train
1-2057,1,15827,train
1-2058,1,15827,train
1-2059,1,15827,train
1-2060,1,15827,train
1-2061,1,15827,train
1-2062,1,15827,train
1-2063,1,15827,train
1-2064,1,15827,train
1-2065,1,15827,train
1-2066,1,15827,train
1-2067,1,15827,train
1-2068,1,15827,train
1-2069,1,15827,train
1-2070,1,15827,train
1-2071,1,15827,train
1-2072,1,15827,train
1-2073,1,15827,train
1-2074,1,15827,train
1-2075,1,15827,train
1-2076,1,15827,train
1-2077,1,15827,train
1-2078,1,15827,train
1-2079,1,15827,train
1-2080,1,15827,train
1-2081,1,15827,train
1-2082,1,15827,train
1-2083,1,15827,train
1-2084,1,15827,train
1-2085,1,15827,train
1-2086,1,15827,train
1-2087,1,15827,train
1-2088,1,15827,train
1-2089,1,15827,train
1-2090,1,15827,train
1-2091,1,15827,train
1-2092,1,15827,train
1-2093,1,15827,train
1-2094,1,15827,train
1-2095,1,15827,train
1-2096,1,15827,train
1-2097,1,15827,train
1-2098,1,15827,train
1-2099,1,15827,train
1-2100,1,15827,train
1-2101,1,15827,train
1-2102,1,15827,train
1-2103,1,15827,train
1-2104,1,15827,train
1-2105,1,15827,train
1-2106,1,15827,train
1-2107,1,15827,train
1-2108,1,15827,train
1-2109,1,15827,train
1-2110,1,15827,train
1-2111,1,15827,train
1-2112,1,15827,train
1-2113,1,15827,train
1-2114,1,15827,train
1-2115,1,15827,train
1-2116,1,15827,train
1-2117,1,15827,train
1-2118,1,15827,train
1-2119,1,15827,train
1-2120,1,15827,train
1-2121,1,15827,train
1-2122,1,15827,train
1-2123,1,15827,train
1-2124,1,15827,train
1-2125,1,15827,train
1-2126,1,15827,train
1-2127,1,15827,train
1-2128,1,15827,train
1-2129,1,15827,train
1-2130,1,15827,train
1-2131,1,15827,train
1-2132,1,15827,train
1-2133,1,15827,train
1-2134,1,15827,train
1-2135,1,15827,train
1-2136,1,15827,train
1-2137,1,15827,train
1-2138,1,15827,train
1-2139,1,15827,train
1-2140,1,15827,train
1-2141,1,15827,train
1-2142,1,15827,train
1-2143,1,15827,train
1-2144,1,15827,train
1-2145,1,15827,train
1-2146,1,15827,train
1-2147,1,15827,train
1-2148,1,15827,train
1-2149,1,15827,train
1-2150,1,15827,train
1-2151,1,15827,train
1-2152,1,15827,train
1-2153,1,15827,train
1-2154,1,15827,train
1-2155,1,15827,train
1-2156,1,15827,train
1-2157,1,15827,train
1-2158,1,15827,train
1-2159,1,15827,train
1-2160,1,15827,train
1-2161,1,15827,train
1-2162,1,15827,train
1-2163,1,15827,train
1-2164,1,15827,train
1-2165,1,15827,train
1-2166,1,15827,train
1-2167,1,15827,train
1-2168,1,15827,train
1-2169,1,15827,train
1-2170,1,15827,train
1-2171,1,15827,train
1-2172,1,15827,train
1-2173,1,15827,train
1-2174,1,15827,train
1-2175,1,15827,train
1-2176,1,15827,train
1-2177,1,15827,train
1-2178,1,15827,train
1-2179,1,15827,train
1-2180,1,15827,train
1-2181,1,15827,train
1-2182,1,15827,train
1-2183,1,15827,train
1-2184,1,15827,train
1-2185,1,15827,train
1-2186,1,15827,train
1-2187,1,15827,train
1-2188,1,15827,train
1-2189,1,15827,train
1-2190,1,15827,train
1-2191,1,15827,train
1-2192,1,15827,train
1-2193,1,15827,train
1-2194,1,15827,train
1-2195,1,15827,train
1-2196,1,15827,train
1-2197,1,15827,train
1-2198,1,15827,train
1-2199,1,15827,train
1-2200,1,15827,train
1-2201,1,15827,train
1-2202,1,15827,train
1-2203,1,15827,train
1-2204,1,15827,train
1-2205,1,15827,train
1-2206,1,15827,train
1-2207,1,15827,train
1-2208,1,15827,train
1-2209,1,15827,train
1-2210,1,15827,train
1-2211,1,15827,train
1-2212,1,15827,train
1-2213,1,15827,train
1-2214,1,15827,train
1-2215,1,15827,train
1-2216,1,15827,train
1-2217,1,15827,train
1-2218,1,15827,train
1-2219,1,15827,train
1-2220,1,15827,train
1-2221,1,15827,train
1-2222,1,15827,train
1-2223,1,15827,train
1-2224,1,15827,train
1-2225,1,15827,train
1-2226,1,15827,train
1-2227,1,15827,train
1-2228,1,15827,train
1-2229,1,15827,train
1-2230,1,15827,train
1-2231,1,15827,train
1-2232,1,15827,train
1-2233,1,15827,train
1-2234,1,15827,train
1-2235,1,15827,train
1-2236,1,15827,train
1-2237,1,15827,train
1-2238,1,15827,train
1-2239,1,15827,train
1-2240,1,15827,train
1-2241,1,15827,train
1-2242,1,15827,train
1-2243,1,15827,train
1-2244,1,15827,train
1-2245,1,15827,train
1-2246,1,15827,train
1-2247,1,15827,train
1-2248,1,15827,train
1-2249,1,15827,train
1-2250,1,15827,train
1-2251,1,15827,train
1-2252,1,15827,train
1-2253,1,15827,train
1-2254,1,15827,train
1-2255,1,15827,train
1-2256,1,15827,train
1-2257,1,15827,train
1-2258,1,15827,train
1-2259,1,15827,train
1-2260,1,15827,train
1-2261,1,15827,train
1-2262,1,15827,train
1-2263,1,15827,train
1-2264,1,15827,train
1-2265,1,15827,train
1-2266,1,15827,train
1-2267,1,15827,train
1-2268,1,15827,train
1-2269,1,15827,train
1-2270,1,15827,train
1-2271,1,15827,train
1-2272,1,15827,train
1-2273,1,15827,train
1-2274,1,15827,train
1-2275,1,15827,train
1-2276,1,15827,train
1-2277,1,15827,train
1-2278,1,15827,train
1-2279,1,15827,train
1-2280,1,15827,train
1-2281,1,15827,train
1-2282,1,15827,train
1-2283,1,15827,train
1-2284,1,15827,train
1-2285,1,15827,train
1-2286,1,15827,train
1-2287,1,15827,train
1-2288,1,15827,train
1-2289,1,15827,train
1-2290,1,15827,train
1-2291,1,15827,train
1-2292,1,15827,train
1-2293,1,15827,train
1-2294,1,15827,train
1-2295,1,15827,train
1-2296,1,15827,train
1-2297,1,15827,train
1-2298,1,15827,train
1-2299,1,15827,train
1-2300,1,15827,train
1-2301,1,15827,train
1-2302,1,15827,train
1-2303,1,15827,train
1-2304,1,15827,train
1-2305,1,15827,train
1-2306,1,15827,train
1-2307,1,15827,train
1-2308,1,15827,train
1-2309,1,15827,train
1-2310,1,15827,train
1-2311,1,15827,train
1-2312,1,15827,train
1-2313,1,15827,train
1-2314,1,15827,train
1-2315,1,15827,train
1-2316,1,15827,train
1-2317,1,15827,train
1-2318,1,15827,train
1-2319,1,15827,train
1-2320,1,15827,train
1-2321,1,15827,train
1-2322,1,15827,train
1-2323,1,15827,train
1-2324,1,15827,train
1-2325,1,15827,train
1-2326,1,15827,train
1-2327,1,15827,train
1-2328,1,15827,train
1-2329,1,15827,train
1-2330,1,15827,train
1-2331,1,15827,train
1-2332,1,15827,train
1-2333,1,15827,train
1-2334,1,15827,train
1-2335,1,15827,train
1-2336,1,15827,train
1-2337,1,15827,train
1-2338,1,15827,train
1-2339,1,15827,train
1-2340,1,15827,train
1-2341,1,15827,train
1-2342,1,15827,train
1-2343,1,15827,train
1-2344,1,15827,train
1-2345,1,15827,train
1-2346,1,15827,train
1-2347,1,15827,train
1-2348,1,15827,train
1-2349,1,15827,train
1-2350,1,15827,train
1-2351,1,15827,train
1-2352,1,15827,train
1-2353,1,15827,train
1-2354,1,15827,train
1-2355,1,15827,train
1-2356,1,15827,train
1-2357,1,15827,train
1-2358,1,15827,train
1-2359,1,15827,train
1-2360,1,15827,train
1-2361,1,15827,train
1-2362,1,15827,train
1-2363,1,15827,train
1-2364,1,15827,train
1-2365,1,15827,train
1-2366,1,15827,train
1-2367,1,15827,train
1-2368,1,15827,train
1-2369,1,15827,train
1-2370,1,15827,train
1-2371,1,15827,train
1-2372,1,15827,train
1-2373,1,15827,train
1-2374,1,15827,train
1-2375,1,15827,train
1-2376,1,15827,train
1-2377,1,15827,train
1-2378,1,15827,train
1-2379,1,15827,train
1-2380,1,15827,train
1-2381,1,15827,train
1-2382,1,15827,train
1-2383,1,15827,train
1-2384,1,15827,train
1-2385,1,15827,train
1-2386,1,15827,train
1-2387,1,15827,train
1-2388,1,15827,train
1-2389,1,15827,train
1-2390,1,15827,train
1-2391,1,15827,train
1-2392,1,15827,train
1-2393,1,15827,train
1-2394,1,15827,train
1-2395,1,15827,train
1-2396,1,15827,train
1-2397,1,15827,train
1-2398,1,15827,train
1-2399,1,15827,train
1-2400,1,15827,train
1-2401,1,15827,train
1-2402,1,15827,train
1-2403,1,15827,train
1-2404,1,15827,train
1-2405,1,15827,train
1-2406,1,15827,train
1-2407,1,15827,train
1-2408,1,15827,train
1-2409,1,15827,train
1-2410,1,15827,train
1-2411,1,15827,train
1-2412,1,15827,train
1-2413,1,15827,train
1-2414,1,15827,train
1-2415,1,15827,train
1-2416,1,15827,train
1-2417,1,15827,train
1-2418,1,15827,train
1-2419,1,15827,train
1-2420,1,15827,train
1-2421,1,15827,train
1-2422,1,15827,train
1-2423,1,15827,train
1-2424,1,15827,train
1-2425,1,15827,train
1-2426,1,15827,train
1-2427,1,15827,train
1-2428,1,15827,train
1-2429,1,15827,train
1-2430,1,15827,train
1-2431,1,15827,train
1-2432,1,15827,train
1-2433,1,15827,train
1-2434,1,15827,train
1-2435,1,15827,train
1-2436,1,15827,train
1-2437,1,15827,train
1-2438,1,15827,train
1-2439,1,15827,train
1-2440,1,15827,train
1-2441,1,15827,train
1-2442,1,15827,train
1-2443,1,15827,train
1-2444,1,15827,train
1-2445,1,15827,train
1-2446,1,15827,train
1-2447,1,15827,train
1-2448,1,15827,train
1-2449,1,15827,train
1-2450,1,15827,train
1-2451,1,15827,train
1-2452,1,15827,train
1-2453,1,15827,train
1-2454,1,15827,train
1-2455,1,15827,train
1-2456,1,15827,train
1-2457,1,15827,train
1-2458,1,15827,train
1-2459,1,15827,train
1-2460,1,15827,train
1-2461,1,15827,train
1-2462,1,15827,train
1-2463,1,15827,train
1-2464,1,15827,train
1-2465,1,15827,train
1-2466,1,15827,train
1-2467,1,15827,train
1-2468,1,15827,train
1-2469,1,15827,train
1-2470,1,15827,train
1-2471,1,15827,train
1-2472,1,15827,train
1-2473,1,15827,train
1-2474,1,15827,train
1-2475,1,15827,train
1-2476,1,15827,train
1-2477,1,15827,train
1-2478,1,15827,train
1-2479,1,15827,train
1-2480,1,15827,train
1-2481,1,15827,train
1-2482,1,15827,train
1-2483,1,15827,train
1-2484,1,15827,train
1-2485,1,15827,train
1-2486,1,15827,train
1-2487,1,15827,train
1-2488,1,15827,train
1-2489,1,15827,train
1-2490,1,15827,train
1-2491,1,15827,train
1-2492,1,15827,train
1-2493,1,15827,train
1-2494,1,15827,train
1-2495,1,15827,train
1-2496,1,15827,train
1-2497,1,15827,train
1-2498,1,15827,train
1-2499,1,15827,train
1-2500,1,15827,train
1-2501,1,15827,train
1-2502,1,15827,train
1-2503,1,15827,train
1-2504,1,15827,train
1-2505,1,15827,train
1-2506,1,15827,train
1-2507,1,15827,train
1-2508,1,15827,train
1-2509,1,15827,train
1-2510,1,15827,train
1-2511,1,15827,train
1-2512,1,15827,train
1-2513,1,15827,train
1-2514,1,15827,train
1-2515,1,15827,train
1-2516,1,15827,train
1-2517,1,15827,train
1-2518,1,15827,train
1-2519,1,15827,train
1-2520,1,15827,train
1-2521,1,15827,train
1-2522,1,15827,train
1-2523,1,15827,train
1-2524,1,15827,train
1-2525,1,15827,train
1-2526,1,15827,train
1-2527,1,15827,train
1-2528,1,15827,train
1-2529,1,15827,train
1-2530,1,15827,train
1-2531,1,15827,train
1-2532,1,15827,train
1-2533,1,15827,train
1-2534,1,15827,train
1-2535,1,15827,train
1-2536,1,15827,train
1-2537,1,15827,train
1-2538,1,15827,train
1-2539,1,15827,train
1-2540,1,15827,train
1-2541,1,15827,train
1-2542,1,15827,train
1-2543,1,15827,train
1-2544,1,15827,train
1-2545,1,15827,train
1-2546,1,15827,train
1-2547,1,15827,train
1-2548,1,15827,train
1-2549,1,15827,train
1-2550,1,15827,train
1-2551,1,15827,train
1-2552,1,15827,train
1-2553,1,15827,train
1-2554,1,15827,train
1-2555,1,15827,train
1-2556,1,15827,train
1-2557,1,15827,train
1-2558,1,15827,train
1-2559,1,15827,train
1-2560,1,15827,train
1-2561,1,15827,train
1-2562,1,15827,train
1-2563,1,15827,train
1-2564,1,15827,train
1-2565,1,15827,train
1-2566,1,15827,train
1-2567,1,15827,train
1-2568,1,15827,train
1-2569,1,15827,train
1-2570,1,15827,train
1-2571,1,15827,train
1-2572,1,15827,train
1-2573,1,15827,train
1-2574,1,15827,train
1-2575,1,15827,train
1-2576,1,15827,train
1-2577,1,15827,train
1-2578,1,15827,train
1-2579,1,15827,train
1-2580,1,15827,train
1-2581,1,15827,train
1-2582,1,15827,train
1-2583,1,15827,train
1-2584,1,15827,train
1-2585,1,15827,train
1-2586,1,15827,train
1-2587,1,15827,train
1-2588,1,15827,train
1-2589,1,15827,train
1-2590,1,15827,train
1-2591,1,15827,train
1-2592,1,15827,train
1-2593,1,15827,train
1-2594,1,15827,train
1-2595,1,15827,train
1-2596,1,15827,train
1-2597,1,15827,train
1-2598,1,15827,train
1-2599,1,15827,train
1-2600,1,15827,train
1-2601,1,15827,train
1-2602,1,15827,train
1-2603,1,15827,train
1-2604,1,15827,train
1-2605,1,15827,train
1-2606,1,15827,train
1-2607,1,15827,train
1-2608,1,15827,train
1-2609,1,15827,train
1-2610,1,15827,train
1-2611,1,15827,train
1-2612,1,15827,train
1-2613,1,15827,train
1-2614,1,15827,train
1-2615,1,15827,train
1-2616,1,15827,train
1-2617,1,15827,train
1-2618,1,15827,train
1-2619,1,15827,train
1-2620,1,15827,train
1-2621,1,15827,train
1-2622,1,15827,train
1-2623,1,15827,train
1-2624,1,15827,train
1-2625,1,15827,train
1-2626,1,15827,train
1-2627,1,15827,train
1-2628,1,15827,train
1-2629,1,15827,train
1-2630,1,15827,train
1-2631,1,15827,train
1-2632,1,15827,train
1-2633,1,15827,train
1-2634,1,15827,train
1-2635,1,15827,train
1-2636,1,15827,train
1-2637,1,15827,train
1-2638,1,15827,train
1-2639,1,15827,train
1-2640,1,15827,train
1-2641,1,15827,train
1-2642,1,15827,train
1-2643,1,15827,train
1-2644,1,15827,train
1-2645,1,15827,train
1-2646,1,15827,train
1-2647,1,15827,train
1-2648,1,15827,train
1-2649,1,15827,train
1-2650,1,15827,train
1-2651,1,15827,train
1-2652,1,15827,train
1-2653,1,15827,train
1-2654,1,15827,train
1-2655,1,15827,train
1-2656,1,15827,train
1-2657,1,15827,train
1-2658,1,15827,train
1-2659,1,15827,train
1-2660,1,15827,train
1-2661,1,15827,train
1-2662,1,15827,train
1-2663,1,15827,train
1-2664,1,15827,train
1-2665,1,15827,train
1-2666,1,15827,train
1-2667,1,15827,train
1-2668,1,15827,train
1-2669,1,15827,train
1-2670,1,15827,train
1-2671,1,15827,train
1-2672,1,15827,train
1-2673,1,15827,train
1-2674,1,15827,train
1-2675,1,15827,train
1-2676,1,15827,train
1-2677,1,15827,train
1-2678,1,15827,train
1-2679,1,15827,train
1-2680,1,15827,train
1-2681,1,15827,train
1-2682,1,15827,train
1-2683,1,15827,train
1-2684,1,15827,train
1-2685,1,15827,train
1-2686,1,15827,train
1-2687,1,15827,train
1-2703,1,29424,train
1-2704,1,29424,train
1-2705,1,29424,train
1-2706,1,29424,train
1-2707,1,29424,train
1-2708,1,29424,train
1-2709,1,29424,train
1-2710,1,29424,train
1-2711,1,29424,train
1-2712,1,29424,train
1-2713,1,29424,train
1-2714,1,29424,train
1-2715,1,29424,train
1-2716,1,29424,train
1-2717,1,29424,train
1-2718,1,29424,train
1-2719,1,29424,train
1-2720,1,29424,train
1-2721,1,29424,train
1-2722,1,29424,train
1-2723,1,29424,train
1-2724,1,29424,train
1-2725,1,29424,train
1-2726,1,29424,train
1-2727,1,29424,train
1-2728,1,29424,train
1-2729,1,29424,train
1-2730,1,29424,train
1-2731,1,29424,train
1-2732,1,29424,train
1-2733,1,29424,train
1-2734,1,29424,train
1-2735,1,29424,train
1-2736,1,29424,train
1-2737,1,29424,train
1-2738,1,29424,train
1-2739,1,29424,train
1-2740,1,29424,train
1-2741,1,29424,train
1-2742,1,29424,train
1-2743,1,29424,train
1-2744,1,29424,train
1-2745,1,29424,train
1-2746,1,29424,train
1-2747,1,29424,train
1-2748,1,29424,train
1-2749,1,29424,train
1-2750,1,29424,train
1-2751,1,29424,train
1-2752,1,29424,train
1-2753,1,29424,train
1-2754,1,29424,train
1-2755,1,29424,train
1-2756,1,29424,train
1-2757,1,29424,train
1-2758,1,29424,train
1-2759,1,29424,train
1-2760,1,29424,train
1-2761,1,29424,train
1-2762,1,29424,train
1-2763,1,29424,train
1-2764,1,29424,train
1-2765,1,29424,train
1-2766,1,29424,train
1-2767,1,29424,train
1-2768,1,29424,train
1-2769,1,29424,train
1-2770,1,29424,train
1-2771,1,29424,train
1-2772,1,29424,train
1-2773,1,29424,train
1-2774,1,29424,train
1-2775,1,29424,train
1-2776,1,29424,train
1-2777,1,29424,train
1-2778,1,29424,train
1-2779,1,29424,train
1-2780,1,29424,train
1-2781,1,29424,train
1-2782,1,29424,train
1-2783,1,29424,train
1-2784,1,29424,train
1-2785,1,29424,train
1-2786,1,29424,train
1-2787,1,29424,train
1-2788,1,29424,train
1-2789,1,29424,train
1-2790,1,29424,train
1-2791,1,29424,train
1-2792,1,29424,train
1-2793,1,29424,train
1-2794,1,29424,train
1-2795,1,29424,train
1-2796,1,29424,train
1-2797,1,29424,train
1-2798,1,29424,train
1-2799,1,29424,train
1-2800,1,29424,train
1-2801,1,29424,train
1-2802,1,29424,train
1-2803,1,29424,train
1-2804,1,29424,train
1-2805,1,29424,train
1-2806,1,29424,train
1-2807,1,29424,train
1-2808,1,29424,train
1-2809,1,29424,train
1-2810,1,29424,train
1-2811,1,29424,train
1-2812,1,29424,train
1-2813,1,29424,train
1-2814,1,29424,train
1-2815,1,29424,train
1-2816,1,29424,train
1-2817,1,29424,train
1-2818,1,29424,train
1-2819,1,29424,train
1-2820,1,29424,train
1-2821,1,29424,train
1-2822,1,29424,train
1-2823,1,29424,train
1-2824,1,29424,train
1-2825,1,29424,train
1-2826,1,29424,train
1-2827,1,29424,train
1-2828,1,29424,train
1-2829,1,29424,train
1-2830,1,29424,train
1-2831,1,29424,train
1-2832,1,29424,train
1-2833,1,29424,train
1-2834,1,29424,train
1-2835,1,29424,train
1-2836,1,29424,train
1-2837,1,29424,train
1-2838,1,29424,train
1-2839,1,29424,train
1-2840,1,29424,train
1-2841,1,29424,train
1-2842,1,29424,train
1-2843,1,29424,train
1-2844,1,29424,train
1-2845,1,29424,train
1-2846,1,29424,train
1-2847,1,29424,train
1-2848,1,29424,train
1-2849,1,29424,train
1-2850,1,29424,train
1-2851,1,29424,train
1-2852,1,29424,train
1-2853,1,29424,train
1-2854,1,29424,train
1-2855,1,29424,train
1-2856,1,29424,train
1-2857,1,29424,train
1-2858,1,29424,train
1-2859,1,29424,train
1-2860,1,29424,train
1-2861,1,29424,train
1-2862,1,29424,train
1-2863,1,29424,train
1-2864,1,29424,train
1-2865,1,29424,train
1-2866,1,29424,train
1-2867,1,29424,train
1-2868,1,29424,train
1-2869,1,29424,train
1-2870,1,29424,train
1-2871,1,29424,train
1-2872,1,29424,train
1-2873,1,29424,train
1-2874,1,29424,train
1-2875,1,29424,train
1-2876,1,29424,train
1-2877,1,29424,train
1-2878,1,29424,train
1-2879,1,29424,train
1-2880,1,29424,train
1-2881,1,29424,train
1-2882,1,29424,train
1-2883,1,29424,train
1-2884,1,29424,train
1-2885,1,29424,train
1-2886,1,29424,train
1-3828,1,8503,train
1-3829,1,8503,train
1-3830,1,8503,train
1-3831,1,8503,train
1-3832,1,8503,train
1-3833,1,8503,train
1-3834,1,8503,train
1-3835,1,8503,train
1-3836,1,8503,train
1-3837,1,8503,train
1-3838,1,8503,train
1-3839,1,8503,train
1-3840,1,8503,train
1-3841,1,8503,train
1-3842,1,8503,train
1-3843,1,8503,train
1-3844,1,8503,train
1-3845,1,8503,train
1-3846,1,8503,train
1-3847,1,8503,train
1-3848,1,8503,train
1-3849,1,8503,train
1-3850,1,8503,train
1-3851,1,8503,train
1-3852,1,8503,train
1-3853,1,8503,train
1-3854,1,8503,train
1-3855,1,8503,train
1-3856,1,8503,train
1-3857,1,8503,train
1-3858,1,8503,train
1-3859,1,8503,train
1-3860,1,8503,train
1-3861,1,8503,train
1-3862,1,8503,train
1-3863,1,8503,train
1-3864,1,8503,train
1-3865,1,8503,train
1-3866,1,8503,train
1-3867,1,8503,train
1-3868,1,8503,train
1-3869,1,8503,train
1-3870,1,8503,train
1-3871,1,8503,train
1-3872,1,8503,train
1-3873,1,8503,train
1-3874,1,8503,train
1-3875,1,8503,train
1-3876,1,8503,train
1-3877,1,8503,train
1-3878,1,8503,train
1-3879,1,8503,train
1-3880,1,8503,train
1-3881,1,8503,train
1-3882,1,8503,train
1-3883,1,8503,train
1-3884,1,8503,train
1-3885,1,8503,train
1-3886,1,8503,train
1-3887,1,8503,train
1-3888,1,8503,train
1-3889,1,8503,train
1-3890,1,8503,train
1-3891,1,8503,train
1-3892,1,8503,train
1-3893,1,8503,train
1-3894,1,8503,train
1-3895,1,8503,train
1-3896,1,8503,train
1-3897,1,8503,train
1-3898,1,8503,train
1-3899,1,8503,train
1-3900,1,8503,train
1-3901,1,8503,train
1-3902,1,8503,train
1-3903,1,8503,train
1-3904,1,8503,train
1-3905,1,8503,train
1-3906,1,8503,train
1-3907,1,8503,train
1-3908,1,8503,train
1-3909,1,8503,train
1-3910,1,8503,train
1-3911,1,8503,train
1-3912,1,8503,train
1-3913,1,8503,train
1-3914,1,8503,train
1-3915,1,8503,train
1-3916,1,8503,train
1-3917,1,8503,train
1-3918,1,8503,train
1-3919,1,8503,train
1-3920,1,8503,train
1-3921,1,8503,train
1-3922,1,8503,train
1-3923,1,8503,train
1-3924,1,8503,train
1-3925,1,8503,train
1-3926,1,8503,train
1-3927,1,8503,train
1-3928,1,8503,train
1-3929,1,8503,train
1-3930,1,8503,train
1-3931,1,8503,train
1-3932,1,8503,train
1-3933,1,8503,train
1-3934,1,8503,train
1-3935,1,8503,train
1-3936,1,8503,train
1-3937,1,8503,train
1-3938,1,8503,train
1-3939,1,8503,train
1-3940,1,8503,train
1-3941,1,8503,train
1-3942,1,8503,train
1-3943,1,8503,train
1-3944,1,8503,train
1-3945,1,8503,train
1-3946,1,8503,train
1-3947,1,8503,train
1-3948,1,8503,train
1-3949,1,8503,train
1-3950,1,8503,train
1-3951,1,8503,train
1-3952,1,8503,train
1-3953,1,8503,train
1-3954,1,8503,train
1-3955,1,8503,train
1-3956,1,8503,train
1-3957,1,8503,train
1-3958,1,8503,train
1-3959,1,8503,train
1-3960,1,8503,train
1-3961,1,8503,train
1-3962,1,8503,train
1-3963,1,8503,train
1-3964,1,8503,train
1-3965,1,8503,train
1-3966,1,8503,train
1-3967,1,8503,train
1-3968,1,8503,train
1-3969,1,8503,train
1-3970,1,8503,train
1-3971,1,8503,train
1-3972,1,8503,train
1-3973,1,8503,train
1-3974,1,8503,train
1-3975,1,8503,train
1-3976,1,8503,train
1-3977,1,8503,train
1-3978,1,8503,train
1-3979,1,8503,train
1-3980,1,8503,train
1-3981,1,8503,train
1-3982,1,8503,train
1-3983,1,8503,train
1-3984,1,8503,train
1-3985,1,8503,train
1-3986,1,8503,train
1-3987,1,8503,train
1-3988,1,8503,train
1-3989,1,8503,train
1-3990,1,8503,train
1-3991,1,8503,train
1-3992,1,8503,train
1-3993,1,8503,train
1-3994,1,8503,train
1-3995,1,8503,train
1-3996,1,8503,train
1-3997,1,8503,train
1-3998,1,8503,train
1-3999,1,8503,train
1-4000,1,8503,train
1-4001,1,8503,train
1-4002,1,8503,train
1-4003,1,8503,train
1-4004,1,8503,train
1-4005,1,8503,train
1-4006,1,8503,train
1-4007,1,8503,train
1-4008,1,8503,train
1-4009,1,8503,train
1-4010,1,8503,train
1-4011,1,8503,train
1-4012,1,8503,train
1-4013,1,8503,train
1-4014,1,8503,train
1-4015,1,8503,train
1-4016,1,8503,train
1-4017,1,8503,train
1-4018,1,8503,train
1-4019,1,8503,train
1-4020,1,8503,train
1-4021,1,8503,train
1-4022,1,8503,train
1-4023,1,8503,train
1-4024,1,8503,train
1-4025,1,8503,train
1-4026,1,8503,train
1-4027,1,8503,train
1-4028,1,8503,train
1-4029,1,8503,train
1-4030,1,8503,train
1-4031,1,8503,train
1-4032,1,8503,train
1-4033,1,8503,train
1-4034,1,8503,train
1-4035,1,8503,train
1-4036,1,8503,train
1-4037,1,8503,train
1-4038,1,8503,train
1-4039,1,8503,train
1-4040,1,8503,train
1-4041,1,8503,train
1-4042,1,8503,train
1-4043,1,8503,train
1-4044,1,8503,train
1-4045,1,8503,train
1-4046,1,8503,train
1-4047,1,8503,train
1-4048,1,8503,train
1-4049,1,8503,train
1-4050,1,8503,train
1-4051,1,8503,train
1-4052,1,8503,train
1-4053,1,8503,train
1-4054,1,8503,train
1-4055,1,8503,train
1-4056,1,8503,train
1-4057,1,8503,train
1-4058,1,8503,train
1-4059,1,8503,train
1-4060,1,8503,train
1-4061,1,8503,train
1-4062,1,8503,train
1-4063,1,8503,train
1-4064,1,8503,train
1-4065,1,8503,train
1-4066,1,8503,train
1-4067,1,8503,train
1-4068,1,8503,train
1-4069,1,8503,train
1-4070,1,8503,train
1-4071,1,8503,train
1-4072,1,8503,train
1-4073,1,8503,train
1-4074,1,8503,train
1-4075,1,8503,train
1-4076,1,8503,train
1-4077,1,8503,train
1-4078,1,8503,train
1-4079,1,8503,train
1-4080,1,8503,train
1-4081,1,8503,train
1-4082,1,8503,train
1-4083,1,8503,train
1-4084,1,8503,train
1-4085,1,8503,train
1-4086,1,8503,train
1-4087,1,8503,train
1-4088,1,8503,train
1-4089,1,8503,train
1-4090,1,8503,train
1-4091,1,8503,train
1-4092,1,8503,train
1-4093,1,8503,train
1-4094,1,8503,train
1-4095,1,8503,train
1-4096,1,8503,train
1-4097,1,8503,train
1-4098,1,8503,train
1-4099,1,8503,train
1-4100,1,8503,train
1-4101,1,8503,train
1-4102,1,8503,train
1-4103,1,8503,train
1-4104,1,8503,train
1-4105,1,8503,train
1-4106,1,8503,train
1-4107,1,8503,train
1-4108,1,8503,train
1-4109,1,8503,train
1-4110,1,8503,train
1-4111,1,8503,train
1-4112,1,8503,train
1-4113,1,8503,train
1-4114,1,8503,train
1-4115,1,8503,train
1-4116,1,8503,train
1-4117,1,8503,train
1-4118,1,8503,train
1-4119,1,8503,train
1-4120,1,8503,train
1-4121,1,8503,train
1-4122,1,8503,train
1-4123,1,8503,train
1-4124,1,8503,train
1-4125,1,8503,train
1-4126,1,8503,train
1-4127,1,8503,train
1-4128,1,8503,train
1-4129,1,8503,train
1-4130,1,8503,train
1-4131,1,8503,train
1-4132,1,8503,train
1-4133,1,8503,train
1-4134,1,8503,train
1-4135,1,8503,train
1-4136,1,8503,train
1-4137,1,8503,train
1-4138,1,8503,train
1-4139,1,8503,train
1-4140,1,8503,train
1-4141,1,8503,train
1-4142,1,8503,train
1-4143,1,8503,train
1-4144,1,8503,train
1-4145,1,8503,train
1-4146,1,8503,train
1-4147,1,8503,train
1-4148,1,8503,train
1-4149,1,8503,train
1-4150,1,8503,train
1-4151,1,8503,train
1-4152,1,8503,train
1-4153,1,8503,train
1-4154,1,8503,train
1-4155,1,8503,train
1-4156,1,8503,train
1-4157,1,8503,train
1-4158,1,8503,train
1-4159,1,8503,train
1-4160,1,8503,train
1-4161,1,8503,train
1-4162,1,8503,train
1-4163,1,8503,train
1-4164,1,8503,train
1-4165,1,8503,train
1-4166,1,8503,train
1-4167,1,8503,train
1-4168,1,8503,train
1-4169,1,8503,train
1-4170,1,8503,train
1-4171,1,8503,train
1-4172,1,8503,train
1-4173,1,8503,train
1-4174,1,8503,train
1-4175,1,8503,train
1-4176,1,8503,train
1-4177,1,8503,train
1-4178,1,8503,train
1-4179,1,8503,train
1-4180,1,8503,train
1-4181,1,8503,train
1-4182,1,8503,train
1-4183,1,8503,train
1-4184,1,8503,train
1-4185,1,8503,train
1-4186,1,8503,train
1-4187,1,8503,train
1-4188,1,8503,train
1-4189,1,8503,train
1-4190,1,8503,train
1-4191,1,8503,train
1-4192,1,8503,train
1-4193,1,8503,train
1-4194,1,8503,train
1-4195,1,8503,train
1-4196,1,8503,train
1-4197,1,8503,train
1-4198,1,8503,train
1-4199,1,8503,train
1-4200,1,8503,train
1-4201,1,8503,train
1-4202,1,8503,train
1-4203,1,8503,train
1-4204,1,8503,train
1-4205,1,8503,train
1-4206,1,8503,train
1-4207,1,8503,train
1-4208,1,8503,train
1-4209,1,8503,train
1-4210,1,8503,train
1-4211,1,8503,train
1-4212,1,8503,train
1-4213,1,8503,train
1-4214,1,8503,train
1-4215,1,8503,train
1-4216,1,8503,train
1-4217,1,8503,train
1-4218,1,8503,train
1-4219,1,8503,train
1-4220,1,8503,train
1-4221,1,8503,train
1-4222,1,8503,train
1-4223,1,8503,train
1-4224,1,8503,train
1-4225,1,8503,train
1-4226,1,8503,train
1-4227,1,8503,train
1-4228,1,8503,train
1-4229,1,8503,train
1-4230,1,8503,train
1-4231,1,8503,train
1-4232,1,8503,train
1-4233,1,8503,train
1-4234,1,8503,train
1-4235,1,8503,train
1-4236,1,8503,train
1-4237,1,8503,train
1-4238,1,8503,train
1-4239,1,8503,train
1-4240,1,8503,train
1-4241,1,8503,train
1-4242,1,8503,train
1-4243,1,8503,train
1-4244,1,8503,train
1-4245,1,8503,train
1-4246,1,8503,train
1-4247,1,8503,train
1-4248,1,8503,train
1-4249,1,8503,train
1-4250,1,8503,train
1-4251,1,8503,train
1-4252,1,8503,train
1-4253,1,8503,train
1-4254,1,8503,train
1-4255,1,8503,train
1-4256,1,8503,train
1-4257,1,8503,train
1-4258,1,8503,train
1-4259,1,8503,train
1-4260,1,8503,train
1-4261,1,8503,train
1-4262,1,8503,train
1-4263,1,8503,train
1-4264,1,8503,train
1-4265,1,8503,train
1-4266,1,8503,train
1-4267,1,8503,train
1-4268,1,8503,train
1-4269,1,8503,train
1-4270,1,8503,train
1-4271,1,8503,train
1-4272,1,8503,train
1-4273,1,8503,train
1-4274,1,8503,train
1-4275,1,8503,train
1-4276,1,8503,train
1-4277,1,8503,train
1-4278,1,8503,train
1-4279,1,8503,train
1-4280,1,8503,train
1-4281,1,8503,train
1-4282,1,8503,train
1-4283,1,8503,train
1-4284,1,8503,train
1-4285,1,8503,train
1-4286,1,8503,train
1-4287,1,8503,train
1-4288,1,8503,train
1-4289,1,8503,train
1-4290,1,8503,train
1-4291,1,8503,train
1-4292,1,8503,train
1-4293,1,8503,train
1-4294,1,8503,train
1-4295,1,8503,train
1-4296,1,8503,train
1-4297,1,8503,train
1-4298,1,8503,train
1-4299,1,8503,train
1-4300,1,8503,train
1-4301,1,8503,train
1-4302,1,8503,train
1-4303,1,8503,train
1-4304,1,8503,train
1-4305,1,8503,train
1-4306,1,8503,train
1-4307,1,8503,train
1-4308,1,8503,train
1-4309,1,8503,train
1-4310,1,8503,train
1-4311,1,8503,train
1-4312,1,8503,train
1-4313,1,8503,train
1-4314,1,8503,train
1-4315,1,8503,train
1-4316,1,8503,train
1-4317,1,8503,train
1-4318,1,8503,train
1-4319,1,8503,train
1-4320,1,8503,train
1-4321,1,8503,train
1-4322,1,8503,train
1-4323,1,8503,train
1-4324,1,8503,train
1-4325,1,8503,train
1-4326,1,8503,train
1-4327,1,8503,train
1-4328,1,8503,train
1-4329,1,8503,train
1-4330,1,8503,train
1-4331,1,8503,train
1-4332,1,8503,train
1-4333,1,8503,train
1-4334,1,8503,train
1-4335,1,8503,train
1-4336,1,8503,train
1-4337,1,8503,train
1-4338,1,8503,train
1-4339,1,8503,train
1-4340,1,8503,train
1-4341,1,8503,train
1-4342,1,8503,train
1-4343,1,8503,train
1-4344,1,8503,train
1-4345,1,8503,train
1-4346,1,8503,train
1-4347,1,8503,train
1-4348,1,8503,train
1-4349,1,8503,train
1-4350,1,8503,train
1-4351,1,8503,train
1-4352,1,8503,train
1-4353,1,8503,train
1-4354,1,8503,train
1-4355,1,8503,train
1-4356,1,8503,train
1-4357,1,8503,train
1-4358,1,8503,train
1-4359,1,8503,train
1-4360,1,8503,train
1-4361,1,8503,train
1-4362,1,8503,train
1-4363,1,8503,train
1-4364,1,8503,train
1-4365,1,8503,train
1-4366,1,8503,train
1-4367,1,8503,train
1-4368,1,8503,train
1-4369,1,8503,train
1-4370,1,8503,train
1-4371,1,8503,train
1-4372,1,8503,train
1-4373,1,8503,train
1-4374,1,8503,train
1-4375,1,8503,train
1-4376,1,8503,train
1-4377,1,8503,train
1-4378,1,8503,train
1-4379,1,8503,train
1-4380,1,8503,train
1-4381,1,8503,train
1-4382,1,8503,train
1-4383,1,8503,train
1-4384,1,8503,train
1-4385,1,8503,train
1-4386,1,8503,train
1-4387,1,8503,train
1-4388,1,8503,train
1-4389,1,8503,train
1-4390,1,8503,train
1-4391,1,8503,train
1-4392,1,8503,train
1-4393,1,8503,train
1-4394,1,8503,train
1-4395,1,8503,train
1-4396,1,8503,train
1-4397,1,8503,train
1-4398,1,8503,train
1-4399,1,8503,train
1-4400,1,8503,train
1-4401,1,8503,train
1-4402,1,8503,train
1-4403,1,8503,train
1-4404,1,8503,train
1-4405,1,8503,train
1-4406,1,8503,train
1-4407,1,8503,train
1-4408,1,8503,train
1-4409,1,8503,train
1-4410,1,8503,train
1-4411,1,8503,train
1-4412,1,8503,train
1-4413,1,8503,train
1-4414,1,8503,train
1-4415,1,8503,train
1-4416,1,8503,train
1-4417,1,8503,train
1-4418,1,8503,train
1-4419,1,8503,train
1-4420,1,8503,train
1-4421,1,8503,train
1-4422,1,8503,train
1-4423,1,8503,train
1-4424,1,8503,train
1-4425,1,8503,train
1-4426,1,8503,train
1-4427,1,8503,train
1-4428,1,8503,train
1-4429,1,8503,train
1-4430,1,8503,train
1-4431,1,8503,train
1-4432,1,8503,train
1-4433,1,8503,train
1-4434,1,8503,train
1-4435,1,8503,train
1-4436,1,8503,train
1-4437,1,8503,train
1-4438,1,8503,train
1-4439,1,8503,train
1-4440,1,8503,train
1-4441,1,8503,train
1-4442,1,8503,train
1-4443,1,8503,train
1-4444,1,8503,train
1-4445,1,8503,train
1-4446,1,8503,train
1-4447,1,8503,train
1-4448,1,8503,train
1-4449,1,8503,train
1-4450,1,8503,train
1-4451,1,8503,train
1-4452,1,8503,train
1-4453,1,8503,train
1-4454,1,8503,train
1-4455,1,8503,train
1-4456,1,8503,train
1-4457,1,8503,train
1-4458,1,8503,train
1-4459,1,8503,train
1-4460,1,8503,train
1-4461,1,8503,train
1-4462,1,8503,train
1-4463,1,8503,train
1-4464,1,8503,train
1-4465,1,8503,train
1-4466,1,8503,train
1-4467,1,8503,train
1-4468,1,8503,train
1-4469,1,8503,train
1-4470,1,8503,train
1-4471,1,8503,train
1-4472,1,8503,train
1-4473,1,8503,train
1-4474,1,8503,train
1-4475,1,8503,train
1-4476,1,8503,train
1-4477,1,8503,train
1-4478,1,8503,train
1-4479,1,8503,train
1-4480,1,8503,train
1-4481,1,8503,train
1-4482,1,8503,train
1-4483,1,8503,train
1-4484,1,8503,train
1-4485,1,8503,train
1-4486,1,8503,train
1-4487,1,8503,train
1-4488,1,8503,train
1-4489,1,8503,train
1-4490,1,8503,train
1-4491,1,8503,train
1-4492,1,8503,train
1-4493,1,8503,train
1-4494,1,8503,train
1-4495,1,8503,train
1-4496,1,8503,train
1-4497,1,8503,train
1-4498,1,8503,train
1-4499,1,8503,train
1-4500,1,8503,train
1-4501,1,8503,train
1-4502,1,8503,train
1-4503,1,8503,train
1-4504,1,8503,train
1-4505,1,8503,train
1-4506,1,8503,train
1-4507,1,8503,train
1-4508,1,8503,train
1-4509,1,8503,train
1-4510,1,8503,train
1-4511,1,8503,train
1-4512,1,8503,train
1-4513,1,8503,train
1-4514,1,8503,train
1-4515,1,8503,train
1-4516,1,8503,train
1-4517,1,8503,train
1-4518,1,8503,train
1-4519,1,8503,train
1-4520,1,8503,train
1-4521,1,8503,train
1-4522,1,8503,train
1-4523,1,8503,train
1-4524,1,8503,train
1-4525,1,8503,train
1-4526,1,8503,train
1-4527,1,8503,train
1-4528,1,8503,train
1-4529,1,8503,train
1-4530,1,8503,train
1-4531,1,8503,train
1-4532,1,8503,train
1-4533,1,8503,train
1-4534,1,8503,train
1-4535,1,8503,train
1-4536,1,8503,train
1-4537,1,8503,train
1-4538,1,8503,train
1-4539,1,8503,train
1-4540,1,8503,train
1-4541,1,8503,train
1-4542,1,8503,train
1-4543,1,8503,train
1-4544,1,8503,train
1-4545,1,8503,train
1-4546,1,8503,train
1-4547,1,8503,train
1-4548,1,8503,train
1-4549,1,8503,train
1-4550,1,8503,train
1-4551,1,8503,train
1-4552,1,8503,train
1-4553,1,8503,train
1-4554,1,8503,train
1-4555,1,8503,train
1-4556,1,8503,train
1-4557,1,8503,train
1-4558,1,8503,train
1-4559,1,8503,train
1-4560,1,8503,train
1-4561,1,8503,train
1-4562,1,8503,train
1-4563,1,8503,train
1-4564,1,8503,train
1-4565,1,8503,train
1-4566,1,8503,train
1-4567,1,8503,train
1-4568,1,8503,train
1-4569,1,8503,train
1-4570,1,8503,train
1-4571,1,8503,train
1-4572,1,8503,train
1-4573,1,8503,train
1-4574,1,8503,train
1-4575,1,8503,train
1-4576,1,8503,train
1-4577,1,8503,train
1-4578,1,8503,train
1-4579,1,8503,train
1-4580,1,8503,train
1-4581,1,8503,train
1-4582,1,8503,train
1-4583,1,8503,train
1-4584,1,8503,train
1-4585,1,8503,train
1-4586,1,8503,train
1-4587,1,8503,train
1-4588,1,8503,train
1-4589,1,8503,train
1-4590,1,8503,train
1-4591,1,8503,train
1-4592,1,8503,train
1-4593,1,8503,train
1-4594,1,8503,train
1-4595,1,8503,train
1-4596,1,8503,train
1-4597,1,8503,train
1-4598,1,8503,train
1-4599,1,8503,train
1-4600,1,8503,train
1-4601,1,8503,train
1-4602,1,8503,train
1-4603,1,8503,train
1-4604,1,8503,train
1-4605,1,8503,train
1-4606,1,8503,train
1-4607,1,8503,train
1-4608,1,8503,train
1-4609,1,8503,train
1-4610,1,8503,train
1-4611,1,8503,train
1-4612,1,8503,train
1-4613,1,8503,train
1-4614,1,8503,train
1-4615,1,8503,train
1-4616,1,8503,train
1-4617,1,8503,train
1-4618,1,8503,train
1-4619,1,8503,train
1-4620,1,8503,train
1-4621,1,8503,train
1-4622,1,8503,train
1-4623,1,8503,train
1-4624,1,8503,train
1-4625,1,8503,train
1-4626,1,8503,train
1-4627,1,8503,train
1-4628,1,8503,train
1-4629,1,8503,train
1-4630,1,8503,train
1-4631,1,8503,train
1-4632,1,8503,train
1-4633,1,8503,train
1-4634,1,8503,train
1-4635,1,8503,train
1-4636,1,8503,train
1-4637,1,8503,train
1-4638,1,8503,train
1-4639,1,8503,train
1-4640,1,8503,train
1-4641,1,8503,train
1-4642,1,8503,train
1-4643,1,8503,train
1-4644,1,8503,train
1-4645,1,8503,train
1-4646,1,8503,train
1-4647,1,8503,train
1-4648,1,8503,train
1-4649,1,8503,train
1-4650,1,8503,train
1-4651,1,8503,train
1-4652,1,8503,train
1-4653,1,8503,train
1-4654,1,8503,train
1-4655,1,8503,train
1-4656,1,8503,train
1-4657,1,8503,train
1-4658,1,8503,train
1-4659,1,8503,train
1-4660,1,8503,train
1-4661,1,8503,train
1-4662,1,8503,train
1-4663,1,8503,train
1-4664,1,8503,train
1-4665,1,8503,train
1-4666,1,8503,train
1-4667,1,8503,train
1-4668,1,8503,train
1-4669,1,8503,train
1-4670,1,8503,train
1-4671,1,8503,train
1-4672,1,8503,train
1-4673,1,8503,train
1-4674,1,8503,train
1-4675,1,8503,train
1-4676,1,8503,train
1-4677,1,8503,train
1-4678,1,8503,train
1-4679,1,8503,train
1-4680,1,8503,train
1-4681,1,8503,train
1-4682,1,8503,train
1-4683,1,8503,train
1-4684,1,8503,train
1-4685,1,8503,train
1-4686,1,8503,train
1-4687,1,8503,train
1-4688,1,8503,train
1-4689,1,8503,train
1-4690,1,8503,train
1-4691,1,8503,train
1-4692,1,8503,train
1-4693,1,8503,train
1-4694,1,8503,train
1-4695,1,8503,train
1-4696,1,8503,train
1-4697,1,8503,train
1-4698,1,8503,train
1-4699,1,8503,train
1-4700,1,8503,train
1-4701,1,8503,train
1-4702,1,8503,train
1-4703,1,8503,train
1-4704,1,8503,train
1-4705,1,8503,train
1-4706,1,8503,train
1-4707,1,8503,train
1-4708,1,8503,train
1-4709,1,8503,train
1-4710,1,8503,train
1-4711,1,8503,train
1-4712,1,8503,train
1-4713,1,8503,train
1-4714,1,8503,train
1-4715,1,8503,train
1-4716,1,8503,train
1-4717,1,8503,train
1-4718,1,8503,train
1-4719,1,8503,train
1-4720,1,8503,train
1-4721,1,8503,train
1-4722,1,8503,train
1-4723,1,8503,train
1-4724,1,8503,train
1-4725,1,8503,train
1-4726,1,8503,train
1-4727,1,8503,train
1-4728,1,8503,train
1-4729,1,8503,train
1-4730,1,8503,train
1-4731,1,8503,train
1-4732,1,8503,train
1-4733,1,8503,train
1-4734,1,8503,train
1-4735,1,8503,train
1-4736,1,8503,train
1-4737,1,8503,train
1-4738,1,8503,train
1-4739,1,8503,train
1-4740,1,8503,train
1-4741,1,8503,train
1-4742,1,8503,train
1-4743,1,8503,train
1-4744,1,8503,train
1-4745,1,8503,train
1-4746,1,8503,train
1-4747,1,8503,train
1-4748,1,8503,train
1-4749,1,8503,train
1-4750,1,8503,train
1-4751,1,8503,train
1-4752,1,8503,train
1-4753,1,8503,train
1-4754,1,8503,train
1-4755,1,8503,train
1-4756,1,8503,train
1-4757,1,8503,train
1-4758,1,8503,train
1-4759,1,8503,train
1-4760,1,8503,train
1-4761,1,8503,train
1-4762,1,8503,train
1-4763,1,8503,train
1-4764,1,8503,train
1-4765,1,8503,train
1-4766,1,8503,train
1-4767,1,8503,train
1-4768,1,8503,train
1-4769,1,8503,train
1-4770,1,8503,train
1-4771,1,8503,train
1-4772,1,8503,train
1-4773,1,8503,train
1-4774,1,8503,train
1-4775,1,8503,train
1-4776,1,8503,train
1-4777,1,8503,train
1-4778,1,8503,train
1-4779,1,8503,train
1-4780,1,8503,train
1-4781,1,8503,train
1-4782,1,8503,train
1-4783,1,8503,train
1-4784,1,8503,train
1-4785,1,8503,train
1-4786,1,8503,train
1-4787,1,8503,train
1-4788,1,8503,train
1-4789,1,8503,train
1-4790,1,8503,train
1-4791,1,8503,train
1-4792,1,8503,train
1-4793,1,8503,train
1-4794,1,8503,train
1-4795,1,8503,train
1-4796,1,8503,train
1-4797,1,8503,train
1-4798,1,8503,train
1-4799,1,8503,train
1-4800,1,8503,train
1-4801,1,8503,train
1-4802,1,8503,train
1-4803,1,8503,train
1-4804,1,8503,train
1-4805,1,8503,train
1-4806,1,8503,train
1-4807,1,8503,train
1-4808,1,8503,train
1-4809,1,8503,train
1-4810,1,8503,train
1-4811,1,8503,train
1-4812,1,8503,train
1-4813,1,8503,train
1-4814,1,8503,train
1-4815,1,8503,train
1-4816,1,8503,train
1-4817,1,8503,train
1-4818,1,8503,train
1-4819,1,8503,train
1-4820,1,8503,train
1-4821,1,8503,train
1-4822,1,8503,train
1-4823,1,8503,train
1-4824,1,8503,train
1-4825,1,8503,train
1-4826,1,8503,train
1-4827,1,8503,train
1-4828,1,8503,train
1-4829,1,8503,train
1-4830,1,8503,train
1-4831,1,8503,train
1-4832,1,8503,train
1-4833,1,8503,train
1-4834,1,8503,train
1-4835,1,8503,train
1-4836,1,8503,train
1-4837,1,8503,train
1-4838,1,8503,train
1-4839,1,8503,train
1-4840,1,8503,train
1-4841,1,8503,train
1-4842,1,8503,train
1-4843,1,8503,train
1-4844,1,8503,train
1-4845,1,8503,train
1-4846,1,8503,train
1-4847,1,8503,train
1-4848,1,8503,train
1-4849,1,8503,train
1-4850,1,8503,train
1-4851,1,8503,train
1-4852,1,8503,train
1-4853,1,8503,train
1-4854,1,8503,train
1-4855,1,8503,train
1-4856,1,8503,train
1-4857,1,8503,train
1-4858,1,8503,train
1-4859,1,8503,train
1-4860,1,8503,train
1-4861,1,8503,train
1-4862,1,8503,train
1-4863,1,8503,train
1-4864,1,8503,train
1-4865,1,8503,train
1-4866,1,8503,train
1-4867,1,8503,train
1-4868,1,8503,train
1-4869,1,8503,train
1-4870,1,8503,train
1-4871,1,8503,train
1-4872,1,8503,train
1-4873,1,8503,train
1-4874,1,8503,train
1-4875,1,8503,train
1-4876,1,8503,train
1-4877,1,8503,train
1-4878,1,8503,train
1-4879,1,8503,train
1-4880,1,8503,train
1-4881,1,8503,train
1-4882,1,8503,train
1-4883,1,8503,train
1-4884,1,8503,train
1-4885,1,8503,train
1-4886,1,8503,train
1-4887,1,8503,train
1-4888,1,8503,train
1-4889,1,8503,train
1-4890,1,8503,train
1-4891,1,8503,train
1-4892,1,8503,train
1-4893,1,8503,train
1-4894,1,8503,train
1-4895,1,8503,train
1-4896,1,8503,train
1-4897,1,8503,train
1-4898,1,8503,train
1-4899,1,8503,train
1-4900,1,8503,train
1-4901,1,8503,train
1-4902,1,8503,train
1-4903,1,8503,train
1-4904,1,8503,train
1-4905,1,8503,train
1-4906,1,8503,train
1-4907,1,8503,train
1-4908,1,8503,train
1-4909,1,8503,train
1-4910,1,8503,train
1-4911,1,8503,train
1-4912,1,8503,train
1-4913,1,8503,train
1-4914,1,8503,train
1-4915,1,8503,train
1-4916,1,8503,train
1-4917,1,8503,train
1-4918,1,8503,train
1-4919,1,8503,train
1-4920,1,8503,train
1-4921,1,8503,train
1-4922,1,8503,train
1-4923,1,8503,train
1-4924,1,8503,train
1-4925,1,8503,train
1-4926,1,8503,train
1-4927,1,8503,train
1-4928,1,8503,train
1-4929,1,8503,train
1-4930,1,8503,train
1-4931,1,8503,train
1-4932,1,8503,train
1-4933,1,8503,train
1-4934,1,8503,train
1-4935,1,8503,train
1-4936,1,8503,train
1-4937,1,8503,train
1-4938,1,8503,train
1-4939,1,8503,train
1-4940,1,8503,train
1-4941,1,8503,train
1-4942,1,8503,train
1-4943,1,8503,train
1-4944,1,8503,train
1-4945,1,8503,train
1-4946,1,8503,train
1-4947,1,8503,train
1-4948,1,8503,train
1-4949,1,8503,train
1-4950,1,8503,train
1-4951,1,8503,train
1-4952,1,8503,train
1-4953,1,8503,train
1-4954,1,8503,train
1-4955,1,8503,train
1-4956,1,8503,train
1-4957,1,8503,train
1-4958,1,8503,train
1-4959,1,8503,train
1-4960,1,8503,train
1-4961,1,8503,train
1-4962,1,8503,train
1-4963,1,8503,train
1-4964,1,8503,train
1-4965,1,8503,train
1-4966,1,8503,train
1-4967,1,8503,train
1-4968,1,8503,train
1-4969,1,8503,train
1-4970,1,8503,train
1-4971,1,8503,train
1-4972,1,8503,train
1-4973,1,8503,train
1-4974,1,8503,train
1-4975,1,8503,train
1-4976,1,8503,train
1-4977,1,8503,train
1-4978,1,8503,train
1-4979,1,8503,train
1-4980,1,8503,train
1-4981,1,8503,train
1-4982,1,8503,train
1-4983,1,8503,train
1-4984,1,8503,train
1-4985,1,8503,train
1-4986,1,8503,train
1-4987,1,8503,train
1-4988,1,8503,train
1-4989,1,8503,train
1-4990,1,8503,train
1-4991,1,8503,train
1-4992,1,8503,train
1-4993,1,8503,train
1-4994,1,8503,train
1-4995,1,8503,train
1-4996,1,8503,train
1-4997,1,8503,train
1-4998,1,8503,train
1-4999,1,8503,train
1-5000,1,8503,train
1-5001,1,8503,train
1-5002,1,8503,train
1-5003,1,8503,train
1-5004,1,8503,train
1-5005,1,8503,train
1-5006,1,8503,train
1-5007,1,8503,train
1-5008,1,8503,train
1-5009,1,8503,train
1-5010,1,8503,train
1-5011,1,8503,train
1-5012,1,8503,train
1-5013,1,8503,train
1-5014,1,8503,train
1-5015,1,8503,train
1-5016,1,8503,train
1-5017,1,8503,train
1-5018,1,8503,train
1-5019,1,8503,train
1-5020,1,8503,train
1-5021,1,8503,train
1-5022,1,8503,train
1-5023,1,8503,train
1-5024,1,8503,train
1-5025,1,8503,train
1-5026,1,8503,train
1-5027,1,8503,train
1-5028,1,8503,train
1-5029,1,8503,train
1-5030,1,8503,train
1-5031,1,8503,train
1-5032,1,8503,train
1-5033,1,8503,train
1-5034,1,8503,train
1-5035,1,8503,train
1-5036,1,8503,train
1-5037,1,8503,train
1-5038,1,8503,train
1-5039,1,8503,train
1-5040,1,8503,train
1-5041,1,8503,train
1-5042,1,8503,train
1-5043,1,8503,train
1-5044,1,8503,train
1-5045,1,8503,train
1-5046,1,8503,train
1-5047,1,8503,train
1-5048,1,8503,train
1-5049,1,8503,train
1-5050,1,8503,train
1-5051,1,8503,train
1-5052,1,8503,train
1-5053,1,8503,train
1-5054,1,8503,train
1-5055,1,8503,train
1-5056,1,8503,train
1-5057,1,8503,train
1-5058,1,8503,train
1-5059,1,8503,train
1-5060,1,8503,train
1-5061,1,8503,train
1-5062,1,8503,train
1-5063,1,8503,train
1-5064,1,8503,train
1-5065,1,8503,train
1-5066,1,8503,train
1-5067,1,8503,train
1-5068,1,8503,train
1-5069,1,8503,train
1-5070,1,8503,train
1-5071,1,8503,train
1-5072,1,8503,train
1-5073,1,8503,train
1-5074,1,8503,train
1-5075,1,8503,train
1-5076,1,8503,train
1-5077,1,8503,train
1-5078,1,8503,train
1-5079,1,8503,train
1-5080,1,8503,train
1-5081,1,8503,train
1-5082,1,8503,train
1-5083,1,8503,train
1-5084,1,8503,train
1-5085,1,8503,train
1-5086,1,8503,train
1-5087,1,8503,train
1-5088,1,8503,train
1-5089,1,8503,train
1-5090,1,8503,train
1-5091,1,8503,train
1-5092,1,8503,train
1-5093,1,8503,train
1-5094,1,8503,train
1-5095,1,8503,train
1-5096,1,8503,train
1-5097,1,8503,train
1-5098,1,8503,train
1-5099,1,8503,train
1-5100,1,8503,train
1-5101,1,8503,train
1-5102,1,8503,train
1-5103,1,8503,train
1-5104,1,8503,train
1-5105,1,8503,train
1-5106,1,8503,train
1-5107,1,8503,train
1-5108,1,8503,train
1-5109,1,8503,train
1-5110,1,8503,train
1-5111,1,8503,train
1-5112,1,8503,train
1-5113,1,8503,train
1-5114,1,8503,train
1-5115,1,8503,train
1-5116,1,8503,train
1-5117,1,8503,train
1-5118,1,8503,train
1-5119,1,8503,train
1-5120,1,8503,train
1-5121,1,8503,train
1-5122,1,8503,train
1-5123,1,8503,train
1-5124,1,8503,train
1-5125,1,8503,train
1-5126,1,8503,train
1-5127,1,8503,train
1-5128,1,8503,train
1-5129,1,8503,train
1-5130,1,8503,train
1-5131,1,8503,train
1-5132,1,8503,train
1-5133,1,8503,train
1-5134,1,8503,train
1-5135,1,8503,train
1-5136,1,8503,train
1-5137,1,8503,train
1-5138,1,8503,train
1-5139,1,8503,train
1-5140,1,8503,train
1-5141,1,8503,train
1-5142,1,8503,train
1-5143,1,8503,train
1-5144,1,8503,train
1-5145,1,8503,train
1-5146,1,8503,train
1-5147,1,8503,train
1-5148,1,8503,train
1-5149,1,8503,train
1-5150,1,8503,train
1-5151,1,8503,train
1-5152,1,8503,train
1-5153,1,8503,train
1-5154,1,8503,train
1-5155,1,8503,train
1-5156,1,8503,train
1-5157,1,8503,train
1-5158,1,8503,train
1-5159,1,8503,train
1-5160,1,8503,train
1-5161,1,8503,train
1-5162,1,8503,train
1-5163,1,8503,train
1-5164,1,8503,train
1-5165,1,8503,train
1-5166,1,8503,train
1-5167,1,8503,train
1-5168,1,8503,train
1-5169,1,8503,train
1-5170,1,8503,train
1-5171,1,8503,train
1-5172,1,8503,train
1-5173,1,8503,train
1-5174,1,8503,train
1-5175,1,8503,train
1-5176,1,8503,train
1-5177,1,8503,train
1-5178,1,8503,train
1-5179,1,8503,train
1-5180,1,8503,train
1-5181,1,8503,train
1-5182,1,8503,train
1-5183,1,8503,train
1-5184,1,8503,train
1-5185,1,8503,train
1-5186,1,8503,train
1-5187,1,8503,train
1-5188,1,8503,train
1-5189,1,8503,train
1-5190,1,8503,train
1-5191,1,8503,train
1-5192,1,8503,train
1-5193,1,8503,train
1-5194,1,8503,train
1-5195,1,8503,train
1-5196,1,8503,train
1-5197,1,8503,train
1-5198,1,8503,train
1-5199,1,8503,train
1-5200,1,8503,train
1-5201,1,8503,train
1-5202,1,8503,train
1-5203,1,8503,train
1-5204,1,8503,train
1-5205,1,8503,train
1-5206,1,8503,train
1-5207,1,8503,train
1-5208,1,8503,train
1-5209,1,8503,train
1-5210,1,8503,train
1-5211,1,8503,train
1-5212,1,8503,train
1-5213,1,8503,train
1-5214,1,8503,train
1-5215,1,8503,train
1-5216,1,8503,train
1-5217,1,8503,train
1-5218,1,8503,train
1-5219,1,8503,train
1-5220,1,8503,train
1-5221,1,8503,train
1-5222,1,8503,train
1-5223,1,8503,train
1-5224,1,8503,train
1-5225,1,8503,train
1-5226,1,8503,train
1-5227,1,8503,train
1-5228,1,8503,train
1-5229,1,8503,train
1-5230,1,8503,train
1-5231,1,8503,train
1-5232,1,8503,train
1-5233,1,8503,train
1-5234,1,8503,train
1-5235,1,8503,train
1-5236,1,8503,train
1-5237,1,8503,train
1-5238,1,8503,train
1-5239,1,8503,train
1-5240,1,8503,train
1-5241,1,8503,train
1-5242,1,8503,train
1-5243,1,8503,train
1-5244,1,8503,train
1-5245,1,8503,train
1-5246,1,8503,train
1-5247,1,8503,train
1-5248,1,8503,train
1-5249,1,8503,train
1-5250,1,8503,train
1-5251,1,8503,train
1-5252,1,8503,train
1-5253,1,8503,train
1-5254,1,8503,train
1-5255,1,8503,train
1-5256,1,8503,train
1-5257,1,8503,train
1-5258,1,8503,train
1-5259,1,8503,train
1-5260,1,8503,train
1-5261,1,8503,train
1-5262,1,8503,train
1-5263,1,8503,train
1-5264,1,8503,train
1-5265,1,8503,train
1-5266,1,8503,train
1-5267,1,8503,train
1-5268,1,8503,train
1-5269,1,8503,train
1-5270,1,8503,train
1-5271,1,8503,train
1-5272,1,8503,train
1-5273,1,8503,train
1-5274,1,8503,train
1-5275,1,8503,train
1-5276,1,8503,train
1-5277,1,8503,train
1-5278,1,8503,train
1-5279,1,8503,train
1-5280,1,8503,train
1-5281,1,8503,train
1-5282,1,8503,train
1-5283,1,8503,train
1-5284,1,8503,train
1-5285,1,8503,train
1-5286,1,8503,train
1-5287,1,8503,train
1-5288,1,8503,train
1-5289,1,8503,train
1-5290,1,8503,train
1-5291,1,8503,train
1-5292,1,8503,train
1-5293,1,8503,train
1-5294,1,8503,train
1-5295,1,8503,train
1-5296,1,8503,train
1-5297,1,8503,train
1-5298,1,8503,train
1-5299,1,8503,train
1-5300,1,8503,train
1-5301,1,8503,train
1-5302,1,8503,train
1-5303,1,8503,train
1-5304,1,8503,train
1-5305,1,8503,train
1-5306,1,8503,train
1-5307,1,8503,train
1-5308,1,8503,train
1-5309,1,8503,train
1-5310,1,8503,train
1-5311,1,8503,train
1-5312,1,8503,train
1-5313,1,8503,train
1-5314,1,8503,train
1-5315,1,8503,train
1-5316,1,8503,train
1-5317,1,8503,train
1-5318,1,8503,train
1-5319,1,8503,train
1-5320,1,8503,train
1-5321,1,8503,train
1-5322,1,8503,train
1-5323,1,8503,train
1-5324,1,8503,train
1-5325,1,8503,train
1-5326,1,8503,train
1-5327,1,8503,train
1-5328,1,8503,train
1-5329,1,8503,train
1-5330,1,8503,train
1-5331,1,8503,train
1-5332,1,8503,train
1-5333,1,8503,train
1-5334,1,8503,train
1-5335,1,8503,train
1-5336,1,8503,train
1-5337,1,8503,train
1-5338,1,8503,train
1-5339,1,8503,train
1-5340,1,8503,train
1-5341,1,8503,train
1-5342,1,8503,train
1-5343,1,8503,train
1-5344,1,8503,train
1-5345,1,8503,train
1-5346,1,8503,train
1-5347,1,8503,train
1-5348,1,8503,train
1-5349,1,8503,train
1-5350,1,8503,train
1-5351,1,8503,train
1-5352,1,8503,train
1-5353,1,8503,train
1-5354,1,8503,train
1-5355,1,8503,train
1-5356,1,8503,train
1-5357,1,8503,train
1-5358,1,8503,train
1-5359,1,8503,train
1-5360,1,8503,train
1-5361,1,8503,train
1-5362,1,8503,train
1-5363,1,8503,train
1-5364,1,8503,train
1-5365,1,8503,train
1-5366,1,8503,train
1-5367,1,8503,train
1-5368,1,8503,train
1-5369,1,8503,train
1-5370,1,8503,train
1-5371,1,8503,train
1-5372,1,8503,train
1-5373,1,8503,train
1-5374,1,8503,train
1-5375,1,8503,train
1-5376,1,8503,train
1-5377,1,8503,train
1-5378,1,8503,train
1-5379,1,8503,train
1-5380,1,8503,train
1-5381,1,8503,train
1-5382,1,8503,train
1-5383,1,8503,train
1-5384,1,8503,train
1-5385,1,8503,train
1-5386,1,8503,train
1-5387,1,8503,train
1-5388,1,8503,train
1-5389,1,8503,train
1-5390,1,8503,train
1-5391,1,8503,train
1-5392,1,8503,train
1-5393,1,8503,train
1-5394,1,8503,train
1-5395,1,8503,train
1-5396,1,8503,train
1-5397,1,8503,train
1-5398,1,8503,train
1-5399,1,8503,train
1-5400,1,8503,train
1-5401,1,8503,train
1-5402,1,8503,train
1-5403,1,8503,train
1-5404,1,8503,train
1-5405,1,8503,train
1-5406,1,8503,train
1-5407,1,8503,train
1-5408,1,8503,train
1-5409,1,8503,train
1-5410,1,8503,train
1-5411,1,8503,train
1-5412,1,8503,train
1-5413,1,8503,train
1-5414,1,8503,train
1-5415,1,8503,train
1-5416,1,8503,train
1-5417,1,8503,train
1-5418,1,8503,train
1-5419,1,8503,train
1-5420,1,8503,train
1-5421,1,8503,train
1-5422,1,8503,train
1-5423,1,8503,train
1-5424,1,8503,train
1-5425,1,8503,train
1-5426,1,8503,train
1-5427,1,8503,train
1-5428,1,8503,train
1-5429,1,8503,train
1-5430,1,8503,train
1-5431,1,8503,train
1-5432,1,8503,train
1-5433,1,8503,train
1-5434,1,8503,train
1-5435,1,8503,train
1-5436,1,8503,train
1-5437,1,8503,train
1-5438,1,8503,train
1-5439,1,8503,train
1-5440,1,8503,train
1-5441,1,8503,train
1-5442,1,8503,train
1-5443,1,8503,train
1-5444,1,8503,train
1-5445,1,8503,train
1-5446,1,8503,train
1-5447,1,8503,train
1-5448,1,8503,train
1-5449,1,8503,train
1-5450,1,8503,train
1-5451,1,8503,train
1-5452,1,8503,train
1-5453,1,8503,train
1-5454,1,8503,train
1-5455,1,8503,train
1-5456,1,8503,train
1-5457,1,8503,train
1-5458,1,8503,train
1-5459,1,8503,train
1-5460,1,8503,train
1-5461,1,8503,train
1-5462,1,8503,train
1-5463,1,8503,train
1-5464,1,8503,train
1-5465,1,8503,train
1-5466,1,8503,train
1-5467,1,8503,train
1-5468,1,8503,train
1-5469,1,8503,train
1-5470,1,8503,train
1-5471,1,8503,train
1-5472,1,8503,train
1-5473,1,8503,train
1-5474,1,8503,train
1-5475,1,8503,train
1-5476,1,8503,train
1-5477,1,8503,train
1-5478,1,8503,train
1-5479,1,8503,train
1-5480,1,8503,train
1-5481,1,8503,train
1-5482,1,8503,train
1-5483,1,8503,train
1-5484,1,8503,train
1-5485,1,8503,train
1-5486,1,8503,train
1-5487,1,8503,train
1-5488,1,8503,train
1-5489,1,8503,train
1-5490,1,8503,train
1-5491,1,8503,train
1-5492,1,8503,train
1-5493,1,8503,train
1-5494,1,8503,train
1-5495,1,8503,train
1-5496,1,8503,train
1-5497,1,8503,train
1-5498,1,8503,train
1-5499,1,8503,train
1-5500,1,8503,train
1-5501,1,8503,train
1-5502,1,8503,train
1-5503,1,8503,train
1-5504,1,8503,train
1-5505,1,8503,train
1-5506,1,8503,train
1-5507,1,8503,train
1-5508,1,8503,train
1-5509,1,8503,train
1-5510,1,8503,train
1-5511,1,8503,train
1-5512,1,8503,train
1-5513,1,8503,train
1-5514,1,8503,train
1-5515,1,8503,train
1-5516,1,8503,train
1-5517,1,8503,train
1-5518,1,8503,train
1-5519,1,8503,train
1-5520,1,8503,train
1-5521,1,8503,train
1-5522,1,8503,train
1-5523,1,8503,train
1-5524,1,8503,train
1-5525,1,8503,train
1-5526,1,8503,train
1-5527,1,8503,train
1-5528,1,8503,train
1-5529,1,8503,train
1-5530,1,8503,train
1-5531,1,8503,train
1-5532,1,8503,train
1-5533,1,8503,train
1-5534,1,8503,train
1-5535,1,8503,train
1-5536,1,8503,train
1-5537,1,8503,train
1-5538,1,8503,train
1-5539,1,8503,train
1-5540,1,8503,train
1-5541,1,8503,train
1-5542,1,8503,train
1-5543,1,8503,train
1-5544,1,8503,train
1-5545,1,8503,train
1-5546,1,8503,train
1-5547,1,8503,train
1-5548,1,8503,train
1-5549,1,8503,train
1-5550,1,8503,train
1-5551,1,8503,train
1-5552,1,8503,train
1-5553,1,8503,train
1-5554,1,8503,train
1-5555,1,8503,train
1-5556,1,8503,train
1-5557,1,8503,train
1-5558,1,8503,train
1-5559,1,8503,train
1-5560,1,8503,train
1-5561,1,8503,train
1-5562,1,8503,train
1-5563,1,8503,train
1-5564,1,8503,train
1-5565,1,8503,train
1-5566,1,8503,train
1-5567,1,8503,train
1-5568,1,8503,train
1-5569,1,8503,train
1-5570,1,8503,train
1-5571,1,8503,train
1-5572,1,8503,train
1-5573,1,8503,train
1-5574,1,8503,train
1-5575,1,8503,train
1-5576,1,8503,train
1-5577,1,8503,train
1-5578,1,8503,train
1-5579,1,8503,train
1-5580,1,8503,train
1-5581,1,8503,train
1-5582,1,8503,train
1-5583,1,8503,train
1-5584,1,8503,train
1-5585,1,8503,train
1-5586,1,8503,train
1-5587,1,8503,train
1-5588,1,8503,train
1-5589,1,8503,train
1-5590,1,8503,train
1-5591,1,8503,train
1-5592,1,8503,train
1-5593,1,8503,train
1-5594,1,8503,train
1-5595,1,8503,train
1-5596,1,8503,train
1-5597,1,8503,train
1-5598,1,8503,train
1-5599,1,8503,train
1-5600,1,8503,train
1-5601,1,8503,train
1-5602,1,8503,train
1-5603,1,8503,train
1-5604,1,8503,train
1-5605,1,8503,train
1-5606,1,8503,train
1-5607,1,8503,train
1-5608,1,8503,train
1-5609,1,8503,train
1-5610,1,8503,train
1-5611,1,8503,train
1-5612,1,8503,train
1-5613,1,8503,train
1-5614,1,8503,train
1-5615,1,8503,train
1-5616,1,8503,train
1-5617,1,8503,train
1-5618,1,8503,train
1-5619,1,8503,train
1-5620,1,8503,train
1-5621,1,8503,train
1-5622,1,8503,train
1-5623,1,8503,train
1-5624,1,8503,train
1-5625,1,8503,train
1-5626,1,8503,train
1-5627,1,8503,train
1-5628,1,8503,train
1-5629,1,8503,train
1-5630,1,8503,train
1-5631,1,8503,train
1-5632,1,8503,train
1-5633,1,8503,train
1-5634,1,8503,train
1-5635,1,8503,train
1-5636,1,8503,train
1-5637,1,8503,train
1-5638,1,8503,train
1-5639,1,8503,train
1-5640,1,8503,train
1-5641,1,8503,train
1-5642,1,8503,train
1-5643,1,8503,train
1-5644,1,8503,train
1-5645,1,8503,train
1-5646,1,8503,train
1-5647,1,8503,train
1-5648,1,8503,train
1-5649,1,8503,train
1-5650,1,8503,train
1-5651,1,8503,train
1-5652,1,8503,train
1-5653,1,8503,train
1-5654,1,8503,train
1-5655,1,8503,train
1-5656,1,8503,train
1-5657,1,8503,train
1-5658,1,8503,train
1-5659,1,8503,train
1-5660,1,8503,train
1-5661,1,8503,train
1-5662,1,8503,train
1-5663,1,8503,train
1-5664,1,8503,train
1-5665,1,8503,train
1-5666,1,8503,train
1-5667,1,8503,train
1-5668,1,8503,train
1-5669,1,8503,train
1-5670,1,8503,train
1-5671,1,8503,train
1-5672,1,8503,train
1-5673,1,8503,train
1-5674,1,8503,train
1-5675,1,8503,train
1-5676,1,8503,train
1-5677,1,8503,train
1-5678,1,8503,train
1-5679,1,8503,train
1-5680,1,8503,train
1-5681,1,8503,train
1-5682,1,8503,train
1-5683,1,8503,train
1-5684,1,8503,train
1-5685,1,8503,train
1-5686,1,8503,train
1-5687,1,8503,train
1-5688,1,8503,train
1-5689,1,8503,train
1-5690,1,8503,train
1-5691,1,8503,train
1-5692,1,8503,train
1-5693,1,8503,train
1-5694,1,8503,train
1-5695,1,8503,train
1-5696,1,8503,train
1-5697,1,8503,train
1-5698,1,8503,train
1-5699,1,8503,train
1-5700,1,8503,train
1-5701,1,8503,train
1-5702,1,8503,train
1-5703,1,8503,train
1-5704,1,8503,train
1-5705,1,8503,train
1-5706,1,8503,train
1-5707,1,8503,train
1-5708,1,8503,train
1-5709,1,8503,train
1-5710,1,8503,train
1-5711,1,8503,train
1-5712,1,8503,train
1-5713,1,8503,train
1-5714,1,8503,train
1-5715,1,8503,train
1-5716,1,8503,train
1-5717,1,8503,train
1-5718,1,8503,train
1-5719,1,8503,train
1-5720,1,8503,train
1-5721,1,8503,train
1-5722,1,8503,train
1-5723,1,8503,train
1-5724,1,8503,train
1-5725,1,8503,train
1-5726,1,8503,train
1-5727,1,8503,train
1-5728,1,8503,train
1-5729,1,8503,train
1-5730,1,8503,train
1-5731,1,8503,train
1-5732,1,8503,train
1-5733,1,8503,train
1-5734,1,8503,train
1-5735,1,8503,train
1-5736,1,8503,train
1-5737,1,8503,train
1-5738,1,8503,train
1-5739,1,8503,train
1-5740,1,8503,train
1-5741,1,8503,train
1-5742,1,8503,train
1-5743,1,8503,train
1-5744,1,8503,train
1-5745,1,8503,train
1-5746,1,8503,train
1-5747,1,8503,train
1-5748,1,8503,train
1-5749,1,8503,train
1-5750,1,8503,train
1-5751,1,8503,train
1-5752,1,8503,train
1-5753,1,8503,train
1-5754,1,8503,train
1-5755,1,8503,train
1-5756,1,8503,train
1-5757,1,8503,train
1-5758,1,8503,train
1-5759,1,8503,train
1-5760,1,8503,train
1-5761,1,8503,train
1-5762,1,8503,train
1-5763,1,8503,train
1-5764,1,8503,train
1-5765,1,8503,train
1-5766,1,8503,train
1-5767,1,8503,train
1-5768,1,8503,train
1-5769,1,8503,train
1-5770,1,8503,train
1-5771,1,8503,train
1-5772,1,8503,train
1-5773,1,8503,train
1-5774,1,8503,train
1-5775,1,8503,train
1-5776,1,8503,train
1-5777,1,8503,train
1-5778,1,8503,train
1-5779,1,8503,train
1-5780,1,8503,train
1-5781,1,8503,train
1-5782,1,8503,train
1-5783,1,8503,train
1-5784,1,8503,train
1-5785,1,8503,train
1-5786,1,8503,train
1-5787,1,8503,train
1-5788,1,8503,train
1-5789,1,8503,train
1-5790,1,8503,train
1-5791,1,8503,train
1-5792,1,8503,train
1-5793,1,8503,train
1-5794,1,8503,train
1-5795,1,8503,train
1-5796,1,8503,train
1-5797,1,8503,train
1-5798,1,8503,train
1-5799,1,8503,train
1-5800,1,8503,train
1-5801,1,8503,train
1-5802,1,8503,train
1-5803,1,8503,train
1-5804,1,8503,train
1-5805,1,8503,train
1-5806,1,8503,train
1-5807,1,8503,train
1-5808,1,8503,train
1-5809,1,8503,train
1-5810,1,8503,train
1-5811,1,8503,train
1-5812,1,8503,train
1-5813,1,8503,train
1-5814,1,8503,train
1-5815,1,8503,train
1-5816,1,8503,train
1-5817,1,8503,train
1-5818,1,8503,train
1-5819,1,8503,train
1-5820,1,8503,train
1-5821,1,8503,train
1-5822,1,8503,train
1-5823,1,8503,train
1-5824,1,8503,train
1-5825,1,8503,train
1-5826,1,8503,train
1-5827,1,8503,train
1-5828,1,8503,train
1-5829,1,8503,train
1-5830,1,8503,train
1-5831,1,8503,train
1-5832,1,8503,train
1-5833,1,8503,train
1-5834,1,8503,train
1-5835,1,8503,train
1-5836,1,8503,train
1-5837,1,8503,train
1-5838,1,8503,train
1-5839,1,8503,train
1-5840,1,8503,train
1-5841,1,8503,train
1-5842,1,8503,train
1-5843,1,8503,train
1-5844,1,8503,train
1-5845,1,8503,train
1-5846,1,8503,train
1-5847,1,8503,train
1-5848,1,8503,train
1-5849,1,8503,train
1-5850,1,8503,train
1-5851,1,8503,train
1-5852,1,8503,train
1-5853,1,8503,train
1-5854,1,8503,train
1-5855,1,8503,train
1-5856,1,8503,train
1-5857,1,8503,train
1-5858,1,8503,train
1-5859,1,8503,train
1-5860,1,8503,train
1-5861,1,8503,train
1-5862,1,8503,train
1-5863,1,8503,train
1-5864,1,8503,train
1-5865,1,8503,train
1-5866,1,8503,train
1-5867,1,8503,train
1-5868,1,8503,train
1-5869,1,8503,train
1-5870,1,8503,train
1-5871,1,8503,train
1-5872,1,8503,train
1-5873,1,8503,train
1-5874,1,8503,train
1-5875,1,8503,train
1-5876,1,8503,train
1-5877,1,8503,train
1-5878,1,8503,train
1-5879,1,8503,train
1-5880,1,8503,train
1-5881,1,8503,train
1-5882,1,8503,train
1-5883,1,8503,train
1-5884,1,8503,train
1-5885,1,8503,train
1-5886,1,8503,train
1-5887,1,8503,train
1-5888,1,8503,train
1-5889,1,8503,train
1-5890,1,8503,train
1-5891,1,8503,train
1-5892,1,8503,train
1-5893,1,8503,train
1-5894,1,8503,train
1-5895,1,8503,train
1-5896,1,8503,train
1-5897,1,8503,train
1-5898,1,8503,train
1-5899,1,8503,train
1-5900,1,8503,train
1-5901,1,8503,train
1-5902,1,8503,train
1-5903,1,8503,train
1-5904,1,8503,train
1-5905,1,8503,train
1-5906,1,8503,train
1-5907,1,8503,train
1-5908,1,8503,train
1-5909,1,8503,train
1-5910,1,8503,train
1-5911,1,8503,train
1-5912,1,8503,train
1-5913,1,8503,train
1-5914,1,8503,train
1-5915,1,8503,train
1-5916,1,8503,train
1-5917,1,8503,train
1-5918,1,8503,train
1-5919,1,8503,train
1-5920,1,8503,train
1-5921,1,8503,train
1-5922,1,8503,train
1-5923,1,8503,train
1-5924,1,8503,train
1-5925,1,8503,train
1-5926,1,8503,train
1-5927,1,8503,train
1-5928,1,8503,train
1-5929,1,8503,train
1-5930,1,8503,train
1-5931,1,8503,train
1-5932,1,8503,train
1-5933,1,8503,train
1-5934,1,8503,train
1-5935,1,8503,train
1-5936,1,8503,train
1-5937,1,8503,train
1-5938,1,8503,train
1-5939,1,8503,train
1-5940,1,8503,train
1-5941,1,8503,train
1-5942,1,8503,train
1-5943,1,8503,train
1-5944,1,8503,train
1-5945,1,8503,train
1-5946,1,8503,train
1-5947,1,8503,train
1-5948,1,8503,train
1-5949,1,8503,train
1-5950,1,8503,train
1-5951,1,8503,train
1-5952,1,8503,train
1-5953,1,8503,train
1-5954,1,8503,train
1-5955,1,8503,train
1-5956,1,8503,train
1-5957,1,8503,train
1-5958,1,8503,train
1-5959,1,8503,train
1-5960,1,8503,train
1-5961,1,8503,train
1-5962,1,8503,train
1-5963,1,8503,train
1-5964,1,8503,train
1-5965,1,8503,train
1-5966,1,8503,train
1-5967,1,8503,train
1-5968,1,8503,train
1-5969,1,8503,train
1-5970,1,8503,train
1-5971,1,8503,train
1-5972,1,8503,train
1-5973,1,8503,train
1-5974,1,8503,train
1-5975,1,8503,train
1-5976,1,8503,train
1-5977,1,8503,train
1-5978,1,8503,train
1-5979,1,8503,train
1-5980,1,8503,train
1-5981,1,8503,train
1-5982,1,8503,train
1-5983,1,8503,train
1-5984,1,8503,train
1-5985,1,8503,train
1-5986,1,8503,train
1-5987,1,8503,train
1-5988,1,8503,train
1-5989,1,8503,train
1-5990,1,8503,train
1-5991,1,8503,train
1-5992,1,8503,train
1-5993,1,8503,train
1-5994,1,8503,train
1-5995,1,8503,train
1-5996,1,8503,train
1-5997,1,8503,train
1-5998,1,8503,train
1-5999,1,8503,train
1-6000,1,8503,train
1-6001,1,8503,train
1-6002,1,8503,train
1-6003,1,8503,train
1-6004,1,8503,train
1-6005,1,8503,train
1-6006,1,8503,train
1-6007,1,8503,train
1-6008,1,8503,train
1-6009,1,8503,train
1-6010,1,8503,train
1-6011,1,8503,train
1-6012,1,8503,train
1-6013,1,8503,train
1-6014,1,8503,train
1-6015,1,8503,train
1-6016,1,8503,train
1-6017,1,8503,train
1-6018,1,8503,train
1-6019,1,8503,train
1-6020,1,8503,train
1-6021,1,8503,train
1-6022,1,8503,train
1-6023,1,8503,train
1-6024,1,8503,train
1-6025,1,8503,train
1-6026,1,8503,train
1-6027,1,8503,train
1-6028,1,8503,train
1-6029,1,8503,train
1-6030,1,8503,train
1-6031,1,8503,train
1-6032,1,8503,train
1-6033,1,8503,train
1-6034,1,8503,train
1-6035,1,8503,train
1-6036,1,8503,train
1-6037,1,8503,train
1-6038,1,8503,train
1-6039,1,8503,train
1-6040,1,8503,train
1-6041,1,8503,train
1-6042,1,8503,train
1-6043,1,8503,train
1-6044,1,8503,train
1-6045,1,8503,train
1-6046,1,8503,train
1-6047,1,8503,train
1-6048,1,8503,train
1-6049,1,8503,train
1-6050,1,8503,train
1-6051,1,8503,train
1-6052,1,8503,train
1-6053,1,8503,train
1-6054,1,8503,train
1-6055,1,8503,train
1-6056,1,8503,train
1-6057,1,8503,train
1-6058,1,8503,train
1-6059,1,8503,train
1-6060,1,8503,train
1-6061,1,8503,train
1-6062,1,8503,train
1-6063,1,8503,train
1-6064,1,8503,train
1-6065,1,8503,train
1-6066,1,8503,train
1-6067,1,8503,train
1-6068,1,8503,train
1-6069,1,8503,train
1-6070,1,8503,train
1-6071,1,8503,train
1-6072,1,8503,train
1-6073,1,8503,train
1-6074,1,8503,train
1-6075,1,8503,train
1-6076,1,8503,train
1-6077,1,8503,train
1-6078,1,8503,train
1-6079,1,8503,train
1-6080,1,8503,train
1-6081,1,8503,train
1-6082,1,8503,train
1-6083,1,8503,train
1-6084,1,8503,train
1-6085,1,8503,train
1-6086,1,8503,train
1-6087,1,8503,train
1-6088,1,8503,train
1-6089,1,8503,train
1-6090,1,8503,train
1-6091,1,8503,train
1-6092,1,8503,train
1-6093,1,8503,train
1-6094,1,8503,train
1-6095,1,8503,train
1-6096,1,8503,train
1-6097,1,8503,train
1-6098,1,8503,train
1-6099,1,8503,train
1-6100,1,8503,train
1-6101,1,8503,train
1-6102,1,8503,train
1-6103,1,8503,train
1-6104,1,8503,train
1-6105,1,8503,train
1-6106,1,8503,train
1-6107,1,8503,train
1-6108,1,8503,train
1-6109,1,8503,train
1-6110,1,8503,train
1-6111,1,8503,train
1-6112,1,8503,train
1-6113,1,8503,train
1-6114,1,8503,train
1-6115,1,8503,train
1-6116,1,8503,train
1-6117,1,8503,train
1-6118,1,8503,train
1-6119,1,8503,train
1-6120,1,8503,train
1-6121,1,8503,train
1-6122,1,8503,train
1-6123,1,8503,train
1-6124,1,8503,train
1-6125,1,8503,train
1-6126,1,8503,train
1-6127,1,8503,train
1-6128,1,8503,train
1-6129,1,8503,train
1-6130,1,8503,train
1-6131,1,8503,train
1-6132,1,8503,train
1-6133,1,8503,train
1-6134,1,8503,train
1-6135,1,8503,train
1-6136,1,8503,train
1-6137,1,8503,train
1-6138,1,8503,train
1-6139,1,8503,train
1-6140,1,8503,train
1-6141,1,8503,train
1-6142,1,8503,train
1-6143,1,8503,train
1-6144,1,8503,train
1-6145,1,8503,train
1-6146,1,8503,train
1-6147,1,8503,train
1-6148,1,8503,train
1-6149,1,8503,train
1-6150,1,8503,train
1-6151,1,8503,train
1-6152,1,8503,train
1-6153,1,8503,train
1-6154,1,8503,train
1-6155,1,8503,train
1-6156,1,8503,train
1-6157,1,8503,train
1-6158,1,8503,train
1-6159,1,8503,train
1-6160,1,8503,train
1-6161,1,8503,train
1-6162,1,8503,train
1-6163,1,8503,train
1-6164,1,8503,train
1-6165,1,8503,train
1-6166,1,8503,train
1-6167,1,8503,train
1-6168,1,8503,train
1-6169,1,8503,train
1-6170,1,8503,train
1-6171,1,8503,train
1-6172,1,8503,train
1-6173,1,8503,train
1-6174,1,8503,train
1-6175,1,8503,train
1-6176,1,8503,train
1-6177,1,8503,train
1-6178,1,8503,train
1-6179,1,8503,train
1-6180,1,8503,train
1-6181,1,8503,train
1-6182,1,8503,train
1-6183,1,8503,train
1-6184,1,8503,train
1-6185,1,8503,train
1-6186,1,8503,train
1-6187,1,8503,train
1-6188,1,8503,train
1-6189,1,8503,train
1-6190,1,8503,train
1-6191,1,8503,train
1-6192,1,8503,train
1-6193,1,8503,train
1-6194,1,8503,train
1-6195,1,8503,train
1-6196,1,8503,train
1-6197,1,8503,train
1-6198,1,8503,train
1-6199,1,8503,train
1-6200,1,8503,train
1-6201,1,8503,train
1-6202,1,8503,train
1-6203,1,8503,train
1-6204,1,8503,train
1-6205,1,8503,train
1-6206,1,8503,train
1-6207,1,8503,train
1-6208,1,8503,train
1-6209,1,8503,train
1-6210,1,8503,train
1-6211,1,8503,train
1-6212,1,8503,train
1-6213,1,8503,train
1-6214,1,8503,train
1-6215,1,8503,train
1-6216,1,8503,train
1-6217,1,8503,train
1-6218,1,8503,train
1-6219,1,8503,train
1-6220,1,8503,train
1-6221,1,8503,train
1-6222,1,8503,train
1-6223,1,8503,train
1-6224,1,8503,train
1-6225,1,8503,train
1-6226,1,8503,train
1-6227,1,8503,train
1-6228,1,8503,train
1-6229,1,8503,train
1-6230,1,8503,train
1-6231,1,8503,train
1-6232,1,8503,train
1-6233,1,8503,train
1-6234,1,8503,train
1-6235,1,8503,train
1-6236,1,8503,train
1-6237,1,8503,train
1-6238,1,8503,train
1-6239,1,8503,train
1-6240,1,8503,train
1-6241,1,8503,train
1-6242,1,8503,train
1-6243,1,8503,train
1-6244,1,8503,train
1-6245,1,8503,train
1-6246,1,8503,train
1-6247,1,8503,train
1-6248,1,8503,train
1-6249,1,8503,train
1-6250,1,8503,train
1-6251,1,8503,train
1-6252,1,8503,train
1-6253,1,8503,train
1-6254,1,8503,train
1-6255,1,8503,train
1-6256,1,8503,train
1-6257,1,8503,train
1-6258,1,8503,train
1-6259,1,8503,train
1-6260,1,8503,train
1-6261,1,8503,train
1-6262,1,8503,train
1-6263,1,8503,train
1-6264,1,8503,train
1-6265,1,8503,train
1-6266,1,8503,train
1-6267,1,8503,train
1-6268,1,8503,train
1-6269,1,8503,train
1-6270,1,8503,train
1-6271,1,8503,train
1-6272,1,8503,train
1-6273,1,8503,train
1-6274,1,8503,train
1-6275,1,8503,train
1-6276,1,8503,train
1-6277,1,8503,train
1-6278,1,8503,train
1-6279,1,8503,train
1-6280,1,8503,train
1-6281,1,8503,train
1-6282,1,8503,train
1-6283,1,8503,train
1-6284,1,8503,train
1-6285,1,8503,train
1-6286,1,8503,train
1-6287,1,8503,train
1-6288,1,8503,train
1-6289,1,8503,train
1-6290,1,8503,train
1-6291,1,8503,train
1-6292,1,8503,train
1-6293,1,8503,train
1-6294,1,8503,train
1-6295,1,8503,train
1-6296,1,8503,train
1-6297,1,8503,train
1-6298,1,8503,train
1-6299,1,8503,train
1-6300,1,8503,train
1-6301,1,8503,train
1-6302,1,8503,train
1-6303,1,8503,train
1-6304,1,8503,train
1-6305,1,8503,train
1-6306,1,8503,train
1-6307,1,8503,train
1-6308,1,8503,train
1-6309,1,8503,train
1-6310,1,8503,train
1-6311,1,8503,train
1-6312,1,8503,train
1-6313,1,8503,train
1-6314,1,8503,train
1-6315,1,8503,train
1-6316,1,8503,train
1-6317,1,8503,train
1-6318,1,8503,train
1-6319,1,8503,train
1-6320,1,8503,train
1-6321,1,8503,train
1-6322,1,8503,train
1-6323,1,8503,train
1-6324,1,8503,train
1-6325,1,8503,train
1-6326,1,8503,train
1-6327,1,8503,train
1-6328,1,8503,train
1-6329,1,8503,train
1-6330,1,8503,train
1-6331,1,8503,train
1-6332,1,8503,train
1-6333,1,8503,train
1-6334,1,8503,train
1-6335,1,8503,train
1-6336,1,8503,train
1-6337,1,8503,train
1-6338,1,8503,train
1-6339,1,8503,train
1-6340,1,8503,train
1-6341,1,8503,train
1-6342,1,8503,train
1-6343,1,8503,train
1-6344,1,8503,train
1-6345,1,8503,train
1-6346,1,8503,train
1-6347,1,8503,train
1-6348,1,8503,train
1-6349,1,8503,train
1-6350,1,8503,train
1-6351,1,8503,train
1-6352,1,8503,train
1-6353,1,8503,train
1-6354,1,8503,train
1-6355,1,8503,train
1-6356,1,8503,train
1-6357,1,8503,train
1-6358,1,8503,train
1-6359,1,8503,train
1-6360,1,8503,train
1-6361,1,8503,train
1-6362,1,8503,train
1-6363,1,8503,train
1-6364,1,8503,train
1-6365,1,8503,train
1-6366,1,8503,train
1-6367,1,8503,train
1-6368,1,8503,train
1-6369,1,8503,train
1-6370,1,8503,train
1-6371,1,8503,train
1-6372,1,8503,train
1-6373,1,8503,train
1-6374,1,8503,train
1-6375,1,8503,train
1-6376,1,8503,train
1-6377,1,8503,train
1-6378,1,8503,train
1-6379,1,8503,train
1-6380,1,8503,train
1-6381,1,8503,train
1-6382,1,8503,train
1-6383,1,8503,train
1-6384,1,8503,train
1-6385,1,8503,train
1-6386,1,8503,train
1-6387,1,8503,train
1-6388,1,8503,train
1-6389,1,8503,train
1-6390,1,8503,train
1-6391,1,8503,train
1-6392,1,8503,train
1-6393,1,8503,train
1-6394,1,8503,train
1-6395,1,8503,train
1-6396,1,8503,train
1-6397,1,8503,train
1-6398,1,8503,train
1-6399,1,8503,train
1-6400,1,8503,train
1-6401,1,8503,train
1-6402,1,8503,train
1-6403,1,8503,train
1-6404,1,8503,train
1-6405,1,8503,train
1-6406,1,8503,train
1-6407,1,8503,train
1-6408,1,8503,train
1-6409,1,8503,train
1-6410,1,8503,train
1-6411,1,8503,train
1-6412,1,8503,train
1-6413,1,8503,train
1-6414,1,8503,train
1-6415,1,8503,train
1-6416,1,8503,train
1-6417,1,8503,train
1-6418,1,8503,train
1-6419,1,8503,train
1-6420,1,8503,train
1-6421,1,8503,train
1-6422,1,8503,train
1-6423,1,8503,train
1-6424,1,8503,train
1-6425,1,8503,train
1-6426,1,8503,train
1-6427,1,8503,train
1-6428,1,8503,train
1-6429,1,8503,train
1-6430,1,8503,train
1-6431,1,8503,train
1-6432,1,8503,train
1-6433,1,8503,train
1-6434,1,8503,train
1-6435,1,8503,train
1-6436,1,8503,train
1-6437,1,8503,train
1-6438,1,8503,train
1-6439,1,8503,train
1-6440,1,8503,train
1-6441,1,8503,train
1-6442,1,8503,train
1-6443,1,8503,train
1-6444,1,8503,train
1-6445,1,8503,train
1-6446,1,8503,train
1-6447,1,8503,train
1-6448,1,8503,train
1-6449,1,8503,train
1-6450,1,8503,train
1-6451,1,8503,train
1-6452,1,8503,train
1-6453,1,8503,train
1-6454,1,8503,train
1-6455,1,8503,train
1-6456,1,8503,train
1-6457,1,8503,train
1-6458,1,8503,train
1-6459,1,8503,train
1-6460,1,8503,train
1-6461,1,8503,train
1-6462,1,8503,train
1-6463,1,8503,train
1-6464,1,8503,train
1-6465,1,8503,train
1-6466,1,8503,train
1-6467,1,8503,train
1-6468,1,8503,train
1-6469,1,8503,train
1-6470,1,8503,train
1-6471,1,8503,train
1-6472,1,8503,train
1-6473,1,8503,train
1-6474,1,8503,train
1-6475,1,8503,train
1-6476,1,8503,train
1-6477,1,8503,train
1-6478,1,8503,train
1-6479,1,8503,train
1-6480,1,8503,train
1-6481,1,8503,train
1-6482,1,8503,train
1-6483,1,8503,train
1-6484,1,8503,train
1-6485,1,8503,train
1-6486,1,8503,train
1-6487,1,8503,train
1-6488,1,8503,train
1-6489,1,8503,train
1-6490,1,8503,train
1-6491,1,8503,train
1-6492,1,8503,train
1-6493,1,8503,train
1-6494,1,8503,train
1-6495,1,8503,train
1-6496,1,8503,train
1-6497,1,8503,train
1-6498,1,8503,train
1-6499,1,8503,train
1-6500,1,8503,train
1-6501,1,8503,train
1-6502,1,8503,train
1-6503,1,8503,train
1-6504,1,8503,train
1-6505,1,8503,train
1-6506,1,8503,train
1-6507,1,8503,train
1-6508,1,8503,train
1-6509,1,8503,train
1-6510,1,8503,train
1-6511,1,8503,train
1-6512,1,8503,train
1-6513,1,8503,train
1-6514,1,8503,train
1-6515,1,8503,train
1-6516,1,8503,train
1-6517,1,8503,train
1-6518,1,8503,train
1-6519,1,8503,train
1-6520,1,8503,train
1-6521,1,8503,train
1-6522,1,8503,train
1-6523,1,8503,train
1-6524,1,8503,train
1-6525,1,8503,train
1-6526,1,8503,train
1-6527,1,8503,train
1-6528,1,8503,train
1-6529,1,8503,train
1-6530,1,8503,train
1-6531,1,8503,train
1-6532,1,8503,train
1-6533,1,8503,train
1-6534,1,8503,train
1-6535,1,8503,train
1-6536,1,8503,train
1-6537,1,8503,train
1-6538,1,8503,train
1-6539,1,8503,train
1-6540,1,8503,train
1-6541,1,8503,train
1-6542,1,8503,train
1-6543,1,8503,train
1-6544,1,8503,train
1-6545,1,8503,train
1-6546,1,8503,train
1-6547,1,8503,train
1-6548,1,8503,train
1-6549,1,8503,train
1-6550,1,8503,train
1-6551,1,8503,train
1-6552,1,8503,train
1-6553,1,8503,train
1-6554,1,8503,train
1-6555,1,8503,train
1-6556,1,8503,train
1-6557,1,8503,train
1-6558,1,8503,train
1-6559,1,8503,train
1-6560,1,8503,train
1-6561,1,8503,train
1-6562,1,8503,train
1-6563,1,8503,train
1-6564,1,8503,train
1-6565,1,8503,train
1-6566,1,8503,train
1-6567,1,8503,train
1-6568,1,8503,train
1-6569,1,8503,train
1-6570,1,8503,train
1-6571,1,8503,train
1-6572,1,8503,train
1-6573,1,8503,train
1-6574,1,8503,train
1-6575,1,8503,train
1-6576,1,8503,train
1-6577,1,8503,train
1-6578,1,8503,train
1-6579,1,8503,train
1-6580,1,8503,train
1-6581,1,8503,train
1-6582,1,8503,train
1-6583,1,8503,train
1-6584,1,8503,train
1-6585,1,8503,train
1-6586,1,8503,train
1-6587,1,8503,train
1-6588,1,8503,train
1-6589,1,8503,train
1-6590,1,8503,train
1-6591,1,8503,train
1-6592,1,8503,train
1-6593,1,8503,train
1-6594,1,8503,train
1-6595,1,8503,train
1-6596,1,8503,train
1-6597,1,8503,train
1-6598,1,8503,train
1-6599,1,8503,train
1-6600,1,8503,train
1-6601,1,8503,train
1-6602,1,8503,train
1-6603,1,8503,train
1-6604,1,8503,train
1-6605,1,8503,train
1-6606,1,8503,train
1-6607,1,8503,train
1-6608,1,8503,train
1-6609,1,8503,train
1-6610,1,8503,train
1-6611,1,8503,train
1-6612,1,8503,train
1-6613,1,8503,train
1-6614,1,8503,train
1-6615,1,8503,train
1-6616,1,8503,train
1-6617,1,8503,train
1-6618,1,8503,train
1-6619,1,8503,train
1-6620,1,8503,train
1-6621,1,8503,train
1-6622,1,8503,train
1-6623,1,8503,train
1-6624,1,8503,train
1-6625,1,8503,train
1-6626,1,8503,train
1-6627,1,8503,train
1-6628,1,8503,train
1-6629,1,8503,train
1-6630,1,8503,train
1-6631,1,8503,train
1-6632,1,8503,train
1-6633,1,8503,train
1-6634,1,8503,train
1-6635,1,8503,train
1-6636,1,8503,train
1-6637,1,8503,train
1-6638,1,8503,train
1-6639,1,8503,train
1-6640,1,8503,train
1-6641,1,8503,train
1-6642,1,8503,train
1-6643,1,8503,train
1-6644,1,8503,train
1-6645,1,8503,train
1-6646,1,8503,train
1-6647,1,8503,train
1-6648,1,8503,train
1-6649,1,8503,train
1-6650,1,8503,train
1-6651,1,8503,train
1-6652,1,8503,train
1-6653,1,8503,train
1-6654,1,8503,train
1-6655,1,8503,train
1-6656,1,8503,train
1-6657,1,8503,train
1-6658,1,8503,train
1-6659,1,8503,train
1-6660,1,8503,train
1-6661,1,8503,train
1-6662,1,8503,train
1-6663,1,8503,train
1-6664,1,8503,train
1-6665,1,8503,train
1-6666,1,8503,train
1-6667,1,8503,train
1-6668,1,8503,train
1-6669,1,8503,train
1-6670,1,8503,train
1-6709,1,18048,train
1-6710,1,18048,train
1-6711,1,18048,train
1-6712,1,18048,train
1-6713,1,18048,train
1-6714,1,18048,train
1-6715,1,18048,train
1-6716,1,18048,train
1-6717,1,18048,train
1-6718,1,18048,train
1-6719,1,18048,train
1-6720,1,18048,train
1-6721,1,18048,train
1-6722,1,18048,train
1-6723,1,18048,train
1-6724,1,18048,train
1-6725,1,18048,train
1-6726,1,18048,train
1-6727,1,18048,train
1-6728,1,18048,train
1-6729,1,18048,train
1-6730,1,18048,train
1-6731,1,18048,train
1-6732,1,18048,train
1-6733,1,18048,train
1-6734,1,18048,train
1-6735,1,18048,train
1-6736,1,18048,train
1-6737,1,18048,train
1-6738,1,18048,train
1-6739,1,18048,train
1-6740,1,18048,train
1-6741,1,18048,train
1-6742,1,18048,train
1-6743,1,18048,train
1-6744,1,18048,train
1-6745,1,18048,train
1-6746,1,18048,train
1-6747,1,18048,train
1-6748,1,18048,train
1-6749,1,18048,train
1-6750,1,18048,train
1-6751,1,18048,train
1-6752,1,18048,train
1-6753,1,18048,train
1-6754,1,18048,train
1-6755,1,18048,train
1-6756,1,18048,train
1-6757,1,18048,train
1-6758,1,18048,train
1-6759,1,18048,train
1-6760,1,18048,train
1-6761,1,18048,train
1-6762,1,18048,train
1-6763,1,18048,train
1-6764,1,18048,train
1-6765,1,18048,train
1-6766,1,18048,train
1-6767,1,18048,train
1-6768,1,18048,train
1-6769,1,18048,train
1-6770,1,18048,train
1-6771,1,18048,train
1-6772,1,18048,train
1-6773,1,18048,train
1-6774,1,18048,train
1-6775,1,18048,train
1-6776,1,18048,train
1-6777,1,18048,train
1-6778,1,18048,train
1-6779,1,18048,train
1-8416,1,60754,train
1-8417,1,60754,train
1-8418,1,60754,train
1-8419,1,60754,train
1-8420,1,60754,train
1-8421,1,60754,train
1-8422,1,60754,train
1-8423,1,60754,train
1-8424,1,60754,train
1-8425,1,60754,train
1-8426,1,60754,train
1-8427,1,60754,train
1-8428,1,60754,train
1-8429,1,60754,train
1-8430,1,60754,train
1-8431,1,60754,train
1-8432,1,60754,train
1-8433,1,60754,train
1-8434,1,60754,train
1-8435,1,60754,train
1-8436,1,60754,train
1-8437,1,60754,train
1-8438,1,60754,train
1-8439,1,60754,train
1-8440,1,60754,train
1-8441,1,60754,train
1-8442,1,60754,train
1-8443,1,60754,train
1-8444,1,60754,train
1-8445,1,60754,train
1-8446,1,60754,train
1-8447,1,60754,train
1-8448,1,60754,train
1-8449,1,60754,train
1-8450,1,60754,train
1-8451,1,60754,train
1-8452,1,60754,train
1-8453,1,60754,train
1-8454,1,60754,train
1-8455,1,60754,train
1-8456,1,60754,train
1-8457,1,60754,train
1-8458,1,60754,train
1-8459,1,60754,train
1-8460,1,60754,train
1-8461,1,60754,train
1-8462,1,60754,train
1-8463,1,60754,train
1-8464,1,60754,train
1-8465,1,60754,train
1-8466,1,60754,train
1-8467,1,60754,train
1-8468,1,60754,train
1-8469,1,60754,train
1-8470,1,60754,train
1-8471,1,60754,train
1-8472,1,60754,train
1-8473,1,60754,train
1-8474,1,60754,train
1-8475,1,60754,train
1-8476,1,60754,train
1-8477,1,60754,train
1-8478,1,60754,train
1-8479,1,60754,train
1-8480,1,60754,train
1-8481,1,60754,train
1-8482,1,60754,train
1-8483,1,60754,train
1-8484,1,60754,train
1-8485,1,60754,train
1-8486,1,60754,train
1-8487,1,60754,train
1-8488,1,60754,train
1-8489,1,60754,train
1-8490,1,60754,train
1-8491,1,60754,train
1-8492,1,60754,train
1-8493,1,60754,train
1-8494,1,60754,train
1-8495,1,60754,train
1-8496,1,60754,train
1-8497,1,60754,train
1-8498,1,60754,train
1-8499,1,60754,train
1-8500,1,60754,train
1-8501,1,60754,train
1-8502,1,60754,train
1-8503,1,60754,train
1-8504,1,60754,train
1-8505,1,60754,train
1-8506,1,60754,train
1-8507,1,60754,train
1-8508,1,60754,train
1-8509,1,60754,train
1-8510,1,60754,train
1-8511,1,60754,train
1-8512,1,60754,train
1-8513,1,60754,train
1-8514,1,60754,train
1-8515,1,60754,train
1-8516,1,60754,train
1-8517,1,60754,train
1-8518,1,60754,train
1-8519,1,60754,train
1-8520,1,60754,train
1-8521,1,60754,train
1-8522,1,60754,train
1-8523,1,60754,train
1-8524,1,60754,train
1-8525,1,60754,train
1-8526,1,60754,train
1-8527,1,60754,train
1-8528,1,60754,train
1-8529,1,60754,train
1-8530,1,60754,train
1-8531,1,60754,train
1-8532,1,60754,train
1-8533,1,60754,train
1-8534,1,60754,train
1-8535,1,60754,train
1-8536,1,60754,train
1-8537,1,60754,train
1-8538,1,60754,train
1-8539,1,60754,train
1-8540,1,60754,train
1-8541,1,60754,train
1-8542,1,60754,train
1-8543,1,60754,train
1-8544,1,60754,train
1-8545,1,60754,train
1-8546,1,60754,train
1-8547,1,60754,train
1-8548,1,60754,train
1-8549,1,60754,train
1-8550,1,60754,train
1-8551,1,60754,train
1-8552,1,60754,train
1-8553,1,60754,train
1-8554,1,60754,train
1-8555,1,60754,train
1-8556,1,60754,train
1-8557,1,60754,train
1-8558,1,60754,train
1-8559,1,60754,train
1-8560,1,60754,train
1-8561,1,60754,train
1-8562,1,60754,train
1-8563,1,60754,train
1-8564,1,60754,train
1-8565,1,60754,train
1-8566,1,60754,train
1-8567,1,60754,train
1-8568,1,60754,train
1-8569,1,60754,train
1-8570,1,60754,train
1-8571,1,60754,train
1-8572,1,60754,train
1-8573,1,60754,train
1-8574,1,60754,train
1-8575,1,60754,train
1-8576,1,60754,train
1-8577,1,60754,train
1-8578,1,60754,train
1-8579,1,60754,train
1-8580,1,60754,train
1-8581,1,60754,train
1-8582,1,60754,train
1-8583,1,60754,train
1-8584,1,60754,train
1-8585,1,60754,train
1-8586,1,60754,train
1-8587,1,60754,train
1-8588,1,60754,train
1-8589,1,60754,train
1-8590,1,60754,train
1-8591,1,60754,train
1-8592,1,60754,train
1-8593,1,60754,train
1-8594,1,60754,train
1-8595,1,60754,train
1-8596,1,60754,train
1-8597,1,60754,train
1-8598,1,60754,train
1-8599,1,60754,train
1-8600,1,60754,train
1-8601,1,60754,train
1-8602,1,60754,train
1-8603,1,60754,train
1-8604,1,60754,train
1-8605,1,60754,train
1-8606,1,60754,train
1-8607,1,60754,train
1-8608,1,60754,train
1-8609,1,60754,train
1-8610,1,60754,train
1-8611,1,60754,train
1-8612,1,60754,train
1-8613,1,60754,train
1-8614,1,60754,train
1-8615,1,60754,train
1-8616,1,60754,train
1-8617,1,60754,train
1-8618,1,60754,train
1-8619,1,60754,train
1-8620,1,60754,train
1-8621,1,60754,train
1-8622,1,60754,train
1-8623,1,60754,train
1-8624,1,60754,train
1-8625,1,60754,train
1-8626,1,60754,train
1-8627,1,60754,train
1-8628,1,60754,train
1-8629,1,60754,train
1-8630,1,60754,train
1-8631,1,60754,train
1-8632,1,60754,train
1-8633,1,60754,train
1-8634,1,60754,train
1-8635,1,60754,train
1-8636,1,60754,train
1-8637,1,60754,train
1-8638,1,60754,train
1-8639,1,60754,train
1-8640,1,60754,train
1-8641,1,60754,train
1-8642,1,60754,train
1-8643,1,60754,train
1-8644,1,60754,train
1-8645,1,60754,train
1-8646,1,60754,train
1-8647,1,60754,train
1-8648,1,60754,train
1-8649,1,60754,train
1-8650,1,60754,train
1-8651,1,60754,train
1-8652,1,60754,train
1-8653,1,60754,train
1-8654,1,60754,train
1-8655,1,60754,train
1-8656,1,60754,train
1-8657,1,60754,train
1-8658,1,60754,train
1-8659,1,60754,train
1-8660,1,60754,train
1-8661,1,60754,train
1-8662,1,60754,train
1-8663,1,60754,train
1-8664,1,60754,train
1-8665,1,60754,train
1-8666,1,60754,train
1-8667,1,60754,train
1-8668,1,60754,train
1-8669,1,60754,train
1-8670,1,60754,train
1-8671,1,60754,train
1-8672,1,60754,train
1-8673,1,60754,train
1-8674,1,60754,train
1-8675,1,60754,train
1-8676,1,60754,train
1-8677,1,60754,train
1-8678,1,60754,train
1-8679,1,60754,train
1-8680,1,60754,train
1-8681,1,60754,train
1-8682,1,60754,train
1-8683,1,60754,train
1-8684,1,60754,train
1-8685,1,60754,train
1-8686,1,60754,train
1-8687,1,60754,train
1-8688,1,60754,train
1-8689,1,60754,train
1-8690,1,60754,train
1-8691,1,60754,train
1-8692,1,60754,train
1-8693,1,60754,train
1-8694,1,60754,train
1-8695,1,60754,train
1-8696,1,60754,train
1-8697,1,60754,train
1-8698,1,60754,train
1-8699,1,60754,train
1-8700,1,60754,train
1-8701,1,60754,train
1-8702,1,60754,train
1-8703,1,60754,train
1-8704,1,60754,train
1-8705,1,60754,train
1-8706,1,60754,train
1-8707,1,60754,train
1-8708,1,60754,train
1-8709,1,60754,train
1-8710,1,60754,train
1-8711,1,60754,train
1-8712,1,60754,train
1-8713,1,60754,train
1-8714,1,60754,train
1-8715,1,60754,train
1-8716,1,60754,train
1-8717,1,60754,train
1-8718,1,60754,train
1-8719,1,60754,train
1-8720,1,60754,train
1-8721,1,60754,train
1-8722,1,60754,train
1-8723,1,60754,train
1-8724,1,60754,train
1-8725,1,60754,train
1-8726,1,60754,train
1-8727,1,60754,train
1-8728,1,60754,train
1-8729,1,60754,train
1-8730,1,60754,train
1-8731,1,60754,train
1-8732,1,60754,train
1-8733,1,60754,train
1-8734,1,60754,train
1-8735,1,60754,train
1-8736,1,60754,train
1-8737,1,60754,train
1-8738,1,60754,train
1-8739,1,60754,train
1-8740,1,60754,train
1-8741,1,60754,train
1-8742,1,60754,train
1-8743,1,60754,train
1-8744,1,60754,train
1-8745,1,60754,train
1-8746,1,60754,train
1-8747,1,60754,train
1-8748,1,60754,train
1-8749,1,60754,train
1-8750,1,60754,train
1-8751,1,60754,train
1-8752,1,60754,train
1-8753,1,60754,train
1-8754,1,60754,train
1-8755,1,60754,train
1-8756,1,60754,train
1-8757,1,60754,train
1-8758,1,60754,train
1-8759,1,60754,train
1-8760,1,60754,train
1-8761,1,60754,train
1-8762,1,60754,train
1-8763,1,60754,train
1-8764,1,60754,train
1-8765,1,60754,train
1-8766,1,60754,train
1-8767,1,60754,train
1-8768,1,60754,train
1-8769,1,60754,train
1-8770,1,60754,train
1-8771,1,60754,train
1-8772,1,60754,train
1-8773,1,60754,train
1-8774,1,60754,train
1-8775,1,60754,train
1-8776,1,60754,train
1-8777,1,60754,train
1-8778,1,60754,train
1-8779,1,60754,train
1-8780,1,60754,train
1-8781,1,60754,train
1-8782,1,60754,train
1-8783,1,60754,train
1-8784,1,60754,train
1-8785,1,60754,train
1-8786,1,60754,train
1-8787,1,60754,train
1-8788,1,60754,train
1-8789,1,60754,train
1-8790,1,60754,train
1-8791,1,60754,train
1-8792,1,60754,train
1-8793,1,60754,train
1-8794,1,60754,train
1-8795,1,60754,train
1-8796,1,60754,train
1-8797,1,60754,train
1-8798,1,60754,train
1-8799,1,60754,train
1-8800,1,60754,train
1-8801,1,60754,train
1-8802,1,60754,train
1-8803,1,60754,train
1-8804,1,60754,train
1-8805,1,60754,train
1-8806,1,60754,train
1-8807,1,60754,train
1-8808,1,60754,train
1-8809,1,60754,train
1-8810,1,60754,train
1-8811,1,60754,train
1-8812,1,60754,train
1-8813,1,60754,train
1-8814,1,60754,train
1-8815,1,60754,train
1-8816,1,60754,train
1-8817,1,60754,train
1-8818,1,60754,train
1-8819,1,60754,train
1-8820,1,60754,train
1-8821,1,60754,train
1-8822,1,60754,train
1-8823,1,60754,train
1-8824,1,60754,train
1-8825,1,60754,train
1-8826,1,60754,train
1-8827,1,60754,train
1-8828,1,60754,train
1-8829,1,60754,train
1-8830,1,60754,train
1-8831,1,60754,train
1-8832,1,60754,train
1-8833,1,60754,train
1-8834,1,60754,train
1-8835,1,60754,train
1-8836,1,60754,train
1-8837,1,60754,train
1-8838,1,60754,train
1-8839,1,60754,train
1-8840,1,60754,train
1-8841,1,60754,train
1-8842,1,60754,train
1-8843,1,60754,train
1-8844,1,60754,train
1-8845,1,60754,train
1-8846,1,60754,train
1-8847,1,60754,train
1-8848,1,60754,train
1-8849,1,60754,train
1-8850,1,60754,train
1-8851,1,60754,train
1-8852,1,60754,train
1-8853,1,60754,train
1-8854,1,60754,train
1-8855,1,60754,train
1-8856,1,60754,train
1-8857,1,60754,train
1-8858,1,60754,train
1-8859,1,60754,train
1-8860,1,60754,train
1-8861,1,60754,train
1-8862,1,60754,train
1-8863,1,60754,train
1-8864,1,60754,train
1-8865,1,60754,train
1-8866,1,60754,train
1-8867,1,60754,train
1-8868,1,60754,train
1-8869,1,60754,train
1-8870,1,60754,train
1-8871,1,60754,train
1-8872,1,60754,train
1-8873,1,60754,train
1-8874,1,60754,train
1-8875,1,60754,train
1-8876,1,60754,train
1-8877,1,60754,train
1-8878,1,60754,train
1-8879,1,60754,train
1-8880,1,60754,train
1-8881,1,60754,train
1-8882,1,60754,train
1-8883,1,60754,train
1-8884,1,60754,train
1-8885,1,60754,train
1-8886,1,60754,train
1-8887,1,60754,train
1-8888,1,60754,train
1-8889,1,60754,train
1-8890,1,60754,train
1-8891,1,60754,train
1-8892,1,60754,train
1-8893,1,60754,train
1-8894,1,60754,train
1-8895,1,60754,train
1-8896,1,60754,train
1-8897,1,60754,train
1-8898,1,60754,train
1-8899,1,60754,train
1-8900,1,60754,train
1-8901,1,60754,train
1-8902,1,60754,train
1-8903,1,60754,train
1-8904,1,60754,train
1-8905,1,60754,train
1-8906,1,60754,train
1-8907,1,60754,train
1-8908,1,60754,train
1-8909,1,60754,train
1-8910,1,60754,train
1-8911,1,60754,train
1-8912,1,60754,train
1-8913,1,60754,train
1-8914,1,60754,train
1-8915,1,60754,train
1-8916,1,60754,train
1-8917,1,60754,train
1-8918,1,60754,train
1-8919,1,60754,train
1-8920,1,60754,train
1-8921,1,60754,train
1-8922,1,60754,train
1-8923,1,60754,train
1-8924,1,60754,train
1-8925,1,60754,train
1-8926,1,60754,train
1-8927,1,60754,train
1-8928,1,60754,train
1-8929,1,60754,train
1-8930,1,60754,train
1-8931,1,60754,train
1-8932,1,60754,train
1-8933,1,60754,train
1-8934,1,60754,train
1-8935,1,60754,train
1-8936,1,60754,train
1-8937,1,60754,train
1-8938,1,60754,train
1-8939,1,60754,train
1-8940,1,60754,train
1-8941,1,60754,train
1-8942,1,60754,train
1-8943,1,60754,train
1-8944,1,60754,train
1-8945,1,60754,train
1-8946,1,60754,train
1-8947,1,60754,train
1-8948,1,60754,train
1-8949,1,60754,train
1-8950,1,60754,train
1-8951,1,60754,train
1-8952,1,60754,train
1-8953,1,60754,train
1-8954,1,60754,train
1-8955,1,60754,train
1-8956,1,60754,train
1-8957,1,60754,train
1-8958,1,60754,train
1-8959,1,60754,train
1-8960,1,60754,train
1-8961,1,60754,train
1-8962,1,60754,train
1-8963,1,60754,train
1-8964,1,60754,train
1-8965,1,60754,train
1-8966,1,60754,train
1-8967,1,60754,train
1-8968,1,60754,train
1-8969,1,60754,train
1-8970,1,60754,train
1-8971,1,60754,train
1-8972,1,60754,train
1-8973,1,60754,train
1-8974,1,60754,train
1-8975,1,60754,train
1-8976,1,60754,train
1-8977,1,60754,train
1-8978,1,60754,train
1-8979,1,60754,train
1-8980,1,60754,train
1-8981,1,60754,train
1-8982,1,60754,train
1-8983,1,60754,train
1-8984,1,60754,train
1-8985,1,60754,train
1-8986,1,60754,train
1-8987,1,60754,train
1-8988,1,60754,train
1-8989,1,60754,train
1-8990,1,60754,train
1-8991,1,60754,train
1-8992,1,60754,train
1-8993,1,60754,train
1-8994,1,60754,train
1-8995,1,60754,train
1-8996,1,60754,train
1-8997,1,60754,train
1-8998,1,60754,train
1-8999,1,60754,train
1-9000,1,60754,train
1-9001,1,60754,train
1-9002,1,60754,train
1-9003,1,60754,train
1-9004,1,60754,train
1-9005,1,60754,train
1-9006,1,60754,train
1-9007,1,60754,train
1-9008,1,60754,train
1-9009,1,60754,train
1-9010,1,60754,train
1-9011,1,60754,train
1-9012,1,60754,train
1-9013,1,60754,train
1-9014,1,60754,train
1-9015,1,60754,train
1-9016,1,60754,train
1-9017,1,60754,train
1-9018,1,60754,train
1-9019,1,60754,train
1-9020,1,60754,train
1-9021,1,60754,train
1-9022,1,60754,train
1-9023,1,60754,train
1-9024,1,60754,train
1-9025,1,60754,train
1-9026,1,60754,train
1-9027,1,60754,train
1-9028,1,60754,train
1-9029,1,60754,train
1-9030,1,60754,train
1-9031,1,60754,train
1-9032,1,60754,train
1-9033,1,60754,train
1-9034,1,60754,train
1-9035,1,60754,train
1-9036,1,60754,train
1-9037,1,60754,train
1-9038,1,60754,train
1-9039,1,60754,train
1-9040,1,60754,train
1-9041,1,60754,train
1-9042,1,60754,train
1-9043,1,60754,train
1-9044,1,60754,train
1-9045,1,60754,train
1-9046,1,60754,train
1-9047,1,60754,train
1-9048,1,60754,train
1-9049,1,60754,train
1-9050,1,60754,train
1-9051,1,60754,train
1-9052,1,60754,train
1-9053,1,60754,train
1-9054,1,60754,train
1-9055,1,60754,train
1-9056,1,60754,train
1-9057,1,60754,train
1-9058,1,60754,train
1-9059,1,60754,train
1-9060,1,60754,train
1-9061,1,60754,train
1-9062,1,60754,train
1-9063,1,60754,train
1-9064,1,60754,train
1-9065,1,60754,train
1-9066,1,60754,train
1-9067,1,60754,train
1-9068,1,60754,train
1-9069,1,60754,train
1-9070,1,60754,train
1-9071,1,60754,train
1-9072,1,60754,train
1-9073,1,60754,train
1-9074,1,60754,train
1-9075,1,60754,train
1-9076,1,60754,train
1-9077,1,60754,train
1-9078,1,60754,train
1-9079,1,60754,train
1-9080,1,60754,train
1-9081,1,60754,train
1-9082,1,60754,train
1-9083,1,60754,train
1-9084,1,60754,train
1-9085,1,60754,train
1-9086,1,60754,train
1-9087,1,60754,train
1-9088,1,60754,train
1-9089,1,60754,train
1-9090,1,60754,train
1-9091,1,60754,train
1-9092,1,60754,train
1-9093,1,60754,train
1-9094,1,60754,train
1-9095,1,60754,train
1-9096,1,60754,train
1-9097,1,60754,train
1-9098,1,60754,train
1-9099,1,60754,train
1-9100,1,60754,train
1-9101,1,60754,train
1-9102,1,60754,train
1-9103,1,60754,train
1-9104,1,60754,train
1-9105,1,60754,train
1-9106,1,60754,train
1-9107,1,60754,train
1-9108,1,60754,train
1-9109,1,60754,train
1-9110,1,60754,train
1-9111,1,60754,train
1-9112,1,60754,train
1-9113,1,60754,train
1-9114,1,60754,train
1-9115,1,60754,train
1-9116,1,60754,train
1-9117,1,60754,train
1-9118,1,60754,train
1-9119,1,60754,train
1-9120,1,60754,train
1-9121,1,60754,train
1-9122,1,60754,train
1-9123,1,60754,train
1-9124,1,60754,train
1-9125,1,60754,train
1-9126,1,60754,train
1-9127,1,60754,train
1-9128,1,60754,train
1-9129,1,60754,train
1-9130,1,60754,train
1-9131,1,60754,train
1-9132,1,60754,train
1-9133,1,60754,train
1-9134,1,60754,train
1-9135,1,60754,train
1-9136,1,60754,train
1-9137,1,60754,train
1-9138,1,60754,train
1-9139,1,60754,train
1-9140,1,60754,train
1-9141,1,60754,train
1-9142,1,60754,train
1-9143,1,60754,train
1-9144,1,60754,train
1-9145,1,60754,train
1-9146,1,60754,train
1-9147,1,60754,train
1-9148,1,60754,train
1-9149,1,60754,train
1-9150,1,60754,train
1-9151,1,60754,train
1-9152,1,60754,train
1-9153,1,60754,train
1-9154,1,60754,train
1-9155,1,60754,train
1-9156,1,60754,train
1-9157,1,60754,train
1-9158,1,60754,train
1-9159,1,60754,train
1-9160,1,60754,train
1-9161,1,60754,train
1-9162,1,60754,train
1-9163,1,60754,train
1-9164,1,60754,train
1-9165,1,60754,train
1-9166,1,60754,train
1-9167,1,60754,train
1-9168,1,60754,train
1-9169,1,60754,train
1-9170,1,60754,train
1-9171,1,60754,train
1-9172,1,60754,train
1-9173,1,60754,train
1-9174,1,60754,train
1-9175,1,60754,train
1-9176,1,60754,train
1-9177,1,60754,train
1-9178,1,60754,train
1-9179,1,60754,train
1-9180,1,60754,train
1-9181,1,60754,train
1-9182,1,60754,train
1-9183,1,60754,train
1-9184,1,60754,train
1-9185,1,60754,train
1-9186,1,60754,train
1-9187,1,60754,train
1-9188,1,60754,train
1-9189,1,60754,train
1-9190,1,60754,train
1-9191,1,60754,train
1-9192,1,60754,train
1-9193,1,60754,train
1-9194,1,60754,train
1-9195,1,60754,train
1-9196,1,60754,train
1-9197,1,60754,train
1-9198,1,60754,train
1-9199,1,60754,train
1-9200,1,60754,train
1-9201,1,60754,train
1-9202,1,60754,train
1-9203,1,60754,train
1-9204,1,60754,train
1-9205,1,60754,train
1-9206,1,60754,train
1-9207,1,60754,train
1-9208,1,60754,train
1-9209,1,60754,train
1-9210,1,60754,train
1-9211,1,60754,train
1-9212,1,60754,train
1-9213,1,60754,train
1-9214,1,60754,train
1-9215,1,60754,train
1-9216,1,60754,train
1-9217,1,60754,train
1-9218,1,60754,train
1-9219,1,60754,train
1-9220,1,60754,train
1-9221,1,60754,train
1-9222,1,60754,train
1-9223,1,60754,train
1-9224,1,60754,train
1-9225,1,60754,train
1-9226,1,60754,train
1-9227,1,60754,train
1-9228,1,60754,train
1-9229,1,60754,train
1-9230,1,60754,train
1-9231,1,60754,train
1-9232,1,60754,train
1-9233,1,60754,train
1-9234,1,60754,train
1-9235,1,60754,train
1-9236,1,60754,train
1-9237,1,60754,train
1-9238,1,60754,train
1-9239,1,60754,train
1-9240,1,60754,train
1-9241,1,60754,train
1-9242,1,60754,train
1-9243,1,60754,train
1-9244,1,60754,train
1-9245,1,60754,train
1-9246,1,60754,train
1-9247,1,60754,train
1-9248,1,60754,train
1-9249,1,60754,train
1-9250,1,60754,train
1-9251,1,60754,train
1-9252,1,60754,train
1-9253,1,60754,train
1-9254,1,60754,train
1-9255,1,60754,train
1-9256,1,60754,train
1-9257,1,60754,train
1-9258,1,60754,train
1-9259,1,60754,train
1-9260,1,60754,train
1-9261,1,60754,train
1-9262,1,60754,train
1-9263,1,60754,train
1-9264,1,60754,train
1-9265,1,60754,train
1-9266,1,60754,train
1-9267,1,60754,train
1-9268,1,60754,train
1-9269,1,60754,train
1-9270,1,60754,train
1-9271,1,60754,train
1-9272,1,60754,train
1-9273,1,60754,train
1-9274,1,60754,train
1-9275,1,60754,train
1-9276,1,60754,train
1-9277,1,60754,train
1-9278,1,60754,train
1-9279,1,60754,train
1-9280,1,60754,train
1-9281,1,60754,train
1-9282,1,60754,train
1-9283,1,60754,train
1-9284,1,60754,train
1-9285,1,60754,train
1-9286,1,60754,train
1-9287,1,60754,train
1-9288,1,60754,train
1-9289,1,60754,train
1-9290,1,60754,train
1-9291,1,60754,train
1-9292,1,60754,train
1-9293,1,60754,train
1-9294,1,60754,train
1-9295,1,60754,train
1-9296,1,60754,train
1-9297,1,60754,train
1-9298,1,60754,train
1-9299,1,60754,train
1-9300,1,60754,train
1-9301,1,60754,train
1-9302,1,60754,train
1-9303,1,60754,train
1-9304,1,60754,train
1-9305,1,60754,train
1-9306,1,60754,train
1-9307,1,60754,train
1-9308,1,60754,train
1-9309,1,60754,train
1-9310,1,60754,train
1-9311,1,60754,train
1-9312,1,60754,train
1-9313,1,60754,train
1-9314,1,60754,train
1-9315,1,60754,train
1-9316,1,60754,train
1-9317,1,60754,train
1-9318,1,60754,train
1-9319,1,60754,train
1-9320,1,60754,train
1-9321,1,60754,train
1-9322,1,60754,train
1-9323,1,60754,train
1-9324,1,60754,train
1-9325,1,60754,train
1-9326,1,60754,train
1-9327,1,60754,train
1-9328,1,60754,train
1-9329,1,60754,train
1-9330,1,60754,train
1-9331,1,60754,train
1-9332,1,60754,train
1-9333,1,60754,train
1-9334,1,60754,train
1-9335,1,60754,train
1-9336,1,60754,train
1-9337,1,60754,train
1-9338,1,60754,train
1-9339,1,60754,train
1-9340,1,60754,train
1-9341,1,60754,train
1-9342,1,60754,train
1-9343,1,60754,train
1-9344,1,60754,train
1-9345,1,60754,train
1-9346,1,60754,train
1-9347,1,60754,train
1-9348,1,60754,train
1-9349,1,60754,train
1-9350,1,60754,train
1-9351,1,60754,train
1-9352,1,60754,train
1-9353,1,60754,train
1-9354,1,60754,train
1-9355,1,60754,train
1-9356,1,60754,train
1-9357,1,60754,train
1-9358,1,60754,train
1-9359,1,60754,train
1-9360,1,60754,train
1-9361,1,60754,train
1-9362,1,60754,train
1-9363,1,60754,train
1-9364,1,60754,train
1-9365,1,60754,train
1-9366,1,60754,train
1-9367,1,60754,train
1-9368,1,60754,train
1-9369,1,60754,train
1-9370,1,60754,train
1-9371,1,60754,train
1-9372,1,60754,train
1-9373,1,60754,train
1-9374,1,60754,train
1-9375,1,60754,train
1-9376,1,60754,train
1-9377,1,60754,train
1-9378,1,60754,train
1-9379,1,60754,train
1-9380,1,60754,train
1-9381,1,60754,train
1-9382,1,60754,train
1-9383,1,60754,train
1-9384,1,60754,train
1-9385,1,60754,train
1-9386,1,60754,train
1-9387,1,60754,train
1-9388,1,60754,train
1-9389,1,60754,train
1-9390,1,60754,train
1-9391,1,60754,train
1-9392,1,60754,train
1-9393,1,60754,train
1-9394,1,60754,train
1-9395,1,60754,train
1-9396,1,60754,train
1-9397,1,60754,train
1-9398,1,60754,train
1-9399,1,60754,train
1-9400,1,60754,train
1-9401,1,60754,train
1-9402,1,60754,train
1-9403,1,60754,train
1-9404,1,60754,train
1-9405,1,60754,train
1-9406,1,60754,train
1-9407,1,60754,train
1-9408,1,60754,train
1-9409,1,60754,train
1-9410,1,60754,train
1-9411,1,60754,train
1-9412,1,60754,train
1-9413,1,60754,train
1-9414,1,60754,train
1-9415,1,60754,train
1-9416,1,60754,train
1-9417,1,60754,train
1-9418,1,60754,train
1-9419,1,60754,train
1-9420,1,60754,train
1-9421,1,60754,train
1-9422,1,60754,train
1-9423,1,60754,train
1-9424,1,60754,train
1-9425,1,60754,train
1-9426,1,60754,train
1-9427,1,60754,train
1-9428,1,60754,train
1-9429,1,60754,train
1-9430,1,60754,train
1-9431,1,60754,train
1-9432,1,60754,train
1-9433,1,60754,train
1-9434,1,60754,train
1-9435,1,60754,train
1-9436,1,60754,train
1-9437,1,60754,train
1-9438,1,60754,train
1-9439,1,60754,train
1-9440,1,60754,train
1-9441,1,60754,train
1-9442,1,60754,train
1-9443,1,60754,train
1-9444,1,60754,train
1-9445,1,60754,train
1-9446,1,60754,train
1-9447,1,60754,train
1-9448,1,60754,train
1-9449,1,60754,train
1-9450,1,60754,train
1-9451,1,60754,train
1-9452,1,60754,train
1-9453,1,60754,train
1-9454,1,60754,train
1-9455,1,60754,train
1-9456,1,60754,train
1-9457,1,60754,train
1-9458,1,60754,train
1-9459,1,60754,train
1-9460,1,60754,train
1-9461,1,60754,train
1-9462,1,60754,train
1-9463,1,60754,train
1-9464,1,60754,train
1-9465,1,60754,train
1-9466,1,60754,train
1-9467,1,60754,train
1-9468,1,60754,train
1-9469,1,60754,train
1-9470,1,60754,train
1-9471,1,60754,train
1-9472,1,60754,train
1-9473,1,60754,train
1-9474,1,60754,train
1-9475,1,60754,train
1-9476,1,60754,train
1-9477,1,60754,train
1-9478,1,60754,train
1-9479,1,60754,train
1-9480,1,60754,train
1-9481,1,60754,train
1-9482,1,60754,train
1-9483,1,60754,train
1-9484,1,60754,train
1-9485,1,60754,train
1-9486,1,60754,train
1-9487,1,60754,train
1-9488,1,60754,train
1-9489,1,60754,train
1-9490,1,60754,train
1-9491,1,60754,train
1-9492,1,60754,train
1-9493,1,60754,train
1-9494,1,60754,train
1-9495,1,60754,train
1-9496,1,60754,train
1-9497,1,60754,train
1-9498,1,60754,train
1-9499,1,60754,train
1-9500,1,60754,train
1-9501,1,60754,train
1-9502,1,60754,train
1-9503,1,60754,train
1-9504,1,60754,train
1-9505,1,60754,train
1-9506,1,60754,train
1-9507,1,60754,train
1-9508,1,60754,train
1-9509,1,60754,train
1-9510,1,60754,train
1-9511,1,60754,train
1-9512,1,60754,train
1-9513,1,60754,train
1-9514,1,60754,train
1-9515,1,60754,train
1-9516,1,60754,train
1-9517,1,60754,train
1-9518,1,60754,train
1-9519,1,60754,train
1-9520,1,60754,train
1-9521,1,60754,train
1-9522,1,60754,train
1-9523,1,60754,train
1-9524,1,60754,train
1-9525,1,60754,train
1-9526,1,60754,train
1-9527,1,60754,train
1-9528,1,60754,train
1-9529,1,60754,train
1-9530,1,60754,train
1-9531,1,60754,train
1-9532,1,60754,train
1-9533,1,60754,train
1-9534,1,60754,train
1-9535,1,60754,train
1-9536,1,60754,train
1-9537,1,60754,train
1-9538,1,60754,train
1-9539,1,60754,train
1-9540,1,60754,train
1-9541,1,60754,train
1-9542,1,60754,train
1-9543,1,60754,train
1-9544,1,60754,train
1-9545,1,60754,train
1-9546,1,60754,train
1-9547,1,60754,train
1-9548,1,60754,train
1-9549,1,60754,train
1-9550,1,60754,train
1-9551,1,60754,train
1-9552,1,60754,train
1-9553,1,60754,train
1-9554,1,60754,train
1-9555,1,60754,train
1-9556,1,60754,train
1-9557,1,60754,train
1-9558,1,60754,train
1-9559,1,60754,train
1-9560,1,60754,train
1-9561,1,60754,train
1-9562,1,60754,train
1-9563,1,60754,train
1-9564,1,60754,train
1-9565,1,60754,train
1-9566,1,60754,train
1-9567,1,60754,train
1-9568,1,60754,train
1-9569,1,60754,train
1-9570,1,60754,train
1-9571,1,60754,train
1-9572,1,60754,train
1-9573,1,60754,train
1-9574,1,60754,train
1-9575,1,60754,train
1-9576,1,60754,train
1-9577,1,60754,train
1-9578,1,60754,train
1-9579,1,60754,train
1-9580,1,60754,train
1-9581,1,60754,train
1-9582,1,60754,train
1-9583,1,60754,train
1-9584,1,60754,train
1-9585,1,60754,train
1-9586,1,60754,train
1-9587,1,60754,train
1-9588,1,60754,train
1-9589,1,60754,train
1-9590,1,60754,train
1-9591,1,60754,train
1-9592,1,60754,train
1-9593,1,60754,train
1-9594,1,60754,train
1-9595,1,60754,train
1-9596,1,60754,train
1-9597,1,60754,train
1-9598,1,60754,train
1-9599,1,60754,train
1-9600,1,60754,train
1-9601,1,60754,train
1-9602,1,60754,train
1-9603,1,60754,train
1-9604,1,60754,train
1-9605,1,60754,train
1-9606,1,60754,train
1-9607,1,60754,train
1-9608,1,60754,train
1-9609,1,60754,train
1-9610,1,60754,train
1-9611,1,60754,train
1-9612,1,60754,train
1-9613,1,60754,train
1-9614,1,60754,train
1-9615,1,60754,train
1-9616,1,60754,train
1-9617,1,60754,train
1-9618,1,60754,train
1-9619,1,60754,train
1-9620,1,60754,train
1-9621,1,60754,train
1-9622,1,60754,train
1-9623,1,60754,train
1-9624,1,60754,train
1-9625,1,60754,train
1-9626,1,60754,train
1-9627,1,60754,train
1-9628,1,60754,train
1-9629,1,60754,train
1-9630,1,60754,train
1-9631,1,60754,train
1-9632,1,60754,train
1-9633,1,60754,train
1-9634,1,60754,train
1-9635,1,60754,train
1-9636,1,60754,train
1-9637,1,60754,train
1-9638,1,60754,train
1-9639,1,60754,train
1-9640,1,60754,train
1-9641,1,60754,train
1-9642,1,60754,train
1-9643,1,60754,train
1-9644,1,60754,train
1-9645,1,60754,train
1-9646,1,60754,train
1-9647,1,60754,train
1-9648,1,60754,train
1-9649,1,60754,train
1-9650,1,60754,train
1-9651,1,60754,train
1-9652,1,60754,train
1-9653,1,60754,train
1-9654,1,60754,train
1-9655,1,60754,train
1-9656,1,60754,train
1-9657,1,60754,train
1-9658,1,60754,train
1-9659,1,60754,train
1-9660,1,60754,train
1-9661,1,60754,train
1-9662,1,60754,train
1-9663,1,60754,train
1-9664,1,60754,train
1-9665,1,60754,train
1-9666,1,60754,train
1-9667,1,60754,train
1-9668,1,60754,train
1-9669,1,60754,train
1-9670,1,60754,train
1-9671,1,60754,train
1-9672,1,60754,train
1-9673,1,60754,train
1-9674,1,60754,train
1-9675,1,60754,train
1-9676,1,60754,train
1-9677,1,60754,train
1-9678,1,60754,train
1-9679,1,60754,train
1-9680,1,60754,train
1-9681,1,60754,train
1-9682,1,60754,train
1-9683,1,60754,train
1-9684,1,60754,train
1-9685,1,60754,train
1-9686,1,60754,train
1-9687,1,60754,train
1-9688,1,60754,train
1-9689,1,60754,train
1-9690,1,60754,train
1-9691,1,60754,train
1-9692,1,60754,train
1-9693,1,60754,train
1-9694,1,60754,train
1-9695,1,60754,train
1-9696,1,60754,train
1-9697,1,60754,train
1-9698,1,60754,train
1-9699,1,60754,train
1-9700,1,60754,train
1-9701,1,60754,train
1-9702,1,60754,train
1-9703,1,60754,train
1-9704,1,60754,train
1-9705,1,60754,train
1-9706,1,60754,train
1-9707,1,60754,train
1-9708,1,60754,train
1-9709,1,60754,train
1-9710,1,60754,train
1-9711,1,60754,train
1-9712,1,60754,train
1-9713,1,60754,train
1-9714,1,60754,train
1-9715,1,60754,train
1-9716,1,60754,train
1-9717,1,60754,train
1-9718,1,60754,train
1-9719,1,60754,train
1-9720,1,60754,train
1-9721,1,60754,train
1-9722,1,60754,train
1-9723,1,60754,train
1-9724,1,60754,train
1-9725,1,60754,train
1-9726,1,60754,train
1-9727,1,60754,train
1-9728,1,60754,train
1-9729,1,60754,train
1-9730,1,60754,train
1-9731,1,60754,train
1-9732,1,60754,train
1-9733,1,60754,train
1-9734,1,60754,train
1-9735,1,60754,train
1-9736,1,60754,train
1-9737,1,60754,train
1-9738,1,60754,train
1-9739,1,60754,train
1-9740,1,60754,train
1-9741,1,60754,train
1-9742,1,60754,train
1-9743,1,60754,train
1-9744,1,60754,train
1-9745,1,60754,train
1-9746,1,60754,train
1-9747,1,60754,train
1-9748,1,60754,train
1-9749,1,60754,train
1-9750,1,60754,train
1-9751,1,60754,train
1-9752,1,60754,train
1-9753,1,60754,train
1-9754,1,60754,train
1-9755,1,60754,train
1-9756,1,60754,train
1-9757,1,60754,train
1-9758,1,60754,train
1-9759,1,60754,train
1-9760,1,60754,train
1-9761,1,60754,train
1-9762,1,60754,train
1-9763,1,60754,train
1-9764,1,60754,train
1-9765,1,60754,train
1-9766,1,60754,train
1-9767,1,60754,train
1-9768,1,60754,train
1-9769,1,60754,train
1-9770,1,60754,train
1-9771,1,60754,train
1-9772,1,60754,train
1-9773,1,60754,train
1-9774,1,60754,train
1-9775,1,60754,train
1-9776,1,60754,train
1-9777,1,60754,train
1-9778,1,60754,train
1-9779,1,60754,train
1-9780,1,60754,train
1-9781,1,60754,train
1-9782,1,60754,train
1-9783,1,60754,train
1-9784,1,60754,train
1-9785,1,60754,train
1-9786,1,60754,train
1-9787,1,60754,train
1-9788,1,60754,train
1-9789,1,60754,train
1-9790,1,60754,train
1-9791,1,60754,train
1-9792,1,60754,train
1-9793,1,60754,train
1-9794,1,60754,train
1-9795,1,60754,train
1-9796,1,60754,train
1-9797,1,60754,train
1-9798,1,60754,train
1-9799,1,60754,train
1-9800,1,60754,train
1-9801,1,60754,train
1-9802,1,60754,train
1-9803,1,60754,train
1-9804,1,60754,train
1-9805,1,60754,train
1-9806,1,60754,train
1-9807,1,60754,train
1-9808,1,60754,train
1-9809,1,60754,train
1-9810,1,60754,train
1-9811,1,60754,train
1-9812,1,60754,train
1-9813,1,60754,train
1-9814,1,60754,train
1-9815,1,60754,train
1-9816,1,60754,train
1-9817,1,60754,train
1-9818,1,60754,train
1-9819,1,60754,train
1-9820,1,60754,train
1-9821,1,60754,train
1-9822,1,60754,train
1-9823,1,60754,train
1-9824,1,60754,train
1-9825,1,60754,train
1-9826,1,60754,train
1-9827,1,60754,train
1-9828,1,60754,train
1-9829,1,60754,train
1-9830,1,60754,train
1-9831,1,60754,train
1-9832,1,60754,train
1-9833,1,60754,train
1-9834,1,60754,train
1-9835,1,60754,train
1-9836,1,60754,train
1-9837,1,60754,train
1-9838,1,60754,train
1-9839,1,60754,train
1-9840,1,60754,train
1-9841,1,60754,train
1-9842,1,60754,train
1-9843,1,60754,train
1-9844,1,60754,train
1-9845,1,60754,train
1-9846,1,60754,train
1-9847,1,60754,train
1-9848,1,60754,train
1-9849,1,60754,train
1-9850,1,60754,train
1-9851,1,60754,train
1-9852,1,60754,train
1-9853,1,60754,train
1-9854,1,60754,train
1-9855,1,60754,train
1-9856,1,60754,train
1-9857,1,60754,train
1-9858,1,60754,train
1-9859,1,60754,train
1-9860,1,60754,train
1-9861,1,60754,train
1-9862,1,60754,train
1-9863,1,60754,train
1-9864,1,60754,train
1-9865,1,60754,train
1-9866,1,60754,train
1-9867,1,60754,train
1-9868,1,60754,train
1-9869,1,60754,train
1-9870,1,60754,train
1-9871,1,60754,train
1-9872,1,60754,train
1-9873,1,60754,train
1-9874,1,60754,train
1-9875,1,60754,train
1-9876,1,60754,train
1-9877,1,60754,train
1-9878,1,60754,train
1-9879,1,60754,train
1-9880,1,60754,train
1-9881,1,60754,train
1-9882,1,60754,train
1-9883,1,60754,train
1-9884,1,60754,train
1-9885,1,60754,train
1-9886,1,60754,train
1-9887,1,60754,train
1-9888,1,60754,train
1-9889,1,60754,train
1-9890,1,60754,train
1-9891,1,60754,train
1-9892,1,60754,train
1-9893,1,60754,train
1-9894,1,60754,train
1-9895,1,60754,train
1-9896,1,60754,train
1-9897,1,60754,train
1-9898,1,60754,train
1-9899,1,60754,train
1-9900,1,60754,train
1-9901,1,60754,train
1-9902,1,60754,train
1-9903,1,60754,train
1-9904,1,60754,train
1-9905,1,60754,train
1-9906,1,60754,train
1-9907,1,60754,train
1-9908,1,60754,train
1-9909,1,60754,train
1-9910,1,60754,train
1-9911,1,60754,train
1-9912,1,60754,train
1-9913,1,60754,train
1-9914,1,60754,train
1-9915,1,60754,train
1-9916,1,60754,train
1-9917,1,60754,train
1-9918,1,60754,train
1-9919,1,60754,train
1-9920,1,60754,train
1-9921,1,60754,train
1-9922,1,60754,train
1-9923,1,60754,train
1-9924,1,60754,train
1-9925,1,60754,train
1-9926,1,60754,train
1-9927,1,60754,train
1-9928,1,60754,train
1-9929,1,60754,train
1-9930,1,60754,train
1-9931,1,60754,train
1-9932,1,60754,train
1-9933,1,60754,train
1-9934,1,60754,train
1-9935,1,60754,train
1-9936,1,60754,train
1-9937,1,60754,train
1-9938,1,60754,train
1-9939,1,60754,train
1-9940,1,60754,train
1-9941,1,60754,train
1-9942,1,60754,train
1-9943,1,60754,train
1-9944,1,60754,train
1-9945,1,60754,train
1-9946,1,60754,train
1-9947,1,60754,train
1-9948,1,60754,train
1-9949,1,60754,train
1-9950,1,60754,train
1-9951,1,60754,train
1-9952,1,60754,train
1-9953,1,60754,train
1-9954,1,60754,train
1-9955,1,60754,train
1-9956,1,60754,train
1-9957,1,60754,train
1-9958,1,60754,train
1-9959,1,60754,train
1-9960,1,60754,train
1-9961,1,60754,train
1-9962,1,60754,train
1-9963,1,60754,train
1-9964,1,60754,train
1-9965,1,60754,train
1-9966,1,60754,train
1-9967,1,60754,train
1-9968,1,60754,train
1-9969,1,60754,train
1-9970,1,60754,train
1-9971,1,60754,train
1-9972,1,60754,train
1-9973,1,60754,train
1-9974,1,60754,train
1-9975,1,60754,train
1-9976,1,60754,train
1-9977,1,60754,train
1-9978,1,60754,train
1-9979,1,60754,train
1-9980,1,60754,train
1-9981,1,60754,train
1-9982,1,60754,train
1-9983,1,60754,train
1-9984,1,60754,train
1-9985,1,60754,train
1-9986,1,60754,train
1-9987,1,60754,train
1-9988,1,60754,train
1-9989,1,60754,train
1-9990,1,60754,train
1-9991,1,60754,train
1-9992,1,60754,train
1-9993,1,60754,train
1-9994,1,60754,train
1-9995,1,60754,train
1-9996,1,60754,train
1-9997,1,60754,train
1-9998,1,60754,train
1-9999,1,60754,train
1-10000,1,60754,train
1-10001,1,60754,train
1-10002,1,60754,train
1-10003,1,60754,train
1-10004,1,60754,train
1-10005,1,60754,train
1-10006,1,60754,train
1-10007,1,60754,train
1-10008,1,60754,train
1-10009,1,60754,train
1-10010,1,60754,train
1-10011,1,60754,train
1-10012,1,60754,train
1-10013,1,60754,train
1-10014,1,60754,train
1-10015,1,60754,train
1-10016,1,60754,train
1-10017,1,60754,train
1-10018,1,60754,train
1-10019,1,60754,train
1-10020,1,60754,train
1-10021,1,60754,train
1-10022,1,60754,train
1-10023,1,60754,train
1-10024,1,60754,train
1-10025,1,60754,train
1-10026,1,60754,train
1-10027,1,60754,train
1-10028,1,60754,train
1-10029,1,60754,train
1-10030,1,60754,train
1-10031,1,60754,train
1-10032,1,60754,train
1-10033,1,60754,train
1-10034,1,60754,train
1-10035,1,60754,train
1-10036,1,60754,train
1-10037,1,60754,train
1-10038,1,60754,train
1-10039,1,60754,train
1-10040,1,60754,train
1-10041,1,60754,train
1-10042,1,60754,train
1-10043,1,60754,train
1-10044,1,60754,train
1-10045,1,60754,train
1-10046,1,60754,train
1-10047,1,60754,train
1-10048,1,60754,train
1-10049,1,60754,train
1-10050,1,60754,train
1-10051,1,60754,train
1-10052,1,60754,train
1-10053,1,60754,train
1-10054,1,60754,train
1-10055,1,60754,train
1-10056,1,60754,train
1-10057,1,60754,train
1-10058,1,60754,train
1-10059,1,60754,train
1-10060,1,60754,train
1-10061,1,60754,train
1-10062,1,60754,train
1-10063,1,60754,train
1-10064,1,60754,train
1-10065,1,60754,train
1-10066,1,60754,train
1-10067,1,60754,train
1-10068,1,60754,train
1-10069,1,60754,train
1-10070,1,60754,train
1-10071,1,60754,train
1-10072,1,60754,train
1-10073,1,60754,train
1-10074,1,60754,train
1-10075,1,60754,train
1-10076,1,60754,train
1-10077,1,60754,train
1-10078,1,60754,train
1-10079,1,60754,train
1-10080,1,60754,train
1-10081,1,60754,train
1-10082,1,60754,train
1-10083,1,60754,train
1-10084,1,60754,train
1-10085,1,60754,train
1-10086,1,60754,train
1-10087,1,60754,train
1-10088,1,60754,train
1-10089,1,60754,train
1-10090,1,60754,train
1-10091,1,60754,train
1-10092,1,60754,train
1-10093,1,60754,train
1-10094,1,60754,train
1-10095,1,60754,train
1-10096,1,60754,train
1-10097,1,60754,train
1-10098,1,60754,train
1-10099,1,60754,train
1-10100,1,60754,train
1-10101,1,60754,train
1-10102,1,60754,train
1-10103,1,60754,train
1-10104,1,60754,train
1-10105,1,60754,train
1-10106,1,60754,train
1-10107,1,60754,train
1-10108,1,60754,train
1-10109,1,60754,train
1-10110,1,60754,train
1-10111,1,60754,train
1-10112,1,60754,train
1-10113,1,60754,train
1-10114,1,60754,train
1-10115,1,60754,train
1-10116,1,60754,train
1-10117,1,60754,train
1-10118,1,60754,train
1-10119,1,60754,train
1-10120,1,60754,train
1-10121,1,60754,train
1-10122,1,60754,train
1-10123,1,60754,train
1-10124,1,60754,train
1-10125,1,60754,train
1-10126,1,60754,train
1-10127,1,60754,train
1-10128,1,60754,train
1-10129,1,60754,train
1-10130,1,60754,train
1-10131,1,60754,train
1-10132,1,60754,train
1-10133,1,60754,train
1-10134,1,60754,train
1-10135,1,60754,train
1-10136,1,60754,train
1-10137,1,60754,train
1-10138,1,60754,train
1-10139,1,60754,train
1-10140,1,60754,train
1-10141,1,60754,train
1-10142,1,60754,train
1-10143,1,60754,train
1-10144,1,60754,train
1-10145,1,60754,train
1-10146,1,60754,train
1-10147,1,60754,train
1-10148,1,60754,train
1-10149,1,60754,train
1-10150,1,60754,train
1-10151,1,60754,train
1-10152,1,60754,train
1-10153,1,60754,train
1-10154,1,60754,train
1-10155,1,60754,train
1-10156,1,60754,train
1-10157,1,60754,train
1-10158,1,60754,train
1-10159,1,60754,train
1-10160,1,60754,train
1-10161,1,60754,train
1-10162,1,60754,train
1-10163,1,60754,train
1-10164,1,60754,train
1-10165,1,60754,train
1-10166,1,60754,train
1-10167,1,60754,train
1-10168,1,60754,train
1-10169,1,60754,train
1-10170,1,60754,train
1-10171,1,60754,train
1-10172,1,60754,train
1-10173,1,60754,train
1-10174,1,60754,train
1-10175,1,60754,train
1-10176,1,60754,train
1-10177,1,60754,train
1-10178,1,60754,train
1-10179,1,60754,train
1-10180,1,60754,train
1-10181,1,60754,train
1-10182,1,60754,train
1-10183,1,60754,train
1-10184,1,60754,train
1-10185,1,60754,train
1-10186,1,60754,train
1-10187,1,60754,train
1-10188,1,60754,train
1-10189,1,60754,train
1-10190,1,60754,train
1-10191,1,60754,train
1-10192,1,60754,train
1-10193,1,60754,train
1-10194,1,60754,train
1-10195,1,60754,train
1-10196,1,60754,train
1-10197,1,60754,train
1-10198,1,60754,train
1-10199,1,60754,train
1-10200,1,60754,train
1-10201,1,60754,train
1-10202,1,60754,train
1-10203,1,60754,train
1-10204,1,60754,train
1-10205,1,60754,train
1-10206,1,60754,train
1-10207,1,60754,train
1-10208,1,60754,train
1-10209,1,60754,train
1-10210,1,60754,train
1-10211,1,60754,train
1-10212,1,60754,train
1-10213,1,60754,train
1-10214,1,60754,train
1-10215,1,60754,train
1-10216,1,60754,train
1-10217,1,60754,train
1-10218,1,60754,train
1-10219,1,60754,train
1-10220,1,60754,train
1-10221,1,60754,train
1-10222,1,60754,train
1-10223,1,60754,train
1-10224,1,60754,train
1-10225,1,60754,train
1-10226,1,60754,train
1-10227,1,60754,train
1-10228,1,60754,train
1-10229,1,60754,train
1-10230,1,60754,train
1-10231,1,60754,train
1-10232,1,60754,train
1-10233,1,60754,train
1-10234,1,60754,train
1-10235,1,60754,train
1-10236,1,60754,train
1-10237,1,60754,train
1-10238,1,60754,train
1-10239,1,60754,train
1-10240,1,60754,train
1-10241,1,60754,train
1-10242,1,60754,train
1-10243,1,60754,train
1-10244,1,60754,train
1-10245,1,60754,train
1-10246,1,60754,train
1-10247,1,60754,train
1-10248,1,60754,train
1-10249,1,60754,train
1-10250,1,60754,train
1-10251,1,60754,train
1-10252,1,60754,train
1-10253,1,60754,train
1-10254,1,60754,train
1-10255,1,60754,train
1-10256,1,60754,train
1-10257,1,60754,train
1-10258,1,60754,train
1-10259,1,60754,train
1-10260,1,60754,train
1-10261,1,60754,train
1-10262,1,60754,train
1-10263,1,60754,train
1-10264,1,60754,train
1-10265,1,60754,train
1-10266,1,60754,train
1-10267,1,60754,train
1-10268,1,60754,train
1-10269,1,60754,train
1-10270,1,60754,train
1-10271,1,60754,train
1-10272,1,60754,train
1-10273,1,60754,train
1-10274,1,60754,train
1-10275,1,60754,train
1-10276,1,60754,train
1-10277,1,60754,train
1-10278,1,60754,train
1-10279,1,60754,train
1-10280,1,60754,train
1-10281,1,60754,train
1-10282,1,60754,train
1-10283,1,60754,train
1-10284,1,60754,train
1-10285,1,60754,train
1-10286,1,60754,train
1-10287,1,60754,train
1-10288,1,60754,train
1-10289,1,60754,train
1-10290,1,60754,train
1-10291,1,60754,train
1-10292,1,60754,train
1-10293,1,60754,train
1-10294,1,60754,train
1-10295,1,60754,train
1-10296,1,60754,train
1-10297,1,60754,train
1-10298,1,60754,train
1-10299,1,60754,train
1-10300,1,60754,train
1-10301,1,60754,train
1-10302,1,60754,train
1-10303,1,60754,train
1-10304,1,60754,train
1-10305,1,60754,train
1-10306,1,60754,train
1-10307,1,60754,train
1-10308,1,60754,train
1-10309,1,60754,train
1-10310,1,60754,train
1-10311,1,60754,train
1-10312,1,60754,train
1-10313,1,60754,train
1-10314,1,60754,train
1-10315,1,60754,train
1-10316,1,60754,train
1-10317,1,60754,train
1-10318,1,60754,train
1-10319,1,60754,train
1-10320,1,60754,train
1-10321,1,60754,train
1-10322,1,60754,train
1-10323,1,60754,train
1-10324,1,60754,train
1-10325,1,60754,train
1-10326,1,60754,train
1-10327,1,60754,train
1-10328,1,60754,train
1-10329,1,60754,train
1-10330,1,60754,train
1-10331,1,60754,train
1-10332,1,60754,train
1-10333,1,60754,train
1-10334,1,60754,train
1-10335,1,60754,train
1-10336,1,60754,train
1-10337,1,60754,train
1-10338,1,60754,train
1-10339,1,60754,train
1-10340,1,60754,train
1-10341,1,60754,train
1-10342,1,60754,train
1-10343,1,60754,train
1-10344,1,60754,train
1-10345,1,60754,train
1-10346,1,60754,train
1-10347,1,60754,train
1-10348,1,60754,train
1-10349,1,60754,train
1-10350,1,60754,train
1-10351,1,60754,train
1-10352,1,60754,train
1-10353,1,60754,train
1-10354,1,60754,train
1-10355,1,60754,train
1-10356,1,60754,train
1-10357,1,60754,train
1-10358,1,60754,train
1-10359,1,60754,train
1-10360,1,60754,train
1-10361,1,60754,train
1-10362,1,60754,train
1-10363,1,60754,train
1-10364,1,60754,train
1-10365,1,60754,train
1-10366,1,60754,train
1-10367,1,60754,train
1-10368,1,60754,train
1-10369,1,60754,train
1-10370,1,60754,train
1-10371,1,60754,train
1-10372,1,60754,train
1-10373,1,60754,train
1-10374,1,60754,train
1-10375,1,60754,train
1-10376,1,60754,train
1-10377,1,60754,train
1-10378,1,60754,train
1-10379,1,60754,train
1-10380,1,60754,train
1-10381,1,60754,train
1-10382,1,60754,train
1-10383,1,60754,train
1-10384,1,60754,train
1-10385,1,60754,train
1-10386,1,60754,train
1-10387,1,60754,train
1-10388,1,60754,train
1-10389,1,60754,train
1-10390,1,60754,train
1-10391,1,60754,train
1-10392,1,60754,train
1-10393,1,60754,train
1-10394,1,60754,train
1-10395,1,60754,train
1-10396,1,60754,train
1-10397,1,60754,train
1-10398,1,60754,train
1-10399,1,60754,train
1-10400,1,60754,train
1-10401,1,60754,train
1-10402,1,60754,train
1-10403,1,60754,train
1-10404,1,60754,train
1-10405,1,60754,train
1-10406,1,60754,train
1-10407,1,60754,train
1-10408,1,60754,train
1-10409,1,60754,train
1-10410,1,60754,train
1-10411,1,60754,train
1-10412,1,60754,train
1-10413,1,60754,train
1-10414,1,60754,train
1-10415,1,60754,train
1-10416,1,60754,train
1-10417,1,60754,train
1-10418,1,60754,train
1-10419,1,60754,train
1-10420,1,60754,train
1-10421,1,60754,train
1-10422,1,60754,train
1-10423,1,60754,train
1-10424,1,60754,train
1-10425,1,60754,train
1-10426,1,60754,train
1-10427,1,60754,train
1-10428,1,60754,train
1-10429,1,60754,train
1-10430,1,60754,train
1-10431,1,60754,train
1-10432,1,60754,train
1-10433,1,60754,train
1-10434,1,60754,train
1-10435,1,60754,train
1-10436,1,60754,train
1-10437,1,60754,train
1-10438,1,60754,train
1-10439,1,60754,train
1-10440,1,60754,train
1-10441,1,60754,train
1-10442,1,60754,train
1-10443,1,60754,train
1-10444,1,60754,train
1-10445,1,60754,train
1-10446,1,60754,train
1-10447,1,60754,train
1-10448,1,60754,train
1-10449,1,60754,train
1-10450,1,60754,train
1-10451,1,60754,train
1-10452,1,60754,train
1-10453,1,60754,train
1-10454,1,60754,train
1-10455,1,60754,train
1-10456,1,60754,train
1-10457,1,60754,train
1-10458,1,60754,train
1-10459,1,60754,train
1-10460,1,60754,train
1-10461,1,60754,train
1-10462,1,60754,train
1-10463,1,60754,train
1-10464,1,60754,train
1-10465,1,60754,train
1-10466,1,60754,train
1-10467,1,60754,train
1-10468,1,60754,train
1-10469,1,60754,train
1-10470,1,60754,train
1-10471,1,60754,train
1-10472,1,60754,train
1-10473,1,60754,train
1-10474,1,60754,train
1-10475,1,60754,train
1-10476,1,60754,train
1-10477,1,60754,train
1-10478,1,60754,train
1-10479,1,60754,train
1-10480,1,60754,train
1-10481,1,60754,train
1-10482,1,60754,train
1-10483,1,60754,train
1-10484,1,60754,train
1-10485,1,60754,train
1-10486,1,60754,train
1-10487,1,60754,train
1-10488,1,60754,train
1-10489,1,60754,train
1-10490,1,60754,train
1-10491,1,60754,train
1-10492,1,60754,train
1-10493,1,60754,train
1-10494,1,60754,train
1-10495,1,60754,train
1-10496,1,60754,train
1-10497,1,60754,train
1-10498,1,60754,train
1-10499,1,60754,train
1-10500,1,60754,train
1-10501,1,60754,train
1-10502,1,60754,train
1-10503,1,60754,train
1-10504,1,60754,train
1-10505,1,60754,train
1-10506,1,60754,train
1-10507,1,60754,train
1-10508,1,60754,train
1-10509,1,60754,train
1-10510,1,60754,train
1-10511,1,60754,train
1-10512,1,60754,train
1-10513,1,60754,train
1-10514,1,60754,train
1-10515,1,60754,train
1-10516,1,60754,train
1-10517,1,60754,train
1-10518,1,60754,train
1-10519,1,60754,train
1-10520,1,60754,train
1-10521,1,60754,train
1-10522,1,60754,train
1-10523,1,60754,train
1-10524,1,60754,train
1-10525,1,60754,train
1-10526,1,60754,train
1-10527,1,60754,train
1-10528,1,60754,train
1-10529,1,60754,train
1-10530,1,60754,train
1-10531,1,60754,train
1-10532,1,60754,train
1-10533,1,60754,train
1-10534,1,60754,train
1-10535,1,60754,train
1-10536,1,60754,train
1-10537,1,60754,train
1-10538,1,60754,train
1-10539,1,60754,train
1-10540,1,60754,train
1-10541,1,60754,train
1-10542,1,60754,train
1-10543,1,60754,train
1-10544,1,60754,train
1-10545,1,60754,train
1-10546,1,60754,train
1-10547,1,60754,train
1-10548,1,60754,train
1-10549,1,60754,train
1-10550,1,60754,train
1-10551,1,60754,train
1-10552,1,60754,train
1-10553,1,60754,train
1-10554,1,60754,train
1-10555,1,60754,train
1-10556,1,60754,train
1-10557,1,60754,train
1-10558,1,60754,train
1-10559,1,60754,train
1-10560,1,60754,train
1-10561,1,60754,train
1-10562,1,60754,train
1-10563,1,60754,train
1-10564,1,60754,train
1-10565,1,60754,train
1-10566,1,60754,train
1-10567,1,60754,train
1-10568,1,60754,train
1-10569,1,60754,train
1-10570,1,60754,train
1-10571,1,60754,train
1-10572,1,60754,train
1-10573,1,60754,train
1-10574,1,60754,train
1-10575,1,60754,train
1-10576,1,60754,train
1-10577,1,60754,train
1-10578,1,60754,train
1-10579,1,60754,train
1-10580,1,60754,train
1-10581,1,60754,train
1-10582,1,60754,train
1-10583,1,60754,train
1-10584,1,60754,train
1-10585,1,60754,train
1-10586,1,60754,train
1-10587,1,60754,train
1-10588,1,60754,train
1-10589,1,60754,train
1-10590,1,60754,train
1-10591,1,60754,train
1-10592,1,60754,train
1-10593,1,60754,train
1-10594,1,60754,train
1-10595,1,60754,train
1-10596,1,60754,train
1-10597,1,60754,train
1-10598,1,60754,train
1-10599,1,60754,train
1-10600,1,60754,train
1-10601,1,60754,train
1-10602,1,60754,train
1-10603,1,60754,train
1-10604,1,60754,train
1-10605,1,60754,train
1-10606,1,60754,train
1-10607,1,60754,train
1-10608,1,60754,train
1-10609,1,60754,train
1-10610,1,60754,train
1-10611,1,60754,train
1-10612,1,60754,train
1-10613,1,60754,train
1-10614,1,60754,train
1-10615,1,60754,train
1-10616,1,60754,train
1-10617,1,60754,train
1-10618,1,60754,train
1-10619,1,60754,train
1-10620,1,60754,train
1-10621,1,60754,train
1-10622,1,60754,train
1-10623,1,60754,train
1-10624,1,60754,train
1-10625,1,60754,train
1-10626,1,60754,train
1-10627,1,60754,train
1-10628,1,60754,train
1-10629,1,60754,train
1-10630,1,60754,train
1-10631,1,60754,train
1-10632,1,60754,train
1-10633,1,60754,train
1-10634,1,60754,train
1-10635,1,60754,train
1-10636,1,60754,train
1-10637,1,60754,train
1-10638,1,60754,train
1-10639,1,60754,train
1-10640,1,60754,train
1-10641,1,60754,train
1-10642,1,60754,train
1-10643,1,60754,train
1-10644,1,60754,train
1-10645,1,60754,train
1-10646,1,60754,train
1-10647,1,60754,train
1-10648,1,60754,train
1-10649,1,60754,train
1-10650,1,60754,train
1-10651,1,60754,train
1-10652,1,60754,train
1-10653,1,60754,train
1-10654,1,60754,train
1-10655,1,60754,train
1-10656,1,60754,train
1-10657,1,60754,train
1-10658,1,60754,train
1-10659,1,60754,train
1-10660,1,60754,train
1-10661,1,60754,train
1-10662,1,60754,train
1-10663,1,60754,train
1-10664,1,60754,train
1-10665,1,60754,train
1-10666,1,60754,train
1-10667,1,60754,train
1-10668,1,60754,train
1-10669,1,60754,train
1-10670,1,60754,train
1-10671,1,60754,train
1-10672,1,60754,train
1-10673,1,60754,train
1-10674,1,60754,train
1-10675,1,60754,train
1-10676,1,60754,train
1-10677,1,60754,train
1-10678,1,60754,train
1-10679,1,60754,train
1-10680,1,60754,train
1-10681,1,60754,train
1-10682,1,60754,train
1-10683,1,60754,train
1-10684,1,60754,train
1-10685,1,60754,train
1-10686,1,60754,train
1-10687,1,60754,train
1-10688,1,60754,train
1-10689,1,60754,train
1-10690,1,60754,train
1-10691,1,60754,train
1-10692,1,60754,train
1-10693,1,60754,train
1-10694,1,60754,train
1-10695,1,60754,train
1-10696,1,60754,train
1-10697,1,60754,train
1-10698,1,60754,train
1-10699,1,60754,train
1-10700,1,60754,train
1-10701,1,60754,train
1-10702,1,60754,train
1-10703,1,60754,train
1-10704,1,60754,train
1-10705,1,60754,train
1-10706,1,60754,train
1-10707,1,60754,train
1-10708,1,60754,train
1-10709,1,60754,train
1-10710,1,60754,train
1-10711,1,60754,train
1-10712,1,60754,train
1-10713,1,60754,train
1-10714,1,60754,train
1-10715,1,60754,train
1-10716,1,60754,train
1-10717,1,60754,train
1-10718,1,60754,train
1-10719,1,60754,train
1-10720,1,60754,train
1-10721,1,60754,train
1-10722,1,60754,train
1-10723,1,60754,train
1-10724,1,60754,train
1-10725,1,60754,train
1-10726,1,60754,train
1-10727,1,60754,train
1-10728,1,60754,train
1-10729,1,60754,train
1-10730,1,60754,train
1-10731,1,60754,train
1-10732,1,60754,train
1-10733,1,60754,train
1-10734,1,60754,train
1-10735,1,60754,train
1-10736,1,60754,train
1-10737,1,60754,train
1-10738,1,60754,train
1-10739,1,60754,train
1-10740,1,60754,train
1-10741,1,60754,train
1-10742,1,60754,train
1-10743,1,60754,train
1-10744,1,60754,train
1-10745,1,60754,train
1-10746,1,60754,train
1-10747,1,60754,train
1-10748,1,60754,train
1-10749,1,60754,train
1-10750,1,60754,train
1-10751,1,60754,train
1-10752,1,60754,train
1-10753,1,60754,train
1-10754,1,60754,train
1-10755,1,60754,train
1-10756,1,60754,train
1-10757,1,60754,train
1-10758,1,60754,train
1-10759,1,60754,train
1-10760,1,60754,train
1-10761,1,60754,train
1-10762,1,60754,train
1-10763,1,60754,train
1-10764,1,60754,train
1-10765,1,60754,train
1-10766,1,60754,train
1-10767,1,60754,train
1-10768,1,60754,train
1-10769,1,60754,train
1-10770,1,60754,train
1-10771,1,60754,train
1-10772,1,60754,train
1-10773,1,60754,train
1-10774,1,60754,train
1-10775,1,60754,train
1-10776,1,60754,train
1-10777,1,60754,train
1-10778,1,60754,train
1-10779,1,60754,train
1-10780,1,60754,train
1-10781,1,60754,train
1-10782,1,60754,train
1-10783,1,60754,train
1-10784,1,60754,train
1-10785,1,60754,train
1-10786,1,60754,train
1-10787,1,60754,train
1-10788,1,60754,train
1-10789,1,60754,train
1-10790,1,60754,train
1-10791,1,60754,train
1-10792,1,60754,train
1-10793,1,60754,train
1-10794,1,60754,train
1-10795,1,60754,train
1-10796,1,60754,train
1-10797,1,60754,train
1-10798,1,60754,train
1-10799,1,60754,train
1-10800,1,60754,train
1-10801,1,60754,train
1-10802,1,60754,train
1-10803,1,60754,train
1-10804,1,60754,train
1-10805,1,60754,train
1-10806,1,60754,train
1-10807,1,60754,train
1-10808,1,60754,train
1-10809,1,60754,train
1-10810,1,60754,train
1-10811,1,60754,train
1-10812,1,60754,train
1-10813,1,60754,train
1-10814,1,60754,train
1-10815,1,60754,train
1-10816,1,60754,train
1-10817,1,60754,train
1-10818,1,60754,train
1-10819,1,60754,train
1-10820,1,60754,train
1-10821,1,60754,train
1-10822,1,60754,train
1-10823,1,60754,train
1-10824,1,60754,train
1-10825,1,60754,train
1-10826,1,60754,train
1-10827,1,60754,train
1-10828,1,60754,train
1-10829,1,60754,train
1-10830,1,60754,train
1-10831,1,60754,train
1-10832,1,60754,train
1-10833,1,60754,train
1-10834,1,60754,train
1-10835,1,60754,train
1-10836,1,60754,train
1-10837,1,60754,train
1-10838,1,60754,train
1-10839,1,60754,train
1-10840,1,60754,train
1-10841,1,60754,train
1-10842,1,60754,train
1-10843,1,60754,train
1-10844,1,60754,train
1-10845,1,60754,train
1-10846,1,60754,train
1-10847,1,60754,train
1-10848,1,60754,train
1-10849,1,60754,train
1-10850,1,60754,train
1-10851,1,60754,train
1-10852,1,60754,train
1-10853,1,60754,train
1-10854,1,60754,train
1-10855,1,60754,train
1-10856,1,60754,train
1-10857,1,60754,train
1-10858,1,60754,train
1-10859,1,60754,train
1-10860,1,60754,train
1-10861,1,60754,train
1-10862,1,60754,train
1-10863,1,60754,train
1-10864,1,60754,train
1-10865,1,60754,train
1-10866,1,60754,train
1-10867,1,60754,train
1-10868,1,60754,train
1-10869,1,60754,train
1-10870,1,60754,train
1-10871,1,60754,train
1-10872,1,60754,train
1-10873,1,60754,train
1-10874,1,60754,train
1-10875,1,60754,train
1-10876,1,60754,train
1-10877,1,60754,train
1-10878,1,60754,train
1-10879,1,60754,train
1-10880,1,60754,train
1-10881,1,60754,train
1-10882,1,60754,train
1-10883,1,60754,train
1-10884,1,60754,train
1-10885,1,60754,train
1-10886,1,60754,train
1-10887,1,60754,train
1-10888,1,60754,train
1-10889,1,60754,train
1-10890,1,60754,train
1-10891,1,60754,train
1-10892,1,60754,train
1-10893,1,60754,train
1-10894,1,60754,train
1-10895,1,60754,train
1-10896,1,60754,train
1-10897,1,60754,train
1-10898,1,60754,train
1-10899,1,60754,train
1-10900,1,60754,train
1-10901,1,60754,train
1-10902,1,60754,train
1-10903,1,60754,train
1-10904,1,60754,train
1-10905,1,60754,train
1-10906,1,60754,train
1-10907,1,60754,train
1-10908,1,60754,train
1-10909,1,60754,train
1-10910,1,60754,train
1-10911,1,60754,train
1-10912,1,60754,train
1-10913,1,60754,train
1-10914,1,60754,train
1-10915,1,60754,train
1-10916,1,60754,train
1-10917,1,60754,train
1-10918,1,60754,train
1-10919,1,60754,train
1-10920,1,60754,train
1-10921,1,60754,train
1-10922,1,60754,train
1-10923,1,60754,train
1-10924,1,60754,train
1-10925,1,60754,train
1-10926,1,60754,train
1-10927,1,60754,train
1-10928,1,60754,train
1-10929,1,60754,train
1-10930,1,60754,train
1-10931,1,60754,train
1-10932,1,60754,train
1-10933,1,60754,train
1-10934,1,60754,train
1-10935,1,60754,train
1-10936,1,60754,train
1-10937,1,60754,train
1-10938,1,60754,train
1-10939,1,60754,train
1-10940,1,60754,train
1-10941,1,60754,train
1-10942,1,60754,train
1-10943,1,60754,train
1-10944,1,60754,train
1-10945,1,60754,train
1-10946,1,60754,train
1-10947,1,60754,train
1-10948,1,60754,train
1-10949,1,60754,train
1-10950,1,60754,train
1-10951,1,60754,train
1-10952,1,60754,train
1-10953,1,60754,train
1-10954,1,60754,train
1-10955,1,60754,train
1-10956,1,60754,train
1-10957,1,60754,train
1-10958,1,60754,train
1-10959,1,60754,train
1-10960,1,60754,train
1-10961,1,60754,train
1-10962,1,60754,train
1-10963,1,60754,train
1-10964,1,60754,train
1-10965,1,60754,train
1-10966,1,60754,train
1-10967,1,60754,train
1-10968,1,60754,train
1-10969,1,60754,train
1-10970,1,60754,train
1-10971,1,60754,train
1-10972,1,60754,train
1-10973,1,60754,train
1-10974,1,60754,train
1-10975,1,60754,train
1-10976,1,60754,train
1-10977,1,60754,train
1-10978,1,60754,train
1-10979,1,60754,train
1-10980,1,60754,train
1-10981,1,60754,train
1-10982,1,60754,train
1-10983,1,60754,train
1-10984,1,60754,train
1-10985,1,60754,train
1-10986,1,60754,train
1-10987,1,60754,train
1-10988,1,60754,train
1-10989,1,60754,train
1-10990,1,60754,train
1-10991,1,60754,train
1-10992,1,60754,train
1-10993,1,60754,train
1-10994,1,60754,train
1-10995,1,60754,train
1-10996,1,60754,train
1-10997,1,60754,train
1-10998,1,60754,train
1-10999,1,60754,train
1-11000,1,60754,train
1-11001,1,60754,train
1-11002,1,60754,train
1-11003,1,60754,train
1-11004,1,60754,train
1-11005,1,60754,train
1-11006,1,60754,train
1-11007,1,60754,train
1-11008,1,60754,train
1-11009,1,60754,train
1-11010,1,60754,train
1-11011,1,60754,train
1-11012,1,60754,train
1-11013,1,60754,train
1-11014,1,60754,train
1-11015,1,60754,train
1-11016,1,60754,train
1-11017,1,60754,train
1-11018,1,60754,train
1-11019,1,60754,train
1-11020,1,60754,train
1-11021,1,60754,train
1-11022,1,60754,train
1-11023,1,60754,train
1-11024,1,60754,train
1-11025,1,60754,train
1-11026,1,60754,train
1-11027,1,60754,train
1-11028,1,60754,train
1-11029,1,60754,train
1-11030,1,60754,train
1-11031,1,60754,train
1-11032,1,60754,train
1-11033,1,60754,train
1-11034,1,60754,train
1-11035,1,60754,train
1-11036,1,60754,train
1-11037,1,60754,train
1-11038,1,60754,train
1-11039,1,60754,train
1-11040,1,60754,train
1-11041,1,60754,train
1-11042,1,60754,train
1-11043,1,60754,train
1-11044,1,60754,train
1-11045,1,60754,train
1-11046,1,60754,train
1-11047,1,60754,train
1-11048,1,60754,train
1-11049,1,60754,train
1-11050,1,60754,train
1-11051,1,60754,train
1-11052,1,60754,train
1-11053,1,60754,train
1-11054,1,60754,train
1-11055,1,60754,train
1-11056,1,60754,train
1-11057,1,60754,train
1-11058,1,60754,train
1-11059,1,60754,train
1-11060,1,60754,train
1-11061,1,60754,train
1-11062,1,60754,train
1-11063,1,60754,train
1-11064,1,60754,train
1-11065,1,60754,train
1-11066,1,60754,train
1-11067,1,60754,train
1-11068,1,60754,train
1-11069,1,60754,train
1-11070,1,60754,train
1-11071,1,60754,train
1-11072,1,60754,train
1-11073,1,60754,train
1-11074,1,60754,train
1-11075,1,60754,train
1-11076,1,60754,train
1-11077,1,60754,train
1-11078,1,60754,train
1-11079,1,60754,train
1-11080,1,60754,train
1-11081,1,60754,train
1-11082,1,60754,train
1-11083,1,60754,train
1-11084,1,60754,train
1-11085,1,60754,train
1-11086,1,60754,train
1-11087,1,60754,train
1-11088,1,60754,train
1-11089,1,60754,train
1-11090,1,60754,train
1-11091,1,60754,train
1-11092,1,60754,train
1-11093,1,60754,train
1-11094,1,60754,train
1-11095,1,60754,train
1-11096,1,60754,train
1-11097,1,60754,train
1-11098,1,60754,train
1-11099,1,60754,train
1-11100,1,60754,train
1-11101,1,60754,train
1-11102,1,60754,train
1-11103,1,60754,train
1-11104,1,60754,train
1-11105,1,60754,train
1-11106,1,60754,train
1-11107,1,60754,train
1-11108,1,60754,train
1-11109,1,60754,train
1-11110,1,60754,train
1-11111,1,60754,train
1-11112,1,60754,train
1-11113,1,60754,train
1-11114,1,60754,train
1-11115,1,60754,train
1-11116,1,60754,train
1-11117,1,60754,train
1-11118,1,60754,train
1-11119,1,60754,train
1-11120,1,60754,train
1-11121,1,60754,train
1-11122,1,60754,train
1-11123,1,60754,train
1-11124,1,60754,train
1-11125,1,60754,train
1-11126,1,60754,train
1-11127,1,60754,train
1-11128,1,60754,train
1-11129,1,60754,train
1-11130,1,60754,train
1-11131,1,60754,train
1-11132,1,60754,train
1-11133,1,60754,train
1-11134,1,60754,train
1-11135,1,60754,train
1-11136,1,60754,train
1-11137,1,60754,train
1-11138,1,60754,train
1-11139,1,60754,train
1-11140,1,60754,train
1-11141,1,60754,train
1-11142,1,60754,train
1-11143,1,60754,train
1-11144,1,60754,train
1-11145,1,60754,train
1-11146,1,60754,train
1-11147,1,60754,train
1-11148,1,60754,train
1-11149,1,60754,train
1-11150,1,60754,train
1-11151,1,60754,train
1-11152,1,60754,train
1-11153,1,60754,train
1-11154,1,60754,train
1-11155,1,60754,train
1-11156,1,60754,train
1-11157,1,60754,train
1-11158,1,60754,train
1-11159,1,60754,train
1-11160,1,60754,train
1-11161,1,60754,train
1-11162,1,60754,train
1-11163,1,60754,train
1-11164,1,60754,train
1-11165,1,60754,train
1-11166,1,60754,train
1-11167,1,60754,train
1-11168,1,60754,train
1-11169,1,60754,train
1-11170,1,60754,train
1-11171,1,60754,train
1-11172,1,60754,train
1-11173,1,60754,train
1-11174,1,60754,train
1-11175,1,60754,train
1-11176,1,60754,train
1-11177,1,60754,train
1-11178,1,60754,train
1-11179,1,60754,train
1-11180,1,60754,train
1-11181,1,60754,train
1-11182,1,60754,train
1-11183,1,60754,train
1-11184,1,60754,train
1-11185,1,60754,train
1-11186,1,60754,train
1-11187,1,60754,train
1-11188,1,60754,train
1-11189,1,60754,train
1-11190,1,60754,train
1-11191,1,60754,train
1-11192,1,60754,train
1-11193,1,60754,train
1-11194,1,60754,train
1-11195,1,60754,train
1-11196,1,60754,train
1-11197,1,60754,train
1-11198,1,60754,train
1-11199,1,60754,train
1-11200,1,60754,train
1-11201,1,60754,train
1-11202,1,60754,train
1-11203,1,60754,train
1-11204,1,60754,train
1-11205,1,60754,train
1-11206,1,60754,train
1-11207,1,60754,train
1-11208,1,60754,train
1-11209,1,60754,train
1-11210,1,60754,train
1-11211,1,60754,train
1-11212,1,60754,train
1-11213,1,60754,train
1-11214,1,60754,train
1-11215,1,60754,train
1-11216,1,60754,train
1-11217,1,60754,train
1-11218,1,60754,train
1-11219,1,60754,train
1-11220,1,60754,train
1-11221,1,60754,train
1-11222,1,60754,train
1-11223,1,60754,train
1-11224,1,60754,train
1-11225,1,60754,train
1-11226,1,60754,train
1-11227,1,60754,train
1-11228,1,60754,train
1-11229,1,60754,train
1-11230,1,60754,train
1-11231,1,60754,train
1-11232,1,60754,train
1-11233,1,60754,train
1-11234,1,60754,train
1-11235,1,60754,train
1-11236,1,60754,train
1-11237,1,60754,train
1-11238,1,60754,train
1-11239,1,60754,train
1-11240,1,60754,train
1-11241,1,60754,train
1-11242,1,60754,train
1-11243,1,60754,train
1-11244,1,60754,train
1-11245,1,60754,train
1-11246,1,60754,train
1-11247,1,60754,train
1-11248,1,60754,train
1-11249,1,60754,train
1-11250,1,60754,train
1-11251,1,60754,train
1-11252,1,60754,train
1-11253,1,60754,train
1-11254,1,60754,train
1-11255,1,60754,train
1-11256,1,60754,train
1-11257,1,60754,train
1-11258,1,60754,train
1-11259,1,60754,train
1-11260,1,60754,train
1-11261,1,60754,train
1-11262,1,60754,train
1-11263,1,60754,train
1-11264,1,60754,train
1-11265,1,60754,train
1-11266,1,60754,train
1-11267,1,60754,train
1-11268,1,60754,train
1-11269,1,60754,train
1-11270,1,60754,train
1-11271,1,60754,train
1-11272,1,60754,train
1-11273,1,60754,train
1-11274,1,60754,train
1-11275,1,60754,train
1-11276,1,60754,train
1-11277,1,60754,train
1-11278,1,60754,train
1-11279,1,60754,train
1-11280,1,60754,train
1-11281,1,60754,train
1-11282,1,60754,train
1-11283,1,60754,train
1-11284,1,60754,train
1-11285,1,60754,train
1-11286,1,60754,train
1-11287,1,60754,train
1-11288,1,60754,train
1-11289,1,60754,train
1-11290,1,60754,train
1-11291,1,60754,train
1-11292,1,60754,train
1-11293,1,60754,train
1-11294,1,60754,train
1-11295,1,60754,train
1-11296,1,60754,train
1-11297,1,60754,train
1-11298,1,60754,train
1-11299,1,60754,train
1-11300,1,60754,train
1-11301,1,60754,train
1-11302,1,60754,train
1-11303,1,60754,train
1-11304,1,60754,train
1-11305,1,60754,train
1-11306,1,60754,train
1-11307,1,60754,train
1-11308,1,60754,train
1-11309,1,60754,train
1-11310,1,60754,train
1-11311,1,60754,train
1-11312,1,60754,train
1-11313,1,60754,train
1-11314,1,60754,train
1-11315,1,60754,train
1-11316,1,60754,train
1-11317,1,60754,train
1-11318,1,60754,train
1-11319,1,60754,train
1-11320,1,60754,train
1-11321,1,60754,train
1-11322,1,60754,train
1-11323,1,60754,train
1-11324,1,60754,train
1-11325,1,60754,train
1-11326,1,60754,train
1-11327,1,60754,train
1-11328,1,60754,train
1-11329,1,60754,train
1-11330,1,60754,train
1-11331,1,60754,train
1-11332,1,60754,train
1-11333,1,60754,train
1-11334,1,60754,train
1-11335,1,60754,train
1-11336,1,60754,train
1-11337,1,60754,train
1-11338,1,60754,train
1-11339,1,60754,train
1-11340,1,60754,train
1-11341,1,60754,train
1-11342,1,60754,train
1-11343,1,60754,train
1-11344,1,60754,train
1-11345,1,60754,train
1-11346,1,60754,train
1-11347,1,60754,train
1-11348,1,60754,train
1-11349,1,60754,train
1-11350,1,60754,train
1-11351,1,60754,train
1-11352,1,60754,train
1-11353,1,60754,train
1-11354,1,60754,train
1-11355,1,60754,train
1-11356,1,60754,train
1-11357,1,60754,train
1-11358,1,60754,train
1-11359,1,60754,train
1-11360,1,60754,train
1-11361,1,60754,train
1-11362,1,60754,train
1-11363,1,60754,train
1-11364,1,60754,train
1-11365,1,60754,train
1-11366,1,60754,train
1-11367,1,60754,train
1-11368,1,60754,train
1-11369,1,60754,train
1-11370,1,60754,train
1-11371,1,60754,train
1-11372,1,60754,train
1-11373,1,60754,train
1-11374,1,60754,train
2-0,2,37114,train
2-1,2,37114,train
2-2,2,37114,train
2-3,2,37114,train
2-4,2,37114,train
2-5,2,37114,train
2-6,2,37114,train
2-7,2,37114,train
2-8,2,37114,train
2-9,2,37114,train
2-10,2,37114,train
2-11,2,37114,train
2-12,2,37114,train
2-13,2,37114,train
2-14,2,37114,train
2-15,2,37114,train
2-16,2,37114,train
2-17,2,37114,train
2-18,2,37114,train
2-19,2,37114,train
2-20,2,37114,train
2-21,2,37114,train
2-22,2,37114,train
2-23,2,37114,train
2-24,2,37114,train
2-25,2,37114,train
2-26,2,37114,train
2-27,2,37114,train
2-28,2,37114,train
2-29,2,37114,train
2-30,2,37114,train
2-31,2,37114,train
2-32,2,37114,train
2-33,2,37114,train
2-34,2,37114,train
2-35,2,37114,train
2-36,2,37114,train
2-37,2,37114,train
2-38,2,37114,train
2-39,2,37114,train
2-40,2,37114,train
2-41,2,37114,train
2-42,2,37114,train
2-43,2,37114,train
2-44,2,37114,train
2-45,2,37114,train
2-46,2,37114,train
2-47,2,37114,train
2-48,2,37114,train
2-49,2,37114,train
2-50,2,37114,train
2-51,2,37114,train
2-52,2,37114,train
2-53,2,37114,train
2-54,2,37114,train
2-55,2,37114,train
2-56,2,37114,train
2-57,2,37114,train
2-58,2,37114,train
2-59,2,37114,train
2-60,2,37114,train
2-61,2,37114,train
2-62,2,37114,train
2-63,2,37114,train
2-64,2,37114,train
2-65,2,37114,train
2-66,2,37114,train
2-67,2,37114,train
2-68,2,37114,train
2-69,2,37114,train
2-70,2,37114,train
2-71,2,37114,train
2-72,2,37114,train
2-73,2,37114,train
2-74,2,37114,train
2-75,2,37114,train
2-76,2,37114,train
2-77,2,37114,train
2-78,2,37114,train
2-79,2,37114,train
2-80,2,37114,train
2-81,2,37114,train
2-82,2,37114,train
2-83,2,37114,train
2-84,2,37114,train
2-85,2,37114,train
2-86,2,37114,train
2-87,2,37114,train
2-88,2,37114,train
2-89,2,37114,train
2-90,2,37114,train
2-91,2,37114,train
2-92,2,37114,train
2-93,2,37114,train
2-94,2,37114,train
2-95,2,37114,train
2-96,2,37114,train
2-97,2,37114,train
2-98,2,37114,train
2-99,2,37114,train
2-100,2,37114,train
2-101,2,37114,train
2-102,2,37114,train
2-103,2,37114,train
2-104,2,37114,train
2-105,2,37114,train
2-106,2,37114,train
2-107,2,37114,train
2-108,2,37114,train
2-109,2,37114,train
2-110,2,37114,train
2-111,2,37114,train
2-112,2,37114,train
2-113,2,37114,train
2-114,2,37114,train
2-115,2,37114,train
2-116,2,37114,train
2-117,2,37114,train
2-118,2,37114,train
2-119,2,37114,train
2-120,2,37114,train
2-121,2,37114,train
2-122,2,37114,train
2-123,2,37114,train
2-124,2,37114,train
2-125,2,37114,train
2-126,2,37114,train
2-127,2,37114,train
2-128,2,37114,train
2-129,2,37114,train
2-130,2,37114,train
2-131,2,37114,train
2-132,2,37114,train
2-133,2,37114,train
2-134,2,37114,train
2-135,2,37114,train
2-136,2,37114,train
2-137,2,37114,train
2-138,2,37114,train
2-139,2,37114,train
2-140,2,37114,train
2-141,2,37114,train
2-142,2,37114,train
2-143,2,37114,train
2-144,2,37114,train
2-145,2,37114,train
2-146,2,37114,train
2-147,2,37114,train
2-148,2,37114,train
2-149,2,37114,train
2-150,2,37114,train
2-151,2,37114,train
2-152,2,37114,train
2-153,2,37114,train
2-154,2,37114,train
2-155,2,37114,train
2-156,2,37114,train
2-157,2,37114,train
2-158,2,37114,train
2-159,2,37114,train
2-160,2,37114,train
2-161,2,37114,train
2-162,2,37114,train
2-163,2,37114,train
2-164,2,37114,train
2-165,2,37114,train
2-166,2,37114,train
2-167,2,37114,train
2-168,2,37114,train
2-169,2,37114,train
2-170,2,37114,train
2-171,2,37114,train
2-172,2,37114,train
2-173,2,37114,train
2-174,2,37114,train
2-175,2,37114,train
2-176,2,37114,train
2-177,2,37114,train
2-178,2,37114,train
2-179,2,37114,train
2-180,2,37114,train
2-181,2,37114,train
2-182,2,37114,train
2-183,2,37114,train
2-184,2,37114,train
2-185,2,37114,train
2-186,2,37114,train
2-187,2,37114,train
2-188,2,37114,train
2-189,2,37114,train
2-190,2,37114,train
2-191,2,37114,train
2-192,2,37114,train
2-193,2,37114,train
2-194,2,37114,train
2-195,2,37114,train
2-196,2,37114,train
2-197,2,37114,train
2-198,2,37114,train
2-199,2,37114,train
2-200,2,37114,train
2-201,2,37114,train
2-202,2,37114,train
2-203,2,37114,train
2-204,2,37114,train
2-205,2,37114,train
2-206,2,37114,train
2-207,2,37114,train
2-208,2,37114,train
2-209,2,37114,train
2-210,2,37114,train
2-211,2,37114,train
2-212,2,37114,train
2-213,2,37114,train
2-214,2,37114,train
2-215,2,37114,train
2-216,2,37114,train
2-217,2,37114,train
2-218,2,37114,train
2-219,2,37114,train
2-220,2,37114,train
2-221,2,37114,train
2-222,2,37114,train
2-223,2,37114,train
2-224,2,37114,train
2-225,2,37114,train
2-226,2,37114,train
2-227,2,37114,train
2-228,2,37114,train
2-229,2,37114,train
2-230,2,37114,train
2-231,2,37114,train
2-232,2,37114,train
2-233,2,37114,train
2-234,2,37114,train
2-235,2,37114,train
2-236,2,37114,train
2-237,2,37114,train
2-238,2,37114,train
2-239,2,37114,train
2-240,2,37114,train
2-241,2,37114,train
2-242,2,37114,train
2-243,2,37114,train
2-244,2,37114,train
2-245,2,37114,train
2-246,2,37114,train
2-247,2,37114,train
2-248,2,37114,train
2-249,2,37114,train
2-250,2,37114,train
2-251,2,37114,train
2-252,2,37114,train
2-253,2,37114,train
2-254,2,37114,train
2-255,2,37114,train
2-256,2,37114,train
2-257,2,37114,train
2-258,2,37114,train
2-259,2,37114,train
2-260,2,37114,train
2-261,2,37114,train
2-262,2,37114,train
2-263,2,37114,train
2-264,2,37114,train
2-265,2,37114,train
2-266,2,37114,train
2-267,2,37114,train
2-268,2,37114,train
2-269,2,37114,train
2-270,2,37114,train
2-271,2,37114,train
2-272,2,37114,train
2-273,2,37114,train
2-274,2,37114,train
2-275,2,37114,train
2-276,2,37114,train
2-277,2,37114,train
2-278,2,37114,train
2-279,2,37114,train
2-280,2,37114,train
2-281,2,37114,train
2-282,2,37114,train
2-283,2,37114,train
2-284,2,37114,train
2-285,2,37114,train
2-286,2,37114,train
2-287,2,37114,train
2-288,2,37114,train
2-289,2,37114,train
2-290,2,37114,train
2-291,2,37114,train
2-292,2,37114,train
2-293,2,37114,train
2-294,2,37114,train
2-295,2,37114,train
2-296,2,37114,train
2-297,2,37114,train
2-298,2,37114,train
2-299,2,37114,train
2-300,2,37114,train
2-301,2,37114,train
2-302,2,37114,train
2-303,2,37114,train
2-304,2,37114,train
2-305,2,37114,train
2-306,2,37114,train
2-307,2,37114,train
2-308,2,37114,train
2-309,2,37114,train
2-310,2,37114,train
2-311,2,37114,train
2-312,2,37114,train
2-313,2,37114,train
2-314,2,37114,train
2-315,2,37114,train
2-316,2,37114,train
2-317,2,37114,train
2-318,2,37114,train
2-319,2,37114,train
2-320,2,37114,train
2-321,2,37114,train
2-322,2,37114,train
2-323,2,37114,train
2-324,2,37114,train
2-325,2,37114,train
2-326,2,37114,train
2-327,2,37114,train
2-328,2,37114,train
2-329,2,37114,train
2-330,2,37114,train
2-331,2,37114,train
2-332,2,37114,train
2-333,2,37114,train
2-334,2,37114,train
2-335,2,37114,train
2-336,2,37114,train
2-337,2,37114,train
2-338,2,37114,train
2-339,2,37114,train
2-340,2,37114,train
2-341,2,37114,train
2-342,2,37114,train
2-343,2,37114,train
2-344,2,37114,train
2-345,2,37114,train
2-346,2,37114,train
2-347,2,37114,train
2-348,2,37114,train
2-349,2,37114,train
2-350,2,37114,train
2-351,2,37114,train
2-352,2,37114,train
2-353,2,37114,train
2-354,2,37114,train
2-355,2,37114,train
2-356,2,37114,train
2-357,2,37114,train
2-358,2,37114,train
2-359,2,37114,train
2-360,2,37114,train
2-361,2,37114,train
2-362,2,37114,train
2-363,2,37114,train
2-364,2,37114,train
2-365,2,37114,train
2-366,2,37114,train
2-367,2,37114,train
2-368,2,37114,train
2-369,2,37114,train
2-370,2,37114,train
2-371,2,37114,train
2-372,2,37114,train
2-373,2,37114,train
2-374,2,37114,train
2-375,2,37114,train
2-376,2,37114,train
2-377,2,37114,train
2-378,2,37114,train
2-379,2,37114,train
2-380,2,37114,train
2-381,2,37114,train
2-382,2,37114,train
2-383,2,37114,train
2-384,2,37114,train
2-385,2,37114,train
2-386,2,37114,train
2-387,2,37114,train
2-388,2,37114,train
2-389,2,37114,train
2-390,2,37114,train
2-391,2,37114,train
2-392,2,37114,train
2-393,2,37114,train
2-394,2,37114,train
2-395,2,37114,train
2-396,2,37114,train
2-397,2,37114,train
2-398,2,37114,train
2-399,2,37114,train
2-400,2,37114,train
2-401,2,37114,train
2-402,2,37114,train
2-403,2,37114,train
2-404,2,37114,train
2-405,2,37114,train
2-406,2,37114,train
2-407,2,37114,train
2-408,2,37114,train
2-409,2,37114,train
2-410,2,37114,train
2-411,2,37114,train
2-412,2,37114,train
2-413,2,37114,train
2-414,2,37114,train
2-415,2,37114,train
2-416,2,37114,train
2-417,2,37114,train
2-418,2,37114,train
2-419,2,37114,train
2-420,2,37114,train
2-421,2,37114,train
2-422,2,37114,train
2-423,2,37114,train
2-424,2,37114,train
2-425,2,37114,train
2-426,2,37114,train
2-427,2,37114,train
2-428,2,37114,train
2-429,2,37114,train
2-430,2,37114,train
2-431,2,37114,train
2-432,2,37114,train
2-433,2,37114,train
2-434,2,37114,train
2-435,2,37114,train
2-436,2,37114,train
2-437,2,37114,train
2-438,2,37114,train
2-439,2,37114,train
2-440,2,37114,train
2-441,2,37114,train
2-442,2,37114,train
2-443,2,37114,train
2-444,2,37114,train
2-445,2,37114,train
2-446,2,37114,train
2-447,2,37114,train
2-448,2,37114,train
2-449,2,37114,train
2-450,2,37114,train
2-451,2,37114,train
2-452,2,37114,train
2-453,2,37114,train
2-454,2,37114,train
2-455,2,37114,train
2-456,2,37114,train
2-457,2,37114,train
2-458,2,37114,train
2-459,2,37114,train
2-460,2,37114,train
2-461,2,37114,train
2-462,2,37114,train
2-463,2,37114,train
2-464,2,37114,train
2-465,2,37114,train
2-466,2,37114,train
2-467,2,37114,train
2-468,2,37114,train
2-469,2,37114,train
2-470,2,37114,train
2-471,2,37114,train
2-472,2,37114,train
2-473,2,37114,train
2-474,2,37114,train
2-475,2,37114,train
2-476,2,37114,train
2-477,2,37114,train
2-478,2,37114,train
2-479,2,37114,train
2-480,2,37114,train
2-481,2,37114,train
2-482,2,37114,train
2-483,2,37114,train
2-484,2,37114,train
2-485,2,37114,train
2-486,2,37114,train
2-487,2,37114,train
2-488,2,37114,train
2-489,2,37114,train
2-490,2,37114,train
2-491,2,37114,train
2-492,2,37114,train
2-493,2,37114,train
2-494,2,37114,train
2-495,2,37114,train
2-496,2,37114,train
2-497,2,37114,train
2-498,2,37114,train
2-499,2,37114,train
2-500,2,37114,train
2-501,2,37114,train
2-502,2,37114,train
2-503,2,37114,train
2-504,2,37114,train
2-505,2,37114,train
2-506,2,37114,train
2-507,2,37114,train
2-508,2,37114,train
2-509,2,37114,train
2-510,2,37114,train
2-511,2,37114,train
2-512,2,37114,train
2-513,2,37114,train
2-514,2,37114,train
2-515,2,37114,train
2-516,2,37114,train
2-517,2,37114,train
2-518,2,37114,train
2-519,2,37114,train
2-520,2,37114,train
2-521,2,37114,train
2-522,2,37114,train
2-523,2,37114,train
2-524,2,37114,train
2-525,2,37114,train
2-526,2,37114,train
2-527,2,37114,train
2-528,2,37114,train
2-529,2,37114,train
2-530,2,37114,train
2-531,2,37114,train
2-532,2,37114,train
2-533,2,37114,train
2-534,2,37114,train
2-535,2,37114,train
2-536,2,37114,train
2-537,2,37114,train
2-538,2,37114,train
2-539,2,37114,train
2-540,2,37114,train
2-541,2,37114,train
2-542,2,37114,train
2-543,2,37114,train
2-544,2,37114,train
2-545,2,37114,train
2-546,2,37114,train
2-547,2,37114,train
2-548,2,37114,train
2-549,2,37114,train
2-550,2,37114,train
2-551,2,37114,train
2-552,2,37114,train
2-553,2,37114,train
2-554,2,37114,train
2-555,2,37114,train
2-556,2,37114,train
2-557,2,37114,train
2-558,2,37114,train
2-559,2,37114,train
2-560,2,37114,train
2-561,2,37114,train
2-562,2,37114,train
2-563,2,37114,train
2-564,2,37114,train
2-565,2,37114,train
2-566,2,37114,train
2-567,2,37114,train
2-568,2,37114,train
2-569,2,37114,train
2-570,2,37114,train
2-571,2,37114,train
2-572,2,37114,train
2-573,2,37114,train
2-574,2,37114,train
2-575,2,37114,train
2-576,2,37114,train
2-577,2,37114,train
2-578,2,37114,train
2-579,2,37114,train
2-580,2,37114,train
2-581,2,37114,train
2-582,2,37114,train
2-583,2,37114,train
2-584,2,37114,train
2-585,2,37114,train
2-586,2,37114,train
2-587,2,37114,train
2-588,2,37114,train
2-589,2,37114,train
2-590,2,37114,train
2-591,2,37114,train
2-592,2,37114,train
2-593,2,37114,train
2-594,2,37114,train
2-595,2,37114,train
2-596,2,37114,train
2-597,2,37114,train
2-598,2,37114,train
2-599,2,37114,train
2-600,2,37114,train
2-601,2,37114,train
2-602,2,37114,train
2-603,2,37114,train
2-604,2,37114,train
2-605,2,37114,train
2-606,2,37114,train
2-607,2,37114,train
2-608,2,37114,train
2-609,2,37114,train
2-610,2,37114,train
2-611,2,37114,train
2-612,2,37114,train
2-613,2,37114,train
2-614,2,37114,train
2-615,2,37114,train
2-616,2,37114,train
2-617,2,37114,train
2-618,2,37114,train
2-619,2,37114,train
2-620,2,37114,train
2-621,2,37114,train
2-622,2,37114,train
2-623,2,37114,train
2-624,2,37114,train
2-625,2,37114,train
2-626,2,37114,train
2-627,2,37114,train
2-628,2,37114,train
2-629,2,37114,train
2-630,2,37114,train
2-631,2,37114,train
2-632,2,37114,train
2-633,2,37114,train
2-634,2,37114,train
2-635,2,37114,train
2-636,2,37114,train
2-637,2,37114,train
2-638,2,37114,train
2-639,2,37114,train
2-640,2,37114,train
2-641,2,37114,train
2-642,2,37114,train
2-643,2,37114,train
2-644,2,37114,train
2-645,2,37114,train
2-646,2,37114,train
2-647,2,37114,train
2-648,2,37114,train
2-649,2,37114,train
2-650,2,37114,train
2-651,2,37114,train
2-652,2,37114,train
2-653,2,37114,train
2-654,2,37114,train
2-655,2,37114,train
2-656,2,37114,train
2-657,2,37114,train
2-658,2,37114,train
2-659,2,37114,train
2-660,2,37114,train
2-661,2,37114,train
2-662,2,37114,train
2-663,2,37114,train
2-664,2,37114,train
2-665,2,37114,train
2-666,2,37114,train
2-667,2,37114,train
2-668,2,37114,train
2-669,2,37114,train
2-670,2,37114,train
2-671,2,37114,train
2-672,2,37114,train
2-673,2,37114,train
2-674,2,37114,train
2-675,2,37114,train
2-676,2,37114,train
2-677,2,37114,train
2-678,2,37114,train
2-679,2,37114,train
2-680,2,37114,train
2-681,2,37114,train
2-682,2,37114,train
2-683,2,37114,train
2-684,2,37114,train
2-685,2,37114,train
2-686,2,37114,train
2-687,2,37114,train
2-688,2,37114,train
2-689,2,37114,train
2-690,2,37114,train
2-691,2,37114,train
2-692,2,37114,train
2-693,2,37114,train
2-694,2,37114,train
2-695,2,37114,train
2-696,2,37114,train
2-697,2,37114,train
2-698,2,37114,train
2-699,2,37114,train
2-700,2,37114,train
2-701,2,37114,train
2-702,2,37114,train
2-703,2,37114,train
2-704,2,37114,train
2-705,2,37114,train
2-706,2,37114,train
2-707,2,37114,train
2-708,2,37114,train
2-709,2,37114,train
2-710,2,37114,train
2-711,2,37114,train
2-712,2,37114,train
2-713,2,37114,train
2-714,2,37114,train
2-715,2,37114,train
2-716,2,37114,train
2-717,2,37114,train
2-718,2,37114,train
2-719,2,37114,train
2-720,2,37114,train
2-721,2,37114,train
2-722,2,37114,train
2-723,2,37114,train
2-724,2,37114,train
2-725,2,37114,train
2-726,2,37114,train
2-727,2,37114,train
2-728,2,37114,train
2-729,2,37114,train
2-730,2,37114,train
2-731,2,37114,train
2-732,2,37114,train
2-733,2,37114,train
2-734,2,37114,train
2-735,2,37114,train
2-736,2,37114,train
2-737,2,37114,train
2-738,2,37114,train
2-739,2,37114,train
2-740,2,37114,train
2-741,2,37114,train
2-742,2,37114,train
2-743,2,37114,train
2-744,2,37114,train
2-745,2,37114,train
2-746,2,37114,train
2-747,2,37114,train
2-748,2,37114,train
2-749,2,37114,train
2-750,2,37114,train
2-751,2,37114,train
2-752,2,37114,train
2-753,2,37114,train
2-754,2,37114,train
2-755,2,37114,train
2-756,2,37114,train
2-757,2,37114,train
2-758,2,37114,train
2-759,2,37114,train
2-760,2,37114,train
2-761,2,37114,train
2-762,2,37114,train
2-763,2,37114,train
2-764,2,37114,train
2-765,2,37114,train
2-766,2,37114,train
2-767,2,37114,train
2-768,2,37114,train
2-769,2,37114,train
2-770,2,37114,train
2-771,2,37114,train
2-772,2,37114,train
2-773,2,37114,train
2-774,2,37114,train
2-775,2,37114,train
2-776,2,37114,train
2-777,2,37114,train
2-778,2,37114,train
2-779,2,37114,train
2-780,2,37114,train
2-781,2,37114,train
2-782,2,37114,train
2-783,2,37114,train
2-784,2,37114,train
2-785,2,37114,train
2-786,2,37114,train
2-787,2,37114,train
2-788,2,37114,train
2-789,2,37114,train
2-790,2,37114,train
2-791,2,37114,train
2-792,2,37114,train
2-793,2,37114,train
2-794,2,37114,train
2-795,2,37114,train
2-796,2,37114,train
2-797,2,37114,train
2-798,2,37114,train
2-799,2,37114,train
2-800,2,37114,train
2-801,2,37114,train
2-802,2,37114,train
2-803,2,37114,train
2-804,2,37114,train
2-805,2,37114,train
2-806,2,37114,train
2-807,2,37114,train
2-808,2,37114,train
2-809,2,37114,train
2-810,2,37114,train
2-811,2,37114,train
2-812,2,37114,train
2-813,2,37114,train
2-814,2,37114,train
2-815,2,37114,train
2-816,2,37114,train
2-817,2,37114,train
2-818,2,37114,train
2-819,2,37114,train
2-820,2,37114,train
2-821,2,37114,train
2-822,2,37114,train
2-823,2,37114,train
2-824,2,37114,train
2-825,2,37114,train
2-826,2,37114,train
2-827,2,37114,train
2-828,2,37114,train
2-829,2,37114,train
2-830,2,37114,train
2-831,2,37114,train
2-832,2,37114,train
2-833,2,37114,train
2-834,2,37114,train
2-835,2,37114,train
2-836,2,37114,train
2-837,2,37114,train
2-838,2,37114,train
2-839,2,37114,train
2-840,2,37114,train
2-841,2,37114,train
2-842,2,37114,train
2-843,2,37114,train
2-844,2,37114,train
2-845,2,37114,train
2-846,2,37114,train
2-847,2,37114,train
2-848,2,37114,train
2-849,2,37114,train
2-850,2,37114,train
2-851,2,37114,train
2-852,2,37114,train
2-853,2,37114,train
2-854,2,37114,train
2-855,2,37114,train
2-856,2,37114,train
2-857,2,37114,train
2-858,2,37114,train
2-859,2,37114,train
2-860,2,37114,train
2-861,2,37114,train
2-862,2,37114,train
2-863,2,37114,train
2-864,2,37114,train
2-865,2,37114,train
2-866,2,37114,train
2-867,2,37114,train
2-868,2,37114,train
2-869,2,37114,train
2-870,2,37114,train
2-871,2,37114,train
2-872,2,37114,train
2-873,2,37114,train
2-874,2,37114,train
2-875,2,37114,train
2-876,2,37114,train
2-877,2,37114,train
2-878,2,37114,train
2-879,2,37114,train
2-880,2,37114,train
2-881,2,37114,train
2-882,2,37114,train
2-883,2,37114,train
2-884,2,37114,train
2-885,2,37114,train
2-886,2,37114,train
2-887,2,37114,train
2-888,2,37114,train
2-889,2,37114,train
2-890,2,37114,train
2-891,2,37114,train
2-892,2,37114,train
2-893,2,37114,train
2-894,2,37114,train
2-895,2,37114,train
2-896,2,37114,train
2-897,2,37114,train
2-898,2,37114,train
2-899,2,37114,train
2-900,2,37114,train
2-901,2,37114,train
2-902,2,37114,train
2-903,2,37114,train
2-904,2,37114,train
2-905,2,37114,train
2-906,2,37114,train
2-907,2,37114,train
2-908,2,37114,train
2-909,2,37114,train
2-910,2,37114,train
2-911,2,37114,train
2-912,2,37114,train
2-913,2,37114,train
2-914,2,37114,train
2-915,2,37114,train
2-916,2,37114,train
2-917,2,37114,train
2-918,2,37114,train
2-919,2,37114,train
2-920,2,37114,train
2-921,2,37114,train
2-922,2,37114,train
2-923,2,37114,train
2-924,2,37114,train
2-925,2,37114,train
2-926,2,37114,train
2-927,2,37114,train
2-928,2,37114,train
2-929,2,37114,train
2-930,2,37114,train
2-931,2,37114,train
2-932,2,37114,train
2-933,2,37114,train
2-934,2,37114,train
2-935,2,37114,train
2-936,2,37114,train
2-937,2,37114,train
2-938,2,37114,train
2-939,2,37114,train
2-940,2,37114,train
2-941,2,37114,train
2-942,2,37114,train
2-943,2,37114,train
2-944,2,37114,train
2-945,2,37114,train
2-946,2,37114,train
2-947,2,37114,train
2-948,2,37114,train
2-949,2,37114,train
2-950,2,37114,train
2-951,2,37114,train
2-952,2,37114,train
2-953,2,37114,train
2-954,2,37114,train
2-955,2,37114,train
2-956,2,37114,train
2-957,2,37114,train
2-958,2,37114,train
2-959,2,37114,train
2-960,2,37114,train
2-961,2,37114,train
2-962,2,37114,train
2-963,2,37114,train
2-964,2,37114,train
2-965,2,37114,train
2-966,2,37114,train
2-967,2,37114,train
2-968,2,37114,train
2-969,2,37114,train
2-970,2,37114,train
2-971,2,37114,train
2-972,2,37114,train
2-973,2,37114,train
2-974,2,37114,train
2-975,2,37114,train
2-976,2,37114,train
2-977,2,37114,train
2-978,2,37114,train
2-979,2,37114,train
2-980,2,37114,train
2-981,2,37114,train
2-982,2,37114,train
2-983,2,37114,train
2-984,2,37114,train
2-985,2,37114,train
2-986,2,37114,train
2-987,2,37114,train
2-988,2,37114,train
2-989,2,37114,train
2-990,2,37114,train
2-991,2,37114,train
2-992,2,37114,train
2-993,2,37114,train
2-994,2,37114,train
2-995,2,37114,train
2-996,2,37114,train
2-997,2,37114,train
2-998,2,37114,train
2-999,2,37114,train
2-1000,2,37114,train
2-1001,2,37114,train
2-1002,2,37114,train
2-1003,2,37114,train
2-1004,2,37114,train
2-1005,2,37114,train
2-1006,2,37114,train
2-1007,2,37114,train
2-1008,2,37114,train
2-1009,2,37114,train
2-1010,2,37114,train
2-1011,2,37114,train
2-1012,2,37114,train
2-1013,2,37114,train
2-1014,2,37114,train
2-1015,2,37114,train
2-1016,2,37114,train
2-1017,2,37114,train
2-1018,2,37114,train
2-1019,2,37114,train
2-1020,2,37114,train
2-1021,2,37114,train
2-1022,2,37114,train
2-1023,2,37114,train
2-1024,2,37114,train
2-1025,2,37114,train
2-1026,2,37114,train
2-1027,2,37114,train
2-1028,2,37114,train
2-1029,2,37114,train
2-1030,2,37114,train
2-1031,2,37114,train
2-1032,2,37114,train
2-1033,2,37114,train
2-1034,2,37114,train
2-1035,2,37114,train
2-1036,2,37114,train
2-1037,2,37114,train
2-1038,2,37114,train
2-1039,2,37114,train
2-1040,2,37114,train
2-1041,2,37114,train
2-1042,2,37114,train
2-1043,2,37114,train
2-1044,2,37114,train
2-1045,2,37114,train
2-1046,2,37114,train
2-1047,2,37114,train
2-1048,2,37114,train
2-1049,2,37114,train
2-1050,2,37114,train
2-1051,2,37114,train
2-1052,2,37114,train
2-1053,2,37114,train
2-1054,2,37114,train
2-1055,2,37114,train
2-1056,2,37114,train
2-1057,2,37114,train
2-1058,2,37114,train
2-1059,2,37114,train
2-1060,2,37114,train
2-1061,2,37114,train
2-1062,2,37114,train
2-1063,2,37114,train
2-1064,2,37114,train
2-1065,2,37114,train
2-1066,2,37114,train
2-1067,2,37114,train
2-1068,2,37114,train
2-1069,2,37114,train
2-1070,2,37114,train
2-1071,2,37114,train
2-1072,2,37114,train
2-1073,2,37114,train
2-1074,2,37114,train
2-1075,2,37114,train
2-1076,2,37114,train
2-1077,2,37114,train
2-1078,2,37114,train
2-1079,2,37114,train
2-1080,2,37114,train
2-1081,2,37114,train
2-1082,2,37114,train
2-1083,2,37114,train
2-1084,2,37114,train
2-1085,2,37114,train
2-1086,2,37114,train
2-1087,2,37114,train
2-1088,2,37114,train
2-1089,2,37114,train
2-1090,2,37114,train
2-1091,2,37114,train
2-1092,2,37114,train
2-1093,2,37114,train
2-1094,2,37114,train
2-1095,2,37114,train
2-1096,2,37114,train
2-1097,2,37114,train
2-1098,2,37114,train
2-1099,2,37114,train
2-1100,2,37114,train
2-1101,2,37114,train
2-1102,2,37114,train
2-1103,2,37114,train
2-1104,2,37114,train
2-1105,2,37114,train
2-1106,2,37114,train
2-1107,2,37114,train
2-1108,2,37114,train
2-1109,2,37114,train
2-1110,2,37114,train
2-1111,2,37114,train
2-1112,2,37114,train
2-1113,2,37114,train
2-1114,2,37114,train
2-1115,2,37114,train
2-1116,2,37114,train
2-1117,2,37114,train
2-1118,2,37114,train
2-1119,2,37114,train
2-1120,2,37114,train
2-1121,2,37114,train
2-1122,2,37114,train
2-1123,2,37114,train
2-1124,2,37114,train
2-1125,2,37114,train
2-1126,2,37114,train
2-1127,2,37114,train
2-1128,2,37114,train
2-1129,2,37114,train
2-1130,2,37114,train
2-1131,2,37114,train
2-1132,2,37114,train
2-1133,2,37114,train
2-1134,2,37114,train
2-1135,2,37114,train
2-1136,2,37114,train
2-1137,2,37114,train
2-1138,2,37114,train
2-1139,2,37114,train
2-1140,2,37114,train
2-1141,2,37114,train
2-1142,2,37114,train
2-1143,2,37114,train
2-1144,2,37114,train
2-1145,2,37114,train
2-1146,2,37114,train
2-1147,2,37114,train
2-1148,2,37114,train
2-1149,2,37114,train
2-1150,2,37114,train
2-1151,2,37114,train
2-1152,2,37114,train
2-1153,2,37114,train
2-1154,2,37114,train
2-1155,2,37114,train
2-1156,2,37114,train
2-1157,2,37114,train
2-1158,2,37114,train
2-1159,2,37114,train
2-1160,2,37114,train
2-1161,2,37114,train
2-1162,2,37114,train
2-1163,2,37114,train
2-1164,2,37114,train
2-1165,2,37114,train
2-1166,2,37114,train
2-1167,2,37114,train
2-1168,2,37114,train
2-1169,2,37114,train
2-1170,2,37114,train
2-1171,2,37114,train
2-1172,2,37114,train
2-1173,2,37114,train
2-1174,2,37114,train
2-1175,2,37114,train
2-1176,2,37114,train
2-1177,2,37114,train
2-1178,2,37114,train
2-1179,2,37114,train
2-1180,2,37114,train
2-1181,2,37114,train
2-1182,2,37114,train
2-1183,2,37114,train
2-1184,2,37114,train
2-1185,2,37114,train
2-1186,2,37114,train
2-1187,2,37114,train
2-1188,2,37114,train
2-1189,2,37114,train
2-1190,2,37114,train
2-1191,2,37114,train
2-1192,2,37114,train
2-1193,2,37114,train
2-1194,2,37114,train
2-1195,2,37114,train
2-1196,2,37114,train
2-1197,2,37114,train
2-1198,2,37114,train
2-1199,2,37114,train
2-1200,2,37114,train
2-1201,2,37114,train
2-1202,2,37114,train
2-1203,2,37114,train
2-1204,2,37114,train
2-1205,2,37114,train
2-1206,2,37114,train
2-1207,2,37114,train
2-1208,2,37114,train
2-1209,2,37114,train
2-1210,2,37114,train
2-1211,2,37114,train
2-1212,2,37114,train
2-1213,2,37114,train
2-1214,2,37114,train
2-1215,2,37114,train
2-1216,2,37114,train
2-1217,2,37114,train
2-1218,2,37114,train
2-1219,2,37114,train
2-1220,2,37114,train
2-1221,2,37114,train
2-1222,2,37114,train
2-1223,2,37114,train
2-1224,2,37114,train
2-1225,2,37114,train
2-1226,2,37114,train
2-1227,2,37114,train
2-1228,2,37114,train
2-1229,2,37114,train
2-1230,2,37114,train
2-1231,2,37114,train
2-1232,2,37114,train
2-1233,2,37114,train
2-1234,2,37114,train
2-1235,2,37114,train
2-1236,2,37114,train
2-1237,2,37114,train
2-1238,2,37114,train
2-1239,2,37114,train
2-1240,2,37114,train
2-1241,2,37114,train
2-1242,2,37114,train
2-1243,2,37114,train
2-1244,2,37114,train
2-1245,2,37114,train
2-1246,2,37114,train
2-1247,2,37114,train
2-1248,2,37114,train
2-1249,2,37114,train
2-1250,2,37114,train
2-1251,2,37114,train
2-1252,2,37114,train
2-1253,2,37114,train
2-1254,2,37114,train
2-1255,2,37114,train
2-1256,2,37114,train
2-1257,2,37114,train
2-1258,2,37114,train
2-1259,2,37114,train
2-1260,2,37114,train
2-1261,2,37114,train
2-1262,2,37114,train
2-1263,2,37114,train
2-1264,2,37114,train
2-1265,2,37114,train
2-1266,2,37114,train
2-1267,2,37114,train
2-1268,2,37114,train
2-1269,2,37114,train
2-1270,2,37114,train
2-1271,2,37114,train
2-1272,2,37114,train
2-1273,2,37114,train
2-1274,2,37114,train
2-1275,2,37114,train
2-1276,2,37114,train
2-1277,2,37114,train
2-1278,2,37114,train
2-1279,2,37114,train
2-1280,2,37114,train
2-1281,2,37114,train
2-1282,2,37114,train
2-1283,2,37114,train
2-1284,2,37114,train
2-1285,2,37114,train
2-1286,2,37114,train
2-1287,2,37114,train
2-1288,2,37114,train
2-1289,2,37114,train
2-1290,2,37114,train
2-1291,2,37114,train
2-1292,2,37114,train
2-1293,2,37114,train
2-1294,2,37114,train
2-1295,2,37114,train
2-1296,2,37114,train
2-1297,2,37114,train
2-1298,2,37114,train
2-1299,2,37114,train
2-1300,2,37114,train
2-1301,2,37114,train
2-1302,2,37114,train
2-1303,2,37114,train
2-1304,2,37114,train
2-1305,2,37114,train
2-1306,2,37114,train
2-1307,2,37114,train
2-1308,2,37114,train
2-1309,2,37114,train
2-1310,2,37114,train
2-1311,2,37114,train
2-1312,2,37114,train
2-1313,2,37114,train
2-1314,2,37114,train
2-1315,2,37114,train
2-1316,2,37114,train
2-1317,2,37114,train
2-1318,2,37114,train
2-1319,2,37114,train
2-1320,2,37114,train
2-1321,2,37114,train
2-1322,2,37114,train
2-1323,2,37114,train
2-1324,2,37114,train
2-1325,2,37114,train
2-1326,2,37114,train
2-1327,2,37114,train
2-1328,2,37114,train
2-1329,2,37114,train
2-1330,2,37114,train
2-1331,2,37114,train
2-1332,2,37114,train
2-1333,2,37114,train
2-1334,2,37114,train
2-1335,2,37114,train
2-1336,2,37114,train
2-1337,2,37114,train
2-1338,2,37114,train
2-1339,2,37114,train
2-1340,2,37114,train
2-1341,2,37114,train
2-1342,2,37114,train
2-1343,2,37114,train
2-1344,2,37114,train
2-1345,2,37114,train
2-1346,2,37114,train
2-1347,2,37114,train
2-1348,2,37114,train
2-1349,2,37114,train
2-1350,2,37114,train
2-1351,2,37114,train
2-1352,2,37114,train
2-1353,2,37114,train
2-1354,2,37114,train
2-1355,2,37114,train
2-1356,2,37114,train
2-1357,2,37114,train
2-1358,2,37114,train
2-1359,2,37114,train
2-1360,2,37114,train
2-1361,2,37114,train
2-1362,2,37114,train
2-1363,2,37114,train
2-1364,2,37114,train
2-1365,2,37114,train
2-1366,2,37114,train
2-1367,2,37114,train
2-1368,2,37114,train
2-1369,2,37114,train
2-1370,2,37114,train
2-1371,2,37114,train
2-1372,2,37114,train
2-1373,2,37114,train
2-1374,2,37114,train
2-1375,2,37114,train
2-1376,2,37114,train
2-1377,2,37114,train
2-1378,2,37114,train
2-1379,2,37114,train
2-1380,2,37114,train
2-1381,2,37114,train
2-1382,2,37114,train
2-1383,2,37114,train
2-1384,2,37114,train
2-1385,2,37114,train
2-1386,2,37114,train
2-1387,2,37114,train
2-1388,2,37114,train
2-1389,2,37114,train
2-1390,2,37114,train
2-1391,2,37114,train
2-1392,2,37114,train
2-1393,2,37114,train
2-1394,2,37114,train
2-1395,2,37114,train
2-1396,2,37114,train
2-1397,2,37114,train
2-1398,2,37114,train
2-1399,2,37114,train
2-1400,2,37114,train
2-1401,2,37114,train
2-1402,2,37114,train
2-1403,2,37114,train
2-1404,2,37114,train
2-1405,2,37114,train
2-1406,2,37114,train
2-1407,2,37114,train
2-1408,2,37114,train
2-1409,2,37114,train
2-1410,2,37114,train
2-1411,2,37114,train
2-1412,2,37114,train
2-1413,2,37114,train
2-1414,2,37114,train
2-1415,2,37114,train
2-1416,2,37114,train
2-1417,2,37114,train
2-1418,2,37114,train
2-1419,2,37114,train
2-1420,2,37114,train
2-1421,2,37114,train
2-1422,2,37114,train
2-1423,2,37114,train
2-1424,2,37114,train
2-1425,2,37114,train
2-1426,2,37114,train
2-1427,2,37114,train
2-1428,2,37114,train
2-1429,2,37114,train
2-1430,2,37114,train
2-1431,2,37114,train
2-1432,2,37114,train
2-1433,2,37114,train
2-1434,2,37114,train
2-1435,2,37114,train
2-1436,2,37114,train
2-1437,2,37114,train
2-1438,2,37114,train
2-1439,2,37114,train
2-1440,2,37114,train
2-1441,2,37114,train
2-1442,2,37114,train
2-1443,2,37114,train
2-1444,2,37114,train
2-1445,2,37114,train
2-1446,2,37114,train
2-1447,2,37114,train
2-1448,2,37114,train
2-1449,2,37114,train
2-1450,2,37114,train
2-1451,2,37114,train
2-1452,2,37114,train
2-1453,2,37114,train
2-1454,2,37114,train
2-1455,2,37114,train
2-1456,2,37114,train
2-1457,2,37114,train
2-1458,2,37114,train
2-1459,2,37114,train
2-1460,2,37114,train
2-1461,2,37114,train
2-1462,2,37114,train
2-1463,2,37114,train
2-1464,2,37114,train
2-1465,2,37114,train
2-1466,2,37114,train
2-1467,2,37114,train
2-1468,2,37114,train
2-1469,2,37114,train
2-1470,2,37114,train
2-1471,2,37114,train
2-1472,2,37114,train
2-1473,2,37114,train
2-1474,2,37114,train
2-1475,2,37114,train
2-1476,2,37114,train
2-1477,2,37114,train
2-1478,2,37114,train
2-1479,2,37114,train
2-1480,2,37114,train
2-1481,2,37114,train
2-1482,2,37114,train
2-1483,2,37114,train
2-1484,2,37114,train
2-1485,2,37114,train
2-1486,2,37114,train
2-1487,2,37114,train
2-1488,2,37114,train
2-1489,2,37114,train
2-1490,2,37114,train
2-1491,2,37114,train
2-1492,2,37114,train
2-1493,2,37114,train
2-1494,2,37114,train
2-1495,2,37114,train
2-1496,2,37114,train
2-1497,2,37114,train
2-1498,2,37114,train
2-1499,2,37114,train
2-1500,2,37114,train
2-1501,2,37114,train
2-1502,2,37114,train
2-1503,2,37114,train
2-1504,2,37114,train
2-1505,2,37114,train
2-1506,2,37114,train
2-1507,2,37114,train
2-1508,2,37114,train
2-1509,2,37114,train
2-1510,2,37114,train
2-1511,2,37114,train
2-1512,2,37114,train
2-1513,2,37114,train
2-1514,2,37114,train
2-1515,2,37114,train
2-1516,2,37114,train
2-1517,2,37114,train
2-1518,2,37114,train
2-1519,2,37114,train
2-1520,2,37114,train
2-1521,2,37114,train
2-1522,2,37114,train
2-1523,2,37114,train
2-1524,2,37114,train
2-1525,2,37114,train
2-1526,2,37114,train
2-1527,2,37114,train
2-1528,2,37114,train
2-1529,2,37114,train
2-1530,2,37114,train
2-1531,2,37114,train
2-1532,2,37114,train
2-1533,2,37114,train
2-1534,2,37114,train
2-1535,2,37114,train
2-1536,2,37114,train
2-1537,2,37114,train
2-1538,2,37114,train
2-1539,2,37114,train
2-1540,2,37114,train
2-1541,2,37114,train
2-1542,2,37114,train
2-1543,2,37114,train
2-1544,2,37114,train
2-1545,2,37114,train
2-1546,2,37114,train
2-1547,2,37114,train
2-1548,2,37114,train
2-1549,2,37114,train
2-1550,2,37114,train
2-1551,2,37114,train
2-1552,2,37114,train
2-1553,2,37114,train
2-1554,2,37114,train
2-1555,2,37114,train
2-1556,2,37114,train
2-1557,2,37114,train
2-1558,2,37114,train
2-1559,2,37114,train
2-1560,2,37114,train
2-1561,2,37114,train
2-1562,2,37114,train
2-1563,2,37114,train
2-1564,2,37114,train
2-1565,2,37114,train
2-1566,2,37114,train
2-1567,2,37114,train
2-1568,2,37114,train
2-1569,2,37114,train
2-1570,2,37114,train
2-1571,2,37114,train
2-1572,2,37114,train
2-1573,2,37114,train
2-1574,2,37114,train
2-1575,2,37114,train
2-1576,2,37114,train
2-1577,2,37114,train
2-1578,2,37114,train
2-1579,2,37114,train
2-1580,2,37114,train
2-1581,2,37114,train
2-1582,2,37114,train
2-1583,2,37114,train
2-1584,2,37114,train
2-1585,2,37114,train
2-1586,2,37114,train
2-1587,2,37114,train
2-1588,2,37114,train
2-1589,2,37114,train
2-1590,2,37114,train
2-1591,2,37114,train
2-1592,2,37114,train
2-1593,2,37114,train
2-1594,2,37114,train
2-1595,2,37114,train
2-1596,2,37114,train
2-1597,2,37114,train
2-1598,2,37114,train
2-1599,2,37114,train
2-1600,2,37114,train
2-1601,2,37114,train
2-1602,2,37114,train
2-1603,2,37114,train
2-1604,2,37114,train
2-1605,2,37114,train
2-1606,2,37114,train
2-1607,2,37114,train
2-1608,2,37114,train
2-1609,2,37114,train
2-1610,2,37114,train
2-1611,2,37114,train
2-1612,2,37114,train
2-1613,2,37114,train
2-1614,2,37114,train
2-1615,2,37114,train
2-1616,2,37114,train
2-1617,2,37114,train
2-1618,2,37114,train
2-1619,2,37114,train
2-1620,2,37114,train
2-1621,2,37114,train
2-1622,2,37114,train
2-1623,2,37114,train
2-1624,2,37114,train
2-1625,2,37114,train
2-1626,2,37114,train
2-1627,2,37114,train
2-1628,2,37114,train
2-1629,2,37114,train
2-1630,2,37114,train
2-1631,2,37114,train
2-1632,2,37114,train
2-1633,2,37114,train
2-1634,2,37114,train
2-1635,2,37114,train
2-1636,2,37114,train
2-1637,2,37114,train
2-1638,2,37114,train
2-1639,2,37114,train
2-1640,2,37114,train
2-1641,2,37114,train
2-1642,2,37114,train
2-1643,2,37114,train
2-1644,2,37114,train
2-1645,2,37114,train
2-1646,2,37114,train
2-1647,2,37114,train
2-1648,2,37114,train
2-1649,2,37114,train
2-1650,2,37114,train
2-1651,2,37114,train
2-1652,2,37114,train
2-1653,2,37114,train
2-1654,2,37114,train
2-1655,2,37114,train
2-1656,2,37114,train
2-1657,2,37114,train
2-1658,2,37114,train
2-1659,2,37114,train
2-1660,2,37114,train
2-1661,2,37114,train
2-1662,2,37114,train
2-1663,2,37114,train
2-1664,2,37114,train
2-1665,2,37114,train
2-1666,2,37114,train
2-1667,2,37114,train
2-1668,2,37114,train
2-1669,2,37114,train
2-1670,2,37114,train
2-1671,2,37114,train
2-1672,2,37114,train
2-1673,2,37114,train
2-1674,2,37114,train
2-1675,2,37114,train
2-1676,2,37114,train
2-1677,2,37114,train
2-1678,2,37114,train
2-1679,2,37114,train
2-1680,2,37114,train
2-1681,2,37114,train
2-1682,2,37114,train
2-1683,2,37114,train
2-1684,2,37114,train
2-1685,2,37114,train
2-1686,2,37114,train
2-1687,2,37114,train
2-1688,2,37114,train
2-1689,2,37114,train
2-1690,2,37114,train
2-1691,2,37114,train
2-1692,2,37114,train
2-1693,2,37114,train
2-1694,2,37114,train
2-1695,2,37114,train
2-1696,2,37114,train
2-1697,2,37114,train
2-1698,2,37114,train
2-1699,2,37114,train
2-1700,2,37114,train
2-1701,2,37114,train
2-1702,2,37114,train
2-1703,2,37114,train
2-1704,2,37114,train
2-1705,2,37114,train
2-1706,2,37114,train
2-1707,2,37114,train
2-1708,2,37114,train
2-1709,2,37114,train
2-1710,2,37114,train
2-1711,2,37114,train
2-1712,2,37114,train
2-1713,2,37114,train
2-1714,2,37114,train
2-1715,2,37114,train
2-1716,2,37114,train
2-1717,2,37114,train
2-1718,2,37114,train
2-1719,2,37114,train
2-1720,2,37114,train
2-1721,2,37114,train
2-1722,2,37114,train
2-1723,2,37114,train
2-1724,2,37114,train
2-1725,2,37114,train
2-1726,2,37114,train
2-1727,2,37114,train
2-1728,2,37114,train
2-1729,2,37114,train
2-1730,2,37114,train
2-1731,2,37114,train
2-1732,2,37114,train
2-1733,2,37114,train
2-1734,2,37114,train
2-1735,2,37114,train
2-1736,2,37114,train
2-1737,2,37114,train
2-1738,2,37114,train
2-1739,2,37114,train
2-1740,2,37114,train
2-1741,2,37114,train
2-1742,2,37114,train
2-1743,2,37114,train
2-1744,2,37114,train
2-1745,2,37114,train
2-1746,2,37114,train
2-1747,2,37114,train
2-1748,2,37114,train
2-1749,2,37114,train
2-1750,2,37114,train
2-1751,2,37114,train
2-1752,2,37114,train
2-1753,2,37114,train
2-1754,2,37114,train
2-1755,2,37114,train
2-1756,2,37114,train
2-1757,2,37114,train
2-1758,2,37114,train
2-1759,2,37114,train
2-1760,2,37114,train
2-1761,2,37114,train
2-1762,2,37114,train
2-1763,2,37114,train
2-1764,2,37114,train
2-1765,2,37114,train
2-1766,2,37114,train
2-1767,2,37114,train
2-1768,2,37114,train
2-1769,2,37114,train
2-1770,2,37114,train
2-1771,2,37114,train
2-1772,2,37114,train
2-1773,2,37114,train
2-1774,2,37114,train
2-1775,2,37114,train
2-1776,2,37114,train
2-1777,2,37114,train
2-1778,2,37114,train
2-1779,2,37114,train
2-1780,2,37114,train
2-1781,2,37114,train
2-1782,2,37114,train
2-1783,2,37114,train
2-1784,2,37114,train
2-1785,2,37114,train
2-1786,2,37114,train
2-1787,2,37114,train
2-1788,2,37114,train
2-1789,2,37114,train
2-1790,2,37114,train
2-1791,2,37114,train
2-1792,2,37114,train
2-1793,2,37114,train
2-1794,2,37114,train
2-1795,2,37114,train
2-1796,2,37114,train
2-1797,2,37114,train
2-1798,2,37114,train
2-1799,2,37114,train
2-1800,2,37114,train
2-1801,2,37114,train
2-1802,2,37114,train
2-1803,2,37114,train
2-1804,2,37114,train
2-1805,2,37114,train
2-1806,2,37114,train
2-1807,2,37114,train
2-1808,2,37114,train
2-1809,2,37114,train
2-1810,2,37114,train
2-1811,2,37114,train
2-1812,2,37114,train
2-1813,2,37114,train
2-1814,2,37114,train
2-1815,2,37114,train
2-1816,2,37114,train
2-1817,2,37114,train
2-1818,2,37114,train
2-1819,2,37114,train
2-1820,2,37114,train
2-1821,2,37114,train
2-1822,2,37114,train
2-1823,2,37114,train
2-1824,2,37114,train
2-1825,2,37114,train
2-1826,2,37114,train
2-1827,2,37114,train
2-1828,2,37114,train
2-1829,2,37114,train
2-1830,2,37114,train
2-1831,2,37114,train
2-1832,2,37114,train
2-1833,2,37114,train
2-1834,2,37114,train
2-1835,2,37114,train
2-1836,2,37114,train
2-1837,2,37114,train
2-1838,2,37114,train
2-1839,2,37114,train
2-1840,2,37114,train
2-1841,2,37114,train
2-1842,2,37114,train
2-1843,2,37114,train
2-1844,2,37114,train
2-1845,2,37114,train
2-1846,2,37114,train
2-1847,2,37114,train
2-1848,2,37114,train
2-1849,2,37114,train
2-1850,2,37114,train
2-1851,2,37114,train
2-1852,2,37114,train
2-1853,2,37114,train
2-1854,2,37114,train
2-1855,2,37114,train
2-1856,2,37114,train
2-1857,2,37114,train
2-1858,2,37114,train
2-1859,2,37114,train
2-1860,2,37114,train
2-1861,2,37114,train
2-1862,2,37114,train
2-1863,2,37114,train
2-1864,2,37114,train
2-1865,2,37114,train
2-1866,2,37114,train
2-1867,2,37114,train
2-1868,2,37114,train
2-1869,2,37114,train
2-1870,2,37114,train
2-1871,2,37114,train
2-1872,2,37114,train
2-1873,2,37114,train
2-1874,2,37114,train
2-1875,2,37114,train
2-1876,2,37114,train
2-1877,2,37114,train
2-1878,2,37114,train
2-1879,2,37114,train
2-1880,2,37114,train
2-1881,2,37114,train
2-1882,2,37114,train
2-1883,2,37114,train
2-1884,2,37114,train
2-1885,2,37114,train
2-1886,2,37114,train
2-1887,2,37114,train
2-1888,2,37114,train
2-1889,2,37114,train
2-1890,2,37114,train
2-1891,2,37114,train
2-1892,2,37114,train
2-1893,2,37114,train
2-1894,2,37114,train
2-1895,2,37114,train
2-1896,2,37114,train
2-1897,2,37114,train
2-1898,2,37114,train
2-1899,2,37114,train
2-1900,2,37114,train
2-1901,2,37114,train
2-1902,2,37114,train
2-1903,2,37114,train
2-1904,2,37114,train
2-1905,2,37114,train
2-1906,2,37114,train
2-1907,2,37114,train
2-1908,2,37114,train
2-1909,2,37114,train
2-1910,2,37114,train
2-1911,2,37114,train
2-1912,2,37114,train
2-1913,2,37114,train
2-1914,2,37114,train
2-1915,2,37114,train
2-1916,2,37114,train
2-1917,2,37114,train
2-1918,2,37114,train
2-1919,2,37114,train
2-1920,2,37114,train
2-1921,2,37114,train
2-1922,2,37114,train
2-1923,2,37114,train
2-1924,2,37114,train
2-1925,2,37114,train
2-1926,2,37114,train
2-1927,2,37114,train
2-1928,2,37114,train
2-1929,2,37114,train
2-1930,2,37114,train
2-1931,2,37114,train
2-1932,2,37114,train
2-1933,2,37114,train
2-1934,2,37114,train
2-1935,2,37114,train
2-1936,2,37114,train
2-1937,2,37114,train
2-1938,2,37114,train
2-1939,2,37114,train
2-1940,2,37114,train
2-1941,2,37114,train
2-1942,2,37114,train
2-1943,2,37114,train
2-1944,2,37114,train
2-1945,2,37114,train
2-1946,2,37114,train
2-1947,2,37114,train
2-1948,2,37114,train
2-1949,2,37114,train
2-1950,2,37114,train
2-1951,2,37114,train
2-1952,2,37114,train
2-1953,2,37114,train
2-1954,2,37114,train
2-1955,2,37114,train
2-1956,2,37114,train
2-1957,2,37114,train
2-1958,2,37114,train
2-1959,2,37114,train
2-1960,2,37114,train
2-1961,2,37114,train
2-1962,2,37114,train
2-1963,2,37114,train
2-1964,2,37114,train
2-1965,2,37114,train
2-1966,2,37114,train
2-1967,2,37114,train
2-1968,2,37114,train
2-1969,2,37114,train
2-1970,2,37114,train
2-1971,2,37114,train
2-1972,2,37114,train
2-1973,2,37114,train
2-1974,2,37114,train
2-1975,2,37114,train
2-1976,2,37114,train
2-1977,2,37114,train
2-1978,2,37114,train
2-1979,2,37114,train
2-1980,2,37114,train
2-1981,2,37114,train
2-1982,2,37114,train
2-1983,2,37114,train
2-1984,2,37114,train
2-1985,2,37114,train
2-1986,2,37114,train
2-1987,2,37114,train
2-1988,2,37114,train
2-1989,2,37114,train
2-1990,2,37114,train
2-1991,2,37114,train
2-1992,2,37114,train
2-1993,2,37114,train
2-1994,2,37114,train
2-1995,2,37114,train
2-1996,2,37114,train
2-1997,2,37114,train
2-1998,2,37114,train
2-1999,2,37114,train
2-2000,2,37114,train
2-2001,2,37114,train
2-2002,2,37114,train
2-2003,2,37114,train
2-2004,2,37114,train
2-2005,2,37114,train
2-2006,2,37114,train
2-2007,2,37114,train
2-2008,2,37114,train
2-2009,2,37114,train
2-2010,2,37114,train
2-2011,2,37114,train
2-2012,2,37114,train
2-2013,2,37114,train
2-2014,2,37114,train
2-2015,2,37114,train
2-2016,2,37114,train
2-2017,2,37114,train
2-2018,2,37114,train
2-2019,2,37114,train
2-2020,2,37114,train
2-2021,2,37114,train
2-2022,2,37114,train
2-2023,2,37114,train
2-2024,2,37114,train
2-2025,2,37114,train
2-2026,2,37114,train
2-2027,2,37114,train
2-2028,2,37114,train
2-2029,2,37114,train
2-2030,2,37114,train
2-2031,2,37114,train
2-2032,2,37114,train
2-2033,2,37114,train
2-2034,2,37114,train
2-2035,2,37114,train
2-2036,2,37114,train
2-2037,2,37114,train
2-2038,2,37114,train
2-2039,2,37114,train
2-2040,2,37114,train
2-2041,2,37114,train
2-2042,2,37114,train
2-2043,2,37114,train
2-2044,2,37114,train
2-2045,2,37114,train
2-2046,2,37114,train
2-2047,2,37114,train
2-2048,2,37114,train
2-2049,2,37114,train
2-2050,2,37114,train
2-2051,2,37114,train
2-2052,2,37114,train
2-2053,2,37114,train
2-2054,2,37114,train
2-2055,2,37114,train
2-2056,2,37114,train
2-2057,2,37114,train
2-2058,2,37114,train
2-2059,2,37114,train
2-2060,2,37114,train
2-2061,2,37114,train
2-2062,2,37114,train
2-2063,2,37114,train
2-2064,2,37114,train
2-2065,2,37114,train
2-2066,2,37114,train
2-2067,2,37114,train
2-2068,2,37114,train
2-2069,2,37114,train
2-2070,2,37114,train
2-2071,2,37114,train
2-2072,2,37114,train
2-2073,2,37114,train
2-2074,2,37114,train
2-2075,2,37114,train
2-2076,2,37114,train
2-2077,2,37114,train
2-2078,2,37114,train
2-2079,2,37114,train
2-2080,2,37114,train
2-2081,2,37114,train
2-2082,2,37114,train
2-2083,2,37114,train
2-2084,2,37114,train
2-2085,2,37114,train
2-2086,2,37114,train
2-2087,2,37114,train
2-2088,2,37114,train
2-2089,2,37114,train
2-2090,2,37114,train
2-2091,2,37114,train
2-2092,2,37114,train
2-2093,2,37114,train
2-2094,2,37114,train
2-2095,2,37114,train
2-2096,2,37114,train
2-2097,2,37114,train
2-2098,2,37114,train
2-2099,2,37114,train
2-2100,2,37114,train
2-2101,2,37114,train
2-2102,2,37114,train
2-2103,2,37114,train
2-2104,2,37114,train
2-2105,2,37114,train
2-2106,2,37114,train
2-2107,2,37114,train
2-2108,2,37114,train
2-2109,2,37114,train
2-2110,2,37114,train
2-2111,2,37114,train
2-2112,2,37114,train
2-2113,2,37114,train
2-2114,2,37114,train
2-2115,2,37114,train
2-2116,2,37114,train
2-2117,2,37114,train
2-2118,2,37114,train
2-2119,2,37114,train
2-2120,2,37114,train
2-2121,2,37114,train
2-2122,2,37114,train
2-2123,2,37114,train
2-2124,2,37114,train
2-2125,2,37114,train
2-2126,2,37114,train
2-2127,2,37114,train
2-2128,2,37114,train
2-2129,2,37114,train
2-2130,2,37114,train
2-2131,2,37114,train
2-2132,2,37114,train
2-2133,2,37114,train
2-2134,2,37114,train
2-2135,2,37114,train
2-2136,2,37114,train
2-2137,2,37114,train
2-2138,2,37114,train
2-2139,2,37114,train
2-2140,2,37114,train
2-2141,2,37114,train
2-2142,2,37114,train
2-2143,2,37114,train
2-2144,2,37114,train
2-2145,2,37114,train
2-2146,2,37114,train
2-2147,2,37114,train
2-2148,2,37114,train
2-2149,2,37114,train
2-2150,2,37114,train
2-2151,2,37114,train
2-2152,2,37114,train
2-2153,2,37114,train
2-2154,2,37114,train
2-2155,2,37114,train
2-2156,2,37114,train
2-2157,2,37114,train
2-2158,2,37114,train
2-2159,2,37114,train
2-2160,2,37114,train
2-2161,2,37114,train
2-2162,2,37114,train
2-2163,2,37114,train
2-2164,2,37114,train
2-2165,2,37114,train
2-2166,2,37114,train
2-2167,2,37114,train
2-2168,2,37114,train
2-2169,2,37114,train
2-2170,2,37114,train
2-2171,2,37114,train
2-2172,2,37114,train
2-2173,2,37114,train
2-2174,2,37114,train
2-2175,2,37114,train
2-2176,2,37114,train
2-2177,2,37114,train
2-2178,2,37114,train
2-2179,2,37114,train
2-2180,2,37114,train
2-2181,2,37114,train
2-2182,2,37114,train
2-2183,2,37114,train
2-2184,2,37114,train
2-2185,2,37114,train
2-2186,2,37114,train
2-2187,2,37114,train
2-2188,2,37114,train
2-2189,2,37114,train
2-2190,2,37114,train
2-2191,2,37114,train
2-2192,2,37114,train
2-2193,2,37114,train
2-2194,2,37114,train
2-2195,2,37114,train
2-2196,2,37114,train
2-2197,2,37114,train
2-2198,2,37114,train
2-2199,2,37114,train
2-2200,2,37114,train
2-2201,2,37114,train
2-2202,2,37114,train
2-2203,2,37114,train
2-2204,2,37114,train
2-2205,2,37114,train
2-2206,2,37114,train
2-2207,2,37114,train
2-2208,2,37114,train
2-2209,2,37114,train
2-2210,2,37114,train
2-2211,2,37114,train
2-2212,2,37114,train
2-2213,2,37114,train
2-2214,2,37114,train
2-2215,2,37114,train
2-2216,2,37114,train
2-2217,2,37114,train
2-2218,2,37114,train
2-2219,2,37114,train
2-2220,2,37114,train
2-2221,2,37114,train
2-2222,2,37114,train
2-2223,2,37114,train
2-2224,2,37114,train
2-2225,2,37114,train
2-2226,2,37114,train
2-2227,2,37114,train
2-2228,2,37114,train
2-2229,2,37114,train
2-2230,2,37114,train
2-2231,2,37114,train
2-2232,2,37114,train
2-2233,2,37114,train
2-2234,2,37114,train
2-2235,2,37114,train
2-2236,2,37114,train
2-2237,2,37114,train
2-2238,2,37114,train
2-2239,2,37114,train
2-2240,2,37114,train
2-2241,2,37114,train
2-2242,2,37114,train
2-2243,2,37114,train
2-2244,2,37114,train
2-2245,2,37114,train
2-2246,2,37114,train
2-2247,2,37114,train
2-2248,2,37114,train
2-2249,2,37114,train
2-2250,2,37114,train
2-2251,2,37114,train
2-2252,2,37114,train
2-2253,2,37114,train
2-2254,2,37114,train
2-2255,2,37114,train
2-2256,2,37114,train
2-2257,2,37114,train
2-2258,2,37114,train
2-2259,2,37114,train
2-2260,2,37114,train
2-2261,2,37114,train
2-2262,2,37114,train
2-2263,2,37114,train
2-2264,2,37114,train
2-2265,2,37114,train
2-2266,2,37114,train
2-2267,2,37114,train
2-2268,2,37114,train
2-2269,2,37114,train
2-2270,2,37114,train
2-2271,2,37114,train
2-2272,2,37114,train
2-2273,2,37114,train
2-2274,2,37114,train
2-2275,2,37114,train
2-2276,2,37114,train
2-2277,2,37114,train
2-2278,2,37114,train
2-2279,2,37114,train
2-2280,2,37114,train
2-2281,2,37114,train
2-2282,2,37114,train
2-2283,2,37114,train
2-2284,2,37114,train
2-2285,2,37114,train
2-2286,2,37114,train
2-2287,2,37114,train
2-2288,2,37114,train
2-2289,2,37114,train
2-2290,2,37114,train
2-2291,2,37114,train
2-2292,2,37114,train
2-2293,2,37114,train
2-2294,2,37114,train
2-2295,2,37114,train
2-2296,2,37114,train
2-2297,2,37114,train
2-2298,2,37114,train
2-2299,2,37114,train
2-2300,2,37114,train
2-2301,2,37114,train
2-2302,2,37114,train
2-2303,2,37114,train
2-2304,2,37114,train
2-2305,2,37114,train
2-2306,2,37114,train
2-2307,2,37114,train
2-2308,2,37114,train
2-2309,2,37114,train
2-2310,2,37114,train
2-2311,2,37114,train
2-2312,2,37114,train
2-2313,2,37114,train
2-2314,2,37114,train
2-2315,2,37114,train
2-2316,2,37114,train
2-2317,2,37114,train
2-2318,2,37114,train
2-2319,2,37114,train
2-2320,2,37114,train
2-2321,2,37114,train
2-2322,2,37114,train
2-2323,2,37114,train
2-2324,2,37114,train
2-2325,2,37114,train
2-2326,2,37114,train
2-2327,2,37114,train
2-2328,2,37114,train
2-2329,2,37114,train
2-2330,2,37114,train
2-2331,2,37114,train
2-2332,2,37114,train
2-2333,2,37114,train
2-2334,2,37114,train
2-2335,2,37114,train
2-2336,2,37114,train
2-2337,2,37114,train
2-2338,2,37114,train
2-2339,2,37114,train
2-2340,2,37114,train
2-2341,2,37114,train
2-2342,2,37114,train
2-2343,2,37114,train
2-2344,2,37114,train
2-2345,2,37114,train
2-2346,2,37114,train
2-2347,2,37114,train
2-2348,2,37114,train
2-2349,2,37114,train
2-2350,2,37114,train
2-2351,2,37114,train
2-2352,2,37114,train
2-2353,2,37114,train
2-2354,2,37114,train
2-2355,2,37114,train
2-2356,2,37114,train
2-2357,2,37114,train
2-2358,2,37114,train
2-2359,2,37114,train
2-2360,2,37114,train
2-2361,2,37114,train
2-2362,2,37114,train
2-2363,2,37114,train
2-2364,2,37114,train
2-2365,2,37114,train
2-2366,2,37114,train
2-2367,2,37114,train
2-2368,2,37114,train
2-2369,2,37114,train
2-2370,2,37114,train
2-2371,2,37114,train
2-2372,2,37114,train
2-2373,2,37114,train
2-2374,2,37114,train
2-2375,2,37114,train
2-2376,2,37114,train
2-2377,2,37114,train
2-2378,2,37114,train
2-2379,2,37114,train
2-2380,2,37114,train
2-2381,2,37114,train
2-2382,2,37114,train
2-2383,2,37114,train
2-2384,2,37114,train
2-2385,2,37114,train
2-2386,2,37114,train
2-2387,2,37114,train
2-2388,2,37114,train
2-2389,2,37114,train
2-2390,2,37114,train
2-2391,2,37114,train
2-2392,2,37114,train
2-2393,2,37114,train
2-2394,2,37114,train
2-2395,2,37114,train
2-2396,2,37114,train
2-2397,2,37114,train
2-2398,2,37114,train
2-2399,2,37114,train
2-2400,2,37114,train
2-2401,2,37114,train
2-2402,2,37114,train
2-2403,2,37114,train
2-2404,2,37114,train
2-2405,2,37114,train
2-2406,2,37114,train
2-2407,2,37114,train
2-2408,2,37114,train
2-2409,2,37114,train
2-2410,2,37114,train
2-2411,2,37114,train
2-2412,2,37114,train
2-2413,2,37114,train
2-2414,2,37114,train
2-2415,2,37114,train
2-2416,2,37114,train
2-2417,2,37114,train
2-2418,2,37114,train
2-2419,2,37114,train
2-2420,2,37114,train
2-2421,2,37114,train
2-2422,2,37114,train
2-2423,2,37114,train
2-2424,2,37114,train
2-2425,2,37114,train
2-2426,2,37114,train
2-2427,2,37114,train
2-2428,2,37114,train
2-2429,2,37114,train
2-2430,2,37114,train
2-2431,2,37114,train
2-2432,2,37114,train
2-2433,2,37114,train
2-2434,2,37114,train
2-2435,2,37114,train
2-2436,2,37114,train
2-2437,2,37114,train
2-2438,2,37114,train
2-2439,2,37114,train
2-2440,2,37114,train
2-2441,2,37114,train
2-2442,2,37114,train
2-2443,2,37114,train
2-2444,2,37114,train
2-2445,2,37114,train
2-2446,2,37114,train
2-2447,2,37114,train
2-2448,2,37114,train
2-2449,2,37114,train
2-2450,2,37114,train
2-2451,2,37114,train
2-2452,2,37114,train
2-2453,2,37114,train
2-2454,2,37114,train
2-2455,2,37114,train
2-2456,2,37114,train
2-2457,2,37114,train
2-2458,2,37114,train
2-2459,2,37114,train
2-2460,2,37114,train
2-2461,2,37114,train
2-2462,2,37114,train
2-2463,2,37114,train
2-2464,2,37114,train
2-2465,2,37114,train
2-2466,2,37114,train
2-2467,2,37114,train
2-2468,2,37114,train
2-2469,2,37114,train
2-2470,2,37114,train
2-2471,2,37114,train
2-2472,2,37114,train
2-2473,2,37114,train
2-2474,2,37114,train
2-2475,2,37114,train
2-2476,2,37114,train
2-2477,2,37114,train
2-2478,2,37114,train
2-2479,2,37114,train
2-2480,2,37114,train
2-2481,2,37114,train
2-2482,2,37114,train
2-2483,2,37114,train
2-2484,2,37114,train
2-2485,2,37114,train
2-2486,2,37114,train
2-2487,2,37114,train
2-2488,2,37114,train
2-2489,2,37114,train
2-2490,2,37114,train
2-2491,2,37114,train
2-2492,2,37114,train
2-2493,2,37114,train
2-2494,2,37114,train
2-2495,2,37114,train
2-2496,2,37114,train
2-2497,2,37114,train
2-2498,2,37114,train
2-2499,2,37114,train
2-2500,2,37114,train
2-2501,2,37114,train
2-2502,2,37114,train
2-2503,2,37114,train
2-2504,2,37114,train
2-2505,2,37114,train
2-2506,2,37114,train
2-2507,2,37114,train
2-2508,2,37114,train
2-2509,2,37114,train
2-2510,2,37114,train
2-2511,2,37114,train
2-2512,2,37114,train
2-2513,2,37114,train
2-2514,2,37114,train
2-2515,2,37114,train
2-2516,2,37114,train
2-2517,2,37114,train
2-2518,2,37114,train
2-2519,2,37114,train
2-2520,2,37114,train
2-2521,2,37114,train
2-2522,2,37114,train
2-2523,2,37114,train
2-2524,2,37114,train
2-2525,2,37114,train
2-2526,2,37114,train
2-2527,2,37114,train
2-2528,2,37114,train
2-2529,2,37114,train
2-2530,2,37114,train
2-2531,2,37114,train
2-2532,2,37114,train
2-2533,2,37114,train
2-2534,2,37114,train
2-2535,2,37114,train
2-2536,2,37114,train
2-2537,2,37114,train
2-2538,2,37114,train
2-2539,2,37114,train
2-2540,2,37114,train
2-2541,2,37114,train
2-2542,2,37114,train
2-2543,2,37114,train
2-2544,2,37114,train
2-2545,2,37114,train
2-2546,2,37114,train
2-2547,2,37114,train
2-2548,2,37114,train
2-2549,2,37114,train
2-2550,2,37114,train
2-2551,2,37114,train
2-2552,2,37114,train
2-2553,2,37114,train
2-2554,2,37114,train
2-2555,2,37114,train
2-2556,2,37114,train
2-2557,2,37114,train
2-2558,2,37114,train
2-2559,2,37114,train
2-2560,2,37114,train
2-2561,2,37114,train
2-2562,2,37114,train
2-2563,2,37114,train
2-2564,2,37114,train
2-2565,2,37114,train
2-2566,2,37114,train
2-2567,2,37114,train
2-2568,2,37114,train
2-2569,2,37114,train
2-2570,2,37114,train
2-2571,2,37114,train
2-2572,2,37114,train
2-2573,2,37114,train
2-2574,2,37114,train
2-2575,2,37114,train
2-2576,2,37114,train
2-2577,2,37114,train
2-2578,2,37114,train
2-2579,2,37114,train
2-2580,2,37114,train
2-2581,2,37114,train
2-2582,2,37114,train
2-2583,2,37114,train
2-2584,2,37114,train
2-2585,2,37114,train
2-2586,2,37114,train
2-2587,2,37114,train
2-2588,2,37114,train
2-2589,2,37114,train
2-2590,2,37114,train
2-2591,2,37114,train
2-2592,2,37114,train
2-2593,2,37114,train
2-2594,2,37114,train
2-2595,2,37114,train
2-2596,2,37114,train
2-2597,2,37114,train
2-2598,2,37114,train
2-2599,2,37114,train
2-2600,2,37114,train
2-2601,2,37114,train
2-2602,2,37114,train
2-2603,2,37114,train
2-2604,2,37114,train
2-2605,2,37114,train
2-2606,2,37114,train
2-2607,2,37114,train
2-2608,2,37114,train
2-2609,2,37114,train
2-2610,2,37114,train
2-2611,2,37114,train
2-2612,2,37114,train
2-2613,2,37114,train
2-2614,2,37114,train
2-2615,2,37114,train
2-2616,2,37114,train
2-2617,2,37114,train
2-2618,2,37114,train
2-2619,2,37114,train
2-2620,2,37114,train
2-2621,2,37114,train
2-2622,2,37114,train
2-2623,2,37114,train
2-2624,2,37114,train
2-2625,2,37114,train
2-2626,2,37114,train
2-2627,2,37114,train
2-2628,2,37114,train
2-2629,2,37114,train
2-2630,2,37114,train
2-2631,2,37114,train
2-2632,2,37114,train
2-2633,2,37114,train
2-2634,2,37114,train
2-2635,2,37114,train
2-2636,2,37114,train
2-2637,2,37114,train
2-2638,2,37114,train
2-2639,2,37114,train
2-2640,2,37114,train
2-2641,2,37114,train
2-2642,2,37114,train
2-2643,2,37114,train
2-2644,2,37114,train
2-2645,2,37114,train
2-2646,2,37114,train
2-2647,2,37114,train
2-2648,2,37114,train
2-2649,2,37114,train
2-2650,2,37114,train
2-2651,2,37114,train
2-2652,2,37114,train
2-2653,2,37114,train
2-2654,2,37114,train
2-2655,2,37114,train
2-2656,2,37114,train
2-2657,2,37114,train
2-2658,2,37114,train
2-2659,2,37114,train
2-2660,2,37114,train
2-2661,2,37114,train
2-2662,2,37114,train
2-2663,2,37114,train
2-2664,2,37114,train
2-2665,2,37114,train
2-2666,2,37114,train
2-2667,2,37114,train
2-2668,2,37114,train
2-2669,2,37114,train
2-2670,2,37114,train
2-2671,2,37114,train
2-2672,2,37114,train
2-2673,2,37114,train
2-2674,2,37114,train
2-2675,2,37114,train
2-2676,2,37114,train
2-2677,2,37114,train
2-2678,2,37114,train
2-2679,2,37114,train
2-2680,2,37114,train
2-2681,2,37114,train
2-2682,2,37114,train
2-2683,2,37114,train
2-2684,2,37114,train
2-2685,2,37114,train
2-2686,2,37114,train
2-2687,2,37114,train
2-2688,2,37114,train
2-2689,2,37114,train
2-2690,2,37114,train
2-2691,2,37114,train
2-2692,2,37114,train
2-2693,2,37114,train
2-2694,2,37114,train
2-2695,2,37114,train
2-2696,2,37114,train
2-2697,2,37114,train
2-2698,2,37114,train
2-2699,2,37114,train
2-2700,2,37114,train
2-2701,2,37114,train
2-2702,2,37114,train
2-2703,2,37114,train
2-2704,2,37114,train
2-2705,2,37114,train
2-2706,2,37114,train
2-2707,2,37114,train
2-2708,2,37114,train
2-2709,2,37114,train
2-2710,2,37114,train
2-2711,2,37114,train
2-2712,2,37114,train
2-2713,2,37114,train
2-2714,2,37114,train
2-2715,2,37114,train
2-2716,2,37114,train
2-2717,2,37114,train
2-2718,2,37114,train
2-2719,2,37114,train
2-2720,2,37114,train
2-2721,2,37114,train
2-2722,2,37114,train
2-2723,2,37114,train
2-2724,2,37114,train
2-2725,2,37114,train
2-2726,2,37114,train
2-2727,2,37114,train
2-2728,2,37114,train
2-2729,2,37114,train
2-2730,2,37114,train
2-2731,2,37114,train
2-2732,2,37114,train
2-2733,2,37114,train
2-2734,2,37114,train
2-2735,2,37114,train
2-2736,2,37114,train
2-2737,2,37114,train
2-2738,2,37114,train
2-2739,2,37114,train
2-2740,2,37114,train
2-2741,2,37114,train
2-2742,2,37114,train
2-2743,2,37114,train
2-2744,2,37114,train
2-2745,2,37114,train
2-2746,2,37114,train
2-2747,2,37114,train
2-2748,2,37114,train
2-2749,2,37114,train
2-2750,2,37114,train
2-2751,2,37114,train
2-2752,2,37114,train
2-2753,2,37114,train
2-2754,2,37114,train
2-2755,2,37114,train
2-2756,2,37114,train
2-2757,2,37114,train
2-2758,2,37114,train
2-2759,2,37114,train
2-2760,2,37114,train
2-2761,2,37114,train
2-2762,2,37114,train
2-2763,2,37114,train
2-2764,2,37114,train
2-2765,2,37114,train
2-2766,2,37114,train
2-2767,2,37114,train
2-2768,2,37114,train
2-2769,2,37114,train
2-2770,2,37114,train
2-2771,2,37114,train
2-2772,2,37114,train
2-2773,2,37114,train
2-2774,2,37114,train
2-2775,2,37114,train
2-2776,2,37114,train
2-2777,2,37114,train
2-2778,2,37114,train
2-2779,2,37114,train
2-2780,2,37114,train
2-2781,2,37114,train
2-2782,2,37114,train
2-2783,2,37114,train
2-2784,2,37114,train
2-2785,2,37114,train
2-2786,2,37114,train
2-2787,2,37114,train
2-2788,2,37114,train
2-2789,2,37114,train
2-2790,2,37114,train
2-2791,2,37114,train
2-2792,2,37114,train
2-2793,2,37114,train
2-2794,2,37114,train
2-2795,2,37114,train
2-2796,2,37114,train
2-2797,2,37114,train
2-2798,2,37114,train
2-2799,2,37114,train
2-5363,2,22643,train
2-5364,2,22643,train
2-5365,2,22643,train
2-5366,2,22643,train
2-5367,2,22643,train
2-5368,2,22643,train
2-5369,2,22643,train
2-5370,2,22643,train
2-5371,2,22643,train
2-5372,2,22643,train
2-5373,2,22643,train
2-5374,2,22643,train
2-5375,2,22643,train
2-5376,2,22643,train
2-5377,2,22643,train
2-5378,2,22643,train
2-5379,2,22643,train
2-5380,2,22643,train
2-5381,2,22643,train
2-5382,2,22643,train
2-5383,2,22643,train
2-5384,2,22643,train
2-5385,2,22643,train
2-5386,2,22643,train
2-5387,2,22643,train
2-5388,2,22643,train
2-5389,2,22643,train
2-5390,2,22643,train
2-5391,2,22643,train
2-5392,2,22643,train
2-5393,2,22643,train
2-5394,2,22643,train
2-5395,2,22643,train
2-5396,2,22643,train
2-5397,2,22643,train
2-5398,2,22643,train
2-5399,2,22643,train
2-5400,2,22643,train
2-5401,2,22643,train
2-5402,2,22643,train
2-5403,2,22643,train
2-5404,2,22643,train
2-5405,2,22643,train
2-5406,2,22643,train
2-5407,2,22643,train
2-5408,2,22643,train
2-5409,2,22643,train
2-5410,2,22643,train
2-5411,2,22643,train
2-5412,2,22643,train
2-5413,2,22643,train
2-5414,2,22643,train
2-5415,2,22643,train
2-5416,2,22643,train
2-5417,2,22643,train
2-5418,2,22643,train
2-5419,2,22643,train
2-5420,2,22643,train
2-5421,2,22643,train
2-5422,2,22643,train
2-5423,2,22643,train
2-5424,2,22643,train
2-5425,2,22643,train
2-5426,2,22643,train
2-5427,2,22643,train
2-5428,2,22643,train
2-5429,2,22643,train
2-5430,2,22643,train
2-5431,2,22643,train
2-5432,2,22643,train
2-5433,2,22643,train
2-5434,2,22643,train
2-5435,2,22643,train
2-5436,2,22643,train
2-5437,2,22643,train
2-5438,2,22643,train
2-5439,2,22643,train
2-5440,2,22643,train
2-5441,2,22643,train
2-5442,2,22643,train
2-5443,2,22643,train
2-5444,2,22643,train
2-5445,2,22643,train
2-5446,2,22643,train
2-5447,2,22643,train
2-5448,2,22643,train
2-5449,2,22643,train
2-5450,2,22643,train
2-5451,2,22643,train
2-5452,2,22643,train
2-5453,2,22643,train
2-5454,2,22643,train
2-5455,2,22643,train
2-5456,2,22643,train
2-5457,2,22643,train
2-5458,2,22643,train
2-5459,2,22643,train
2-5460,2,22643,train
2-5461,2,22643,train
2-5462,2,22643,train
2-5463,2,22643,train
2-5464,2,22643,train
2-5465,2,22643,train
2-5466,2,22643,train
2-5467,2,22643,train
2-5468,2,22643,train
2-5469,2,22643,train
2-5470,2,22643,train
2-5471,2,22643,train
2-5472,2,22643,train
2-5473,2,22643,train
2-5474,2,22643,train
2-5475,2,22643,train
2-5476,2,22643,train
2-5477,2,22643,train
2-5478,2,22643,train
2-5479,2,22643,train
2-5480,2,22643,train
2-5481,2,22643,train
2-5482,2,22643,train
2-5483,2,22643,train
2-5484,2,22643,train
2-5485,2,22643,train
2-5486,2,22643,train
2-5487,2,22643,train
2-5488,2,22643,train
2-5489,2,22643,train
2-5490,2,22643,train
2-5491,2,22643,train
2-5492,2,22643,train
2-5493,2,22643,train
2-5494,2,22643,train
2-5495,2,22643,train
2-5496,2,22643,train
2-5497,2,22643,train
2-5498,2,22643,train
2-5499,2,22643,train
2-5500,2,22643,train
2-5501,2,22643,train
2-5502,2,22643,train
2-5503,2,22643,train
2-5504,2,22643,train
2-5505,2,22643,train
2-5506,2,22643,train
2-5507,2,22643,train
2-5508,2,22643,train
2-5509,2,22643,train
2-5510,2,22643,train
2-5511,2,22643,train
2-5512,2,22643,train
2-5513,2,22643,train
2-5514,2,22643,train
2-5515,2,22643,train
2-5516,2,22643,train
2-5517,2,22643,train
2-5518,2,22643,train
2-5519,2,22643,train
2-5520,2,22643,train
2-5521,2,22643,train
2-5522,2,22643,train
2-5523,2,22643,train
2-5524,2,22643,train
2-5525,2,22643,train
2-5526,2,22643,train
2-5527,2,22643,train
2-5528,2,22643,train
2-5529,2,22643,train
2-5530,2,22643,train
2-5531,2,22643,train
2-5532,2,22643,train
2-5533,2,22643,train
2-5534,2,22643,train
2-5535,2,22643,train
2-5536,2,22643,train
2-5537,2,22643,train
2-5538,2,22643,train
2-5539,2,22643,train
2-5540,2,22643,train
2-5541,2,22643,train
2-5542,2,22643,train
2-5543,2,22643,train
2-5544,2,22643,train
2-5545,2,22643,train
2-5546,2,22643,train
2-5547,2,22643,train
2-5548,2,22643,train
2-5549,2,22643,train
2-5550,2,22643,train
2-5551,2,22643,train
2-5552,2,22643,train
2-5553,2,22643,train
2-5554,2,22643,train
2-5555,2,22643,train
2-5556,2,22643,train
2-5557,2,22643,train
2-5558,2,22643,train
2-5559,2,22643,train
2-5560,2,22643,train
2-5561,2,22643,train
2-5562,2,22643,train
2-5563,2,22643,train
2-5564,2,22643,train
2-5565,2,22643,train
2-5566,2,22643,train
2-5567,2,22643,train
2-5568,2,22643,train
2-5569,2,22643,train
2-5570,2,22643,train
2-5571,2,22643,train
2-5572,2,22643,train
2-5573,2,22643,train
2-5574,2,22643,train
2-5575,2,22643,train
2-5576,2,22643,train
2-5577,2,22643,train
2-5578,2,22643,train
2-5579,2,22643,train
2-5580,2,22643,train
2-5581,2,22643,train
2-5582,2,22643,train
2-5583,2,22643,train
2-5584,2,22643,train
2-5585,2,22643,train
2-5586,2,22643,train
2-5587,2,22643,train
2-5588,2,22643,train
2-5589,2,22643,train
2-5590,2,22643,train
2-5591,2,22643,train
2-5592,2,22643,train
2-5593,2,22643,train
2-5594,2,22643,train
2-5595,2,22643,train
2-5596,2,22643,train
2-5597,2,22643,train
2-5598,2,22643,train
2-5599,2,22643,train
2-5600,2,22643,train
2-5601,2,22643,train
2-5602,2,22643,train
2-5603,2,22643,train
2-5604,2,22643,train
2-5605,2,22643,train
2-5606,2,22643,train
2-5607,2,22643,train
2-5608,2,22643,train
2-5609,2,22643,train
2-5610,2,22643,train
2-5611,2,22643,train
2-5612,2,22643,train
2-5613,2,22643,train
2-5614,2,22643,train
2-5615,2,22643,train
2-5616,2,22643,train
2-5617,2,22643,train
2-5618,2,22643,train
2-5619,2,22643,train
2-5620,2,22643,train
2-5621,2,22643,train
2-5622,2,22643,train
2-5623,2,22643,train
2-5624,2,22643,train
2-5625,2,22643,train
2-5626,2,22643,train
2-5627,2,22643,train
2-5628,2,22643,train
2-5629,2,22643,train
2-5630,2,22643,train
2-5631,2,22643,train
2-5632,2,22643,train
2-5633,2,22643,train
2-5634,2,22643,train
2-5635,2,22643,train
2-5636,2,22643,train
2-5637,2,22643,train
2-5638,2,22643,train
2-5639,2,22643,train
2-5640,2,22643,train
2-5641,2,22643,train
2-5642,2,22643,train
2-5643,2,22643,train
2-5644,2,22643,train
2-5645,2,22643,train
2-5646,2,22643,train
2-5647,2,22643,train
2-5648,2,22643,train
2-5649,2,22643,train
2-5650,2,22643,train
2-5651,2,22643,train
2-5652,2,22643,train
2-5653,2,22643,train
2-5654,2,22643,train
2-5655,2,22643,train
2-5656,2,22643,train
2-5657,2,22643,train
2-5658,2,22643,train
2-5659,2,22643,train
2-5660,2,22643,train
2-5661,2,22643,train
2-5662,2,22643,train
2-5663,2,22643,train
2-5664,2,22643,train
2-5665,2,22643,train
2-5666,2,22643,train
2-5667,2,22643,train
2-5668,2,22643,train
2-5669,2,22643,train
2-5670,2,22643,train
2-5671,2,22643,train
2-5672,2,22643,train
2-5673,2,22643,train
2-5674,2,22643,train
2-5675,2,22643,train
2-5676,2,22643,train
2-5677,2,22643,train
2-5678,2,22643,train
2-5679,2,22643,train
2-5680,2,22643,train
2-5681,2,22643,train
2-5682,2,22643,train
2-5683,2,22643,train
2-5684,2,22643,train
2-5685,2,22643,train
2-5686,2,22643,train
2-5687,2,22643,train
2-5688,2,22643,train
2-5689,2,22643,train
2-5690,2,22643,train
2-5691,2,22643,train
2-5692,2,22643,train
2-5693,2,22643,train
2-5694,2,22643,train
2-5695,2,22643,train
2-5696,2,22643,train
2-5697,2,22643,train
2-5698,2,22643,train
2-5699,2,22643,train
2-5700,2,22643,train
2-5701,2,22643,train
2-5702,2,22643,train
2-5703,2,22643,train
2-5704,2,22643,train
2-5705,2,22643,train
2-5706,2,22643,train
2-5707,2,22643,train
2-5708,2,22643,train
2-5709,2,22643,train
2-5710,2,22643,train
2-5711,2,22643,train
2-5712,2,22643,train
2-5713,2,22643,train
2-5714,2,22643,train
2-5715,2,22643,train
2-5716,2,22643,train
2-5717,2,22643,train
2-5718,2,22643,train
2-5719,2,22643,train
2-5720,2,22643,train
2-5721,2,22643,train
2-5722,2,22643,train
2-5723,2,22643,train
2-5724,2,22643,train
2-5725,2,22643,train
2-5726,2,22643,train
2-5727,2,22643,train
2-5728,2,22643,train
2-5729,2,22643,train
2-5730,2,22643,train
2-5731,2,22643,train
2-5732,2,22643,train
2-5733,2,22643,train
2-5734,2,22643,train
2-5735,2,22643,train
2-5736,2,22643,train
2-5737,2,22643,train
2-5738,2,22643,train
2-5739,2,22643,train
2-5740,2,22643,train
2-5741,2,22643,train
2-5742,2,22643,train
2-5743,2,22643,train
2-5744,2,22643,train
2-5745,2,22643,train
2-5746,2,22643,train
2-5747,2,22643,train
2-5748,2,22643,train
2-5749,2,22643,train
2-5750,2,22643,train
2-5751,2,22643,train
2-5752,2,22643,train
2-5753,2,22643,train
2-5754,2,22643,train
2-5755,2,22643,train
2-5756,2,22643,train
2-5757,2,22643,train
2-5758,2,22643,train
2-5759,2,22643,train
2-5760,2,22643,train
2-5761,2,22643,train
2-5762,2,22643,train
2-5763,2,22643,train
2-5764,2,22643,train
2-5765,2,22643,train
2-5766,2,22643,train
2-5767,2,22643,train
2-5768,2,22643,train
2-5769,2,22643,train
2-5770,2,22643,train
2-5771,2,22643,train
2-5772,2,22643,train
2-5773,2,22643,train
2-5774,2,22643,train
2-5775,2,22643,train
2-5776,2,22643,train
2-5777,2,22643,train
2-5778,2,22643,train
2-5779,2,22643,train
2-5780,2,22643,train
2-5781,2,22643,train
2-5782,2,22643,train
2-5783,2,22643,train
2-5784,2,22643,train
2-5785,2,22643,train
2-5786,2,22643,train
2-5787,2,22643,train
2-5788,2,22643,train
2-5789,2,22643,train
2-5790,2,22643,train
2-5791,2,22643,train
2-5792,2,22643,train
2-5793,2,22643,train
2-5794,2,22643,train
2-5795,2,22643,train
2-5796,2,22643,train
2-5797,2,22643,train
2-5798,2,22643,train
2-5799,2,22643,train
2-5800,2,22643,train
2-5801,2,22643,train
2-5802,2,22643,train
2-5803,2,22643,train
2-5804,2,22643,train
2-5805,2,22643,train
2-5806,2,22643,train
2-5807,2,22643,train
2-5808,2,22643,train
2-5809,2,22643,train
2-5810,2,22643,train
2-5811,2,22643,train
2-5812,2,22643,train
2-5813,2,22643,train
2-5814,2,22643,train
2-5815,2,22643,train
2-5816,2,22643,train
2-5817,2,22643,train
2-5818,2,22643,train
2-5819,2,22643,train
2-5820,2,22643,train
2-5821,2,22643,train
2-5822,2,22643,train
2-5823,2,22643,train
2-5824,2,22643,train
2-5825,2,22643,train
2-5826,2,22643,train
2-5827,2,22643,train
2-5828,2,22643,train
2-5829,2,22643,train
2-5830,2,22643,train
2-5831,2,22643,train
2-5832,2,22643,train
2-5833,2,22643,train
2-5834,2,22643,train
2-5835,2,22643,train
2-5836,2,22643,train
2-5837,2,22643,train
2-5838,2,22643,train
2-5839,2,22643,train
2-5840,2,22643,train
2-5841,2,22643,train
2-5842,2,22643,train
2-5843,2,22643,train
2-5844,2,22643,train
2-5845,2,22643,train
2-5846,2,22643,train
2-5847,2,22643,train
2-5848,2,22643,train
2-5849,2,22643,train
2-5850,2,22643,train
2-5851,2,22643,train
2-5852,2,22643,train
2-5853,2,22643,train
2-5854,2,22643,train
2-5855,2,22643,train
2-5856,2,22643,train
2-5857,2,22643,train
2-5858,2,22643,train
2-5859,2,22643,train
2-5860,2,22643,train
2-5861,2,22643,train
2-5862,2,22643,train
2-5863,2,22643,train
2-5864,2,22643,train
2-5865,2,22643,train
2-5866,2,22643,train
2-5867,2,22643,train
2-5868,2,22643,train
2-5869,2,22643,train
2-5870,2,22643,train
2-5871,2,22643,train
2-5872,2,22643,train
2-5873,2,22643,train
2-5874,2,22643,train
2-5875,2,22643,train
2-5876,2,22643,train
2-5877,2,22643,train
2-5878,2,22643,train
2-5879,2,22643,train
2-5880,2,22643,train
2-5881,2,22643,train
2-5882,2,22643,train
2-5883,2,22643,train
2-5884,2,22643,train
2-5885,2,22643,train
2-5886,2,22643,train
2-5887,2,22643,train
2-5888,2,22643,train
2-5889,2,22643,train
2-5890,2,22643,train
2-5891,2,22643,train
2-5892,2,22643,train
2-5893,2,22643,train
2-5894,2,22643,train
2-5895,2,22643,train
2-5896,2,22643,train
2-5897,2,22643,train
2-5898,2,22643,train
2-5899,2,22643,train
2-5900,2,22643,train
2-5901,2,22643,train
2-5902,2,22643,train
2-5903,2,22643,train
2-5904,2,22643,train
2-5905,2,22643,train
2-5906,2,22643,train
2-5907,2,22643,train
2-5908,2,22643,train
2-5909,2,22643,train
2-5910,2,22643,train
2-5911,2,22643,train
2-5912,2,22643,train
2-5913,2,22643,train
2-5914,2,22643,train
2-5915,2,22643,train
2-5916,2,22643,train
2-5917,2,22643,train
2-5918,2,22643,train
2-5919,2,22643,train
2-5920,2,22643,train
2-5921,2,22643,train
2-5922,2,22643,train
2-5923,2,22643,train
2-5924,2,22643,train
2-5925,2,22643,train
2-5926,2,22643,train
2-5927,2,22643,train
2-5928,2,22643,train
2-5929,2,22643,train
2-5930,2,22643,train
2-5931,2,22643,train
2-5932,2,22643,train
2-5933,2,22643,train
2-5934,2,22643,train
2-5935,2,22643,train
2-5936,2,22643,train
2-5937,2,22643,train
2-5938,2,22643,train
2-5939,2,22643,train
2-5940,2,22643,train
2-5941,2,22643,train
2-5942,2,22643,train
2-5943,2,22643,train
2-5944,2,22643,train
2-5945,2,22643,train
2-5946,2,22643,train
2-5947,2,22643,train
2-5948,2,22643,train
2-5949,2,22643,train
2-5950,2,22643,train
2-5951,2,22643,train
2-5952,2,22643,train
2-5953,2,22643,train
2-5954,2,22643,train
2-5955,2,22643,train
2-5956,2,22643,train
2-5957,2,22643,train
2-5958,2,22643,train
2-5959,2,22643,train
2-5960,2,22643,train
2-5961,2,22643,train
2-5962,2,22643,train
2-5963,2,22643,train
2-5964,2,22643,train
2-5965,2,22643,train
2-5966,2,22643,train
2-5967,2,22643,train
2-5968,2,22643,train
2-5969,2,22643,train
2-5970,2,22643,train
2-5971,2,22643,train
2-5972,2,22643,train
2-5973,2,22643,train
2-5974,2,22643,train
2-5975,2,22643,train
2-5976,2,22643,train
2-5977,2,22643,train
2-5978,2,22643,train
2-5979,2,22643,train
2-5980,2,22643,train
2-5981,2,22643,train
2-5982,2,22643,train
2-5983,2,22643,train
2-5984,2,22643,train
2-5985,2,22643,train
2-5986,2,22643,train
2-5987,2,22643,train
2-5988,2,22643,train
2-5989,2,22643,train
2-5990,2,22643,train
2-5991,2,22643,train
2-5992,2,22643,train
2-5993,2,22643,train
2-5994,2,22643,train
2-5995,2,22643,train
2-5996,2,22643,train
2-5997,2,22643,train
2-5998,2,22643,train
2-5999,2,22643,train
2-6000,2,22643,train
2-6001,2,22643,train
2-6002,2,22643,train
2-6003,2,22643,train
2-6004,2,22643,train
2-6005,2,22643,train
2-6006,2,22643,train
2-6007,2,22643,train
2-6008,2,22643,train
2-6009,2,22643,train
2-6010,2,22643,train
2-6011,2,22643,train
2-6012,2,22643,train
2-6013,2,22643,train
2-6014,2,22643,train
2-6015,2,22643,train
2-6016,2,22643,train
2-6017,2,22643,train
2-6018,2,22643,train
2-6019,2,22643,train
2-6020,2,22643,train
2-6021,2,22643,train
2-6022,2,22643,train
2-6023,2,22643,train
2-6024,2,22643,train
2-6025,2,22643,train
2-6026,2,22643,train
2-6027,2,22643,train
2-6028,2,22643,train
2-6029,2,22643,train
2-6030,2,22643,train
2-6031,2,22643,train
2-6032,2,22643,train
2-6033,2,22643,train
2-6034,2,22643,train
2-6035,2,22643,train
2-6036,2,22643,train
2-6037,2,22643,train
2-6038,2,22643,train
2-6039,2,22643,train
2-6040,2,22643,train
2-6041,2,22643,train
2-6042,2,22643,train
2-6043,2,22643,train
2-6044,2,22643,train
2-6045,2,22643,train
2-6046,2,22643,train
2-6047,2,22643,train
2-6048,2,22643,train
2-6049,2,22643,train
2-6050,2,22643,train
2-6051,2,22643,train
2-6052,2,22643,train
2-6053,2,22643,train
2-6054,2,22643,train
2-6055,2,22643,train
2-6056,2,22643,train
2-6057,2,22643,train
2-6058,2,22643,train
2-6059,2,22643,train
2-6060,2,22643,train
2-6061,2,22643,train
2-6062,2,22643,train
2-6063,2,22643,train
2-6064,2,22643,train
2-6065,2,22643,train
2-6066,2,22643,train
2-6067,2,22643,train
2-6068,2,22643,train
2-6069,2,22643,train
2-6070,2,22643,train
2-6071,2,22643,train
2-6072,2,22643,train
2-6073,2,22643,train
2-6074,2,22643,train
2-6075,2,22643,train
2-6076,2,22643,train
2-6077,2,22643,train
2-6078,2,22643,train
2-6079,2,22643,train
2-6080,2,22643,train
2-6081,2,22643,train
2-6082,2,22643,train
2-6083,2,22643,train
2-6084,2,22643,train
2-6085,2,22643,train
2-6086,2,22643,train
2-6087,2,22643,train
2-6088,2,22643,train
2-6089,2,22643,train
2-6090,2,22643,train
2-6091,2,22643,train
2-6092,2,22643,train
2-6093,2,22643,train
2-6094,2,22643,train
2-6095,2,22643,train
2-6096,2,22643,train
2-6097,2,22643,train
2-6098,2,22643,train
2-6099,2,22643,train
2-6100,2,22643,train
2-6101,2,22643,train
2-6102,2,22643,train
2-6103,2,22643,train
2-6104,2,22643,train
2-6105,2,22643,train
2-6106,2,22643,train
2-6107,2,22643,train
2-6108,2,22643,train
2-6109,2,22643,train
2-6110,2,22643,train
2-6111,2,22643,train
2-6112,2,22643,train
2-6113,2,22643,train
2-6114,2,22643,train
2-6115,2,22643,train
2-6116,2,22643,train
2-6117,2,22643,train
2-6118,2,22643,train
2-6119,2,22643,train
2-6120,2,22643,train
2-6121,2,22643,train
2-6122,2,22643,train
2-6123,2,22643,train
2-6124,2,22643,train
2-6125,2,22643,train
2-6126,2,22643,train
2-6127,2,22643,train
2-6128,2,22643,train
2-6129,2,22643,train
2-6130,2,22643,train
2-6131,2,22643,train
2-6132,2,22643,train
2-6133,2,22643,train
2-6134,2,22643,train
2-6135,2,22643,train
2-6136,2,22643,train
2-6137,2,22643,train
2-6138,2,22643,train
2-6139,2,22643,train
2-6140,2,22643,train
2-6141,2,22643,train
2-6142,2,22643,train
2-6143,2,22643,train
2-6144,2,22643,train
2-6145,2,22643,train
2-6146,2,22643,train
2-6147,2,22643,train
2-6148,2,22643,train
2-6149,2,22643,train
2-6150,2,22643,train
2-6151,2,22643,train
2-6152,2,22643,train
2-6153,2,22643,train
2-6154,2,22643,train
2-6155,2,22643,train
2-6156,2,22643,train
2-6157,2,22643,train
2-6158,2,22643,train
2-6159,2,22643,train
2-6160,2,22643,train
2-6161,2,22643,train
2-6162,2,22643,train
2-6163,2,22643,train
2-6164,2,22643,train
2-6165,2,22643,train
2-6166,2,22643,train
2-6167,2,22643,train
2-6168,2,22643,train
2-6169,2,22643,train
2-6170,2,22643,train
2-6171,2,22643,train
2-6172,2,22643,train
2-6173,2,22643,train
2-6174,2,22643,train
2-6175,2,22643,train
2-6176,2,22643,train
2-6177,2,22643,train
2-6178,2,22643,train
2-6179,2,22643,train
2-6180,2,22643,train
2-6181,2,22643,train
2-6182,2,22643,train
2-6183,2,22643,train
2-6184,2,22643,train
2-6185,2,22643,train
2-6186,2,22643,train
2-6187,2,22643,train
2-6188,2,22643,train
2-6189,2,22643,train
2-6190,2,22643,train
2-6191,2,22643,train
2-6192,2,22643,train
2-6193,2,22643,train
2-6194,2,22643,train
2-6195,2,22643,train
2-6196,2,22643,train
2-6197,2,22643,train
2-6198,2,22643,train
2-6199,2,22643,train
2-6200,2,22643,train
2-6201,2,22643,train
2-6202,2,22643,train
2-6203,2,22643,train
2-6204,2,22643,train
2-6205,2,22643,train
2-6206,2,22643,train
2-6207,2,22643,train
2-6208,2,22643,train
2-6209,2,22643,train
2-6210,2,22643,train
2-6211,2,22643,train
2-6212,2,22643,train
2-6213,2,22643,train
2-6214,2,22643,train
2-6215,2,22643,train
2-6216,2,22643,train
2-6217,2,22643,train
2-6218,2,22643,train
2-6219,2,22643,train
2-6220,2,22643,train
2-6221,2,22643,train
2-6222,2,22643,train
2-6223,2,22643,train
2-6224,2,22643,train
2-6225,2,22643,train
2-6226,2,22643,train
2-6227,2,22643,train
2-6228,2,22643,train
2-6229,2,22643,train
2-6230,2,22643,train
2-6231,2,22643,train
2-6232,2,22643,train
2-6233,2,22643,train
2-6234,2,22643,train
2-6235,2,22643,train
2-6236,2,22643,train
2-6237,2,22643,train
2-6238,2,22643,train
2-6239,2,22643,train
2-6240,2,22643,train
2-6241,2,22643,train
2-6242,2,22643,train
2-6243,2,22643,train
2-6244,2,22643,train
2-6245,2,22643,train
2-6246,2,22643,train
2-6247,2,22643,train
2-6248,2,22643,train
2-6249,2,22643,train
2-6250,2,22643,train
2-6251,2,22643,train
2-6252,2,22643,train
2-6253,2,22643,train
2-6254,2,22643,train
2-6255,2,22643,train
2-6256,2,22643,train
2-6257,2,22643,train
2-6258,2,22643,train
2-6259,2,22643,train
2-6260,2,22643,train
2-6261,2,22643,train
2-6262,2,22643,train
2-6263,2,22643,train
2-6264,2,22643,train
2-6265,2,22643,train
2-6266,2,22643,train
2-6267,2,22643,train
2-6268,2,22643,train
2-6269,2,22643,train
2-6270,2,22643,train
2-6271,2,22643,train
2-6272,2,22643,train
2-6273,2,22643,train
2-6274,2,22643,train
2-6275,2,22643,train
2-6276,2,22643,train
2-6277,2,22643,train
2-6278,2,22643,train
2-6279,2,22643,train
2-6280,2,22643,train
2-6281,2,22643,train
2-6282,2,22643,train
2-6283,2,22643,train
2-6284,2,22643,train
2-6285,2,22643,train
2-6286,2,22643,train
2-6287,2,22643,train
2-6288,2,22643,train
2-6289,2,22643,train
2-6290,2,22643,train
2-6291,2,22643,train
2-6292,2,22643,train
2-6293,2,22643,train
2-6294,2,22643,train
2-6295,2,22643,train
2-6296,2,22643,train
2-6297,2,22643,train
2-6298,2,22643,train
2-6299,2,22643,train
2-6300,2,22643,train
2-6301,2,22643,train
2-6302,2,22643,train
2-6303,2,22643,train
2-6304,2,22643,train
2-6305,2,22643,train
2-6306,2,22643,train
2-6307,2,22643,train
2-6308,2,22643,train
2-6309,2,22643,train
2-6310,2,22643,train
2-6311,2,22643,train
2-6312,2,22643,train
2-6313,2,22643,train
2-6314,2,22643,train
2-6315,2,22643,train
2-6316,2,22643,train
2-6317,2,22643,train
2-6318,2,22643,train
2-6319,2,22643,train
2-6320,2,22643,train
2-6321,2,22643,train
2-6322,2,22643,train
2-6323,2,22643,train
2-6324,2,22643,train
2-6325,2,22643,train
2-6326,2,22643,train
2-6327,2,22643,train
2-6328,2,22643,train
2-6329,2,22643,train
2-6330,2,22643,train
2-6331,2,22643,train
2-6332,2,22643,train
2-6333,2,22643,train
2-6334,2,22643,train
2-6335,2,22643,train
2-6336,2,22643,train
2-6337,2,22643,train
2-6338,2,22643,train
2-6339,2,22643,train
2-6340,2,22643,train
2-6341,2,22643,train
2-6342,2,22643,train
2-6343,2,22643,train
2-6344,2,22643,train
2-6345,2,22643,train
2-6346,2,22643,train
2-6347,2,22643,train
2-6348,2,22643,train
2-6349,2,22643,train
2-6350,2,22643,train
2-6351,2,22643,train
2-6352,2,22643,train
2-6353,2,22643,train
2-6354,2,22643,train
2-6355,2,22643,train
2-6356,2,22643,train
2-6357,2,22643,train
2-6358,2,22643,train
2-6359,2,22643,train
2-6360,2,22643,train
2-6361,2,22643,train
2-6362,2,22643,train
2-6363,2,22643,train
2-6364,2,22643,train
2-6365,2,22643,train
2-6366,2,22643,train
2-6367,2,22643,train
2-6368,2,22643,train
2-6369,2,22643,train
2-6370,2,22643,train
2-6371,2,22643,train
2-6372,2,22643,train
2-6373,2,22643,train
2-6374,2,22643,train
2-6375,2,22643,train
2-6376,2,22643,train
2-6377,2,22643,train
2-6378,2,22643,train
2-6379,2,22643,train
2-6380,2,22643,train
2-6381,2,22643,train
2-6382,2,22643,train
2-6383,2,22643,train
2-6384,2,22643,train
2-6385,2,22643,train
2-6386,2,22643,train
2-6387,2,22643,train
2-6388,2,22643,train
2-6389,2,22643,train
2-6390,2,22643,train
2-6391,2,22643,train
2-6392,2,22643,train
2-6393,2,22643,train
2-6394,2,22643,train
2-6395,2,22643,train
2-6396,2,22643,train
2-6397,2,22643,train
2-6398,2,22643,train
2-6399,2,22643,train
2-6400,2,22643,train
2-6401,2,22643,train
2-6402,2,22643,train
2-6403,2,22643,train
2-6404,2,22643,train
2-6405,2,22643,train
2-6406,2,22643,train
2-6407,2,22643,train
2-6408,2,22643,train
2-6409,2,22643,train
2-6410,2,22643,train
2-6411,2,22643,train
2-6412,2,22643,train
2-6413,2,22643,train
2-6414,2,22643,train
2-6415,2,22643,train
2-6416,2,22643,train
2-6417,2,22643,train
2-6418,2,22643,train
2-6419,2,22643,train
2-6420,2,22643,train
2-6421,2,22643,train
2-6422,2,22643,train
2-6423,2,22643,train
2-6424,2,22643,train
2-6425,2,22643,train
2-6426,2,22643,train
2-6427,2,22643,train
2-6428,2,22643,train
2-6429,2,22643,train
2-6430,2,22643,train
2-6431,2,22643,train
2-6432,2,22643,train
2-6433,2,22643,train
2-6434,2,22643,train
2-6435,2,22643,train
2-6436,2,22643,train
2-6437,2,22643,train
2-6438,2,22643,train
2-6439,2,22643,train
2-6440,2,22643,train
2-6441,2,22643,train
2-6442,2,22643,train
2-6443,2,22643,train
2-6444,2,22643,train
2-6445,2,22643,train
2-6446,2,22643,train
2-6447,2,22643,train
2-6448,2,22643,train
2-6449,2,22643,train
2-6450,2,22643,train
2-6451,2,22643,train
2-6452,2,22643,train
2-6453,2,22643,train
2-6454,2,22643,train
2-6455,2,22643,train
2-6456,2,22643,train
2-6457,2,22643,train
2-6458,2,22643,train
2-6459,2,22643,train
2-6460,2,22643,train
2-6461,2,22643,train
2-6462,2,22643,train
2-6463,2,22643,train
2-6464,2,22643,train
2-6465,2,22643,train
2-6466,2,22643,train
2-6467,2,22643,train
2-6468,2,22643,train
2-6469,2,22643,train
2-6470,2,22643,train
2-6471,2,22643,train
2-6472,2,22643,train
2-6473,2,22643,train
2-6474,2,22643,train
2-6475,2,22643,train
2-6476,2,22643,train
2-6477,2,22643,train
2-6478,2,22643,train
2-6479,2,22643,train
2-6480,2,22643,train
2-6481,2,22643,train
2-6482,2,22643,train
2-6483,2,22643,train
2-6484,2,22643,train
2-6485,2,22643,train
2-6486,2,22643,train
2-6487,2,22643,train
2-6488,2,22643,train
2-6489,2,22643,train
2-6490,2,22643,train
2-6491,2,22643,train
2-6492,2,22643,train
2-6493,2,22643,train
2-6494,2,22643,train
2-6495,2,22643,train
2-6496,2,22643,train
2-6497,2,22643,train
2-6498,2,22643,train
2-6499,2,22643,train
2-6500,2,22643,train
2-6501,2,22643,train
2-6502,2,22643,train
2-6503,2,22643,train
2-6504,2,22643,train
2-6505,2,22643,train
2-6506,2,22643,train
2-6507,2,22643,train
2-6508,2,22643,train
2-6509,2,22643,train
2-6510,2,22643,train
2-6511,2,22643,train
2-6512,2,22643,train
2-6513,2,22643,train
2-6514,2,22643,train
2-6515,2,22643,train
2-6516,2,22643,train
2-6517,2,22643,train
2-6518,2,22643,train
2-6519,2,22643,train
2-6520,2,22643,train
2-6521,2,22643,train
2-6522,2,22643,train
2-6523,2,22643,train
2-6524,2,22643,train
2-6525,2,22643,train
2-6526,2,22643,train
2-6527,2,22643,train
2-6528,2,22643,train
2-6529,2,22643,train
2-6530,2,22643,train
2-6531,2,22643,train
2-6532,2,22643,train
2-6533,2,22643,train
2-6534,2,22643,train
2-6535,2,22643,train
2-6536,2,22643,train
2-6537,2,22643,train
2-6538,2,22643,train
2-6539,2,22643,train
2-6540,2,22643,train
2-6541,2,22643,train
2-6542,2,22643,train
2-6543,2,22643,train
2-6544,2,22643,train
2-6545,2,22643,train
2-6546,2,22643,train
2-6547,2,22643,train
2-6548,2,22643,train
2-6549,2,22643,train
2-6550,2,22643,train
2-6551,2,22643,train
2-6552,2,22643,train
2-6553,2,22643,train
2-6554,2,22643,train
2-6555,2,22643,train
2-6556,2,22643,train
2-6557,2,22643,train
2-6558,2,22643,train
2-6559,2,22643,train
2-6560,2,22643,train
2-6561,2,22643,train
2-6562,2,22643,train
2-6563,2,22643,train
2-6564,2,22643,train
2-6565,2,22643,train
2-6566,2,22643,train
2-6567,2,22643,train
2-6568,2,22643,train
2-6569,2,22643,train
2-6570,2,22643,train
2-6571,2,22643,train
2-6572,2,22643,train
2-6573,2,22643,train
2-6574,2,22643,train
2-6575,2,22643,train
2-6576,2,22643,train
2-6577,2,22643,train
2-6578,2,22643,train
2-6579,2,22643,train
2-6580,2,22643,train
2-6581,2,22643,train
2-6582,2,22643,train
2-6583,2,22643,train
2-6584,2,22643,train
2-6585,2,22643,train
2-6586,2,22643,train
2-6587,2,22643,train
2-6588,2,22643,train
2-6589,2,22643,train
2-6590,2,22643,train
2-6591,2,22643,train
2-6592,2,22643,train
2-6593,2,22643,train
2-6594,2,22643,train
2-6595,2,22643,train
2-6596,2,22643,train
2-6597,2,22643,train
2-6598,2,22643,train
2-6599,2,22643,train
2-6600,2,22643,train
2-6601,2,22643,train
2-6602,2,22643,train
2-6603,2,22643,train
2-6604,2,22643,train
2-6605,2,22643,train
2-6606,2,22643,train
2-6607,2,22643,train
2-6608,2,22643,train
2-6609,2,22643,train
2-6610,2,22643,train
2-7772,2,29859,train
2-7773,2,29859,train
2-7774,2,29859,train
2-7775,2,29859,train
2-7776,2,29859,train
2-7777,2,29859,train
2-7778,2,29859,train
2-7779,2,29859,train
2-7780,2,29859,train
2-7781,2,29859,train
2-7782,2,29859,train
2-7783,2,29859,train
2-7784,2,29859,train
2-7785,2,29859,train
2-7786,2,29859,train
2-7787,2,29859,train
2-7788,2,29859,train
2-7789,2,29859,train
2-7790,2,29859,train
2-7791,2,29859,train
2-7792,2,29859,train
2-7793,2,29859,train
2-7794,2,29859,train
2-7795,2,29859,train
2-7796,2,29859,train
2-7797,2,29859,train
2-7798,2,29859,train
2-7799,2,29859,train
2-7800,2,29859,train
2-7801,2,29859,train
2-7802,2,29859,train
2-7803,2,29859,train
2-7804,2,29859,train
2-7805,2,29859,train
2-7806,2,29859,train
2-7807,2,29859,train
2-7808,2,29859,train
2-7809,2,29859,train
2-7810,2,29859,train
2-7811,2,29859,train
2-7812,2,29859,train
2-7813,2,29859,train
2-7814,2,29859,train
2-7815,2,29859,train
2-7816,2,29859,train
2-7817,2,29859,train
2-7818,2,29859,train
2-7819,2,29859,train
2-7820,2,29859,train
2-7821,2,29859,train
2-7822,2,29859,train
2-7823,2,29859,train
2-7824,2,29859,train
2-7825,2,29859,train
2-7826,2,29859,train
2-7827,2,29859,train
2-7828,2,29859,train
2-7829,2,29859,train
2-7830,2,29859,train
2-7831,2,29859,train
2-7832,2,29859,train
2-7833,2,29859,train
2-7834,2,29859,train
2-7835,2,29859,train
2-7836,2,29859,train
2-7837,2,29859,train
2-7838,2,29859,train
2-7839,2,29859,train
2-7840,2,29859,train
2-7841,2,29859,train
2-7842,2,29859,train
2-7843,2,29859,train
2-7844,2,29859,train
2-7845,2,29859,train
2-7846,2,29859,train
2-7847,2,29859,train
2-7848,2,29859,train
2-7849,2,29859,train
2-7850,2,29859,train
2-7851,2,29859,train
2-7852,2,29859,train
2-7853,2,29859,train
2-7854,2,29859,train
2-7855,2,29859,train
2-7856,2,29859,train
2-7857,2,29859,train
2-7858,2,29859,train
2-7859,2,29859,train
2-7860,2,29859,train
2-7861,2,29859,train
2-7862,2,29859,train
2-7863,2,29859,train
2-7864,2,29859,train
2-7865,2,29859,train
2-7866,2,29859,train
2-7867,2,29859,train
2-7868,2,29859,train
2-7869,2,29859,train
2-7870,2,29859,train
2-7871,2,29859,train
2-7872,2,29859,train
2-7873,2,29859,train
2-7874,2,29859,train
2-7875,2,29859,train
2-7876,2,29859,train
2-7877,2,29859,train
2-7878,2,29859,train
2-7879,2,29859,train
2-7880,2,29859,train
2-7881,2,29859,train
2-7882,2,29859,train
2-7883,2,29859,train
2-7884,2,29859,train
2-7885,2,29859,train
2-7886,2,29859,train
2-7887,2,29859,train
2-7888,2,29859,train
2-7889,2,29859,train
2-7890,2,29859,train
2-7891,2,29859,train
2-7892,2,29859,train
2-7893,2,29859,train
2-7894,2,29859,train
2-7895,2,29859,train
2-7896,2,29859,train
2-7897,2,29859,train
2-7898,2,29859,train
2-7899,2,29859,train
2-7900,2,29859,train
2-7901,2,29859,train
2-7902,2,29859,train
2-7903,2,29859,train
2-7904,2,29859,train
2-7905,2,29859,train
2-7906,2,29859,train
2-7907,2,29859,train
2-7908,2,29859,train
2-7909,2,29859,train
2-7910,2,29859,train
2-7911,2,29859,train
2-7912,2,29859,train
2-7913,2,29859,train
2-7914,2,29859,train
2-7915,2,29859,train
2-7916,2,29859,train
2-7917,2,29859,train
2-7918,2,29859,train
2-7919,2,29859,train
2-7920,2,29859,train
2-7921,2,29859,train
2-7922,2,29859,train
2-7923,2,29859,train
2-7924,2,29859,train
2-7925,2,29859,train
2-7926,2,29859,train
2-7927,2,29859,train
2-7928,2,29859,train
2-7929,2,29859,train
2-7930,2,29859,train
2-7931,2,29859,train
2-7932,2,29859,train
2-7933,2,29859,train
2-7934,2,29859,train
2-7935,2,29859,train
2-7936,2,29859,train
2-7937,2,29859,train
2-7938,2,29859,train
2-7939,2,29859,train
2-7940,2,29859,train
2-7941,2,29859,train
2-7942,2,29859,train
2-7943,2,29859,train
2-7944,2,29859,train
2-7945,2,29859,train
2-7946,2,29859,train
2-7947,2,29859,train
2-7948,2,29859,train
2-7949,2,29859,train
2-7950,2,29859,train
2-7951,2,29859,train
2-7952,2,29859,train
2-7953,2,29859,train
2-7954,2,29859,train
2-7955,2,29859,train
2-7956,2,29859,train
2-7957,2,29859,train
2-7958,2,29859,train
2-7959,2,29859,train
2-7960,2,29859,train
2-7961,2,29859,train
2-7962,2,29859,train
2-7963,2,29859,train
2-7964,2,29859,train
2-7965,2,29859,train
2-7966,2,29859,train
2-7967,2,29859,train
2-7968,2,29859,train
2-7969,2,29859,train
2-7970,2,29859,train
2-7971,2,29859,train
2-7972,2,29859,train
2-7973,2,29859,train
2-7974,2,29859,train
2-7975,2,29859,train
2-7976,2,29859,train
2-7977,2,29859,train
2-7978,2,29859,train
2-7979,2,29859,train
2-7980,2,29859,train
2-7981,2,29859,train
2-7982,2,29859,train
2-7983,2,29859,train
2-7984,2,29859,train
2-7985,2,29859,train
2-7986,2,29859,train
2-7987,2,29859,train
2-7988,2,29859,train
2-7989,2,29859,train
2-7990,2,29859,train
2-7991,2,29859,train
2-7992,2,29859,train
2-7993,2,29859,train
2-7994,2,29859,train
2-7995,2,29859,train
2-7996,2,29859,train
2-7997,2,29859,train
2-7998,2,29859,train
2-7999,2,29859,train
2-8000,2,29859,train
2-8001,2,29859,train
2-8002,2,29859,train
2-8003,2,29859,train
2-8004,2,29859,train
2-8005,2,29859,train
2-8006,2,29859,train
2-8007,2,29859,train
2-8008,2,29859,train
2-8009,2,29859,train
2-8010,2,29859,train
2-8011,2,29859,train
2-8012,2,29859,train
2-8013,2,29859,train
2-8014,2,29859,train
2-8015,2,29859,train
2-8016,2,29859,train
2-8017,2,29859,train
2-8018,2,29859,train
2-8019,2,29859,train
2-8020,2,29859,train
2-8021,2,29859,train
2-8022,2,29859,train
2-8023,2,29859,train
2-8024,2,29859,train
2-8025,2,29859,train
2-8026,2,29859,train
2-8027,2,29859,train
2-8028,2,29859,train
2-8029,2,29859,train
2-8030,2,29859,train
2-8031,2,29859,train
2-8032,2,29859,train
2-8033,2,29859,train
2-8034,2,29859,train
2-8035,2,29859,train
2-8036,2,29859,train
2-8037,2,29859,train
2-8038,2,29859,train
2-8039,2,29859,train
2-8040,2,29859,train
2-8041,2,29859,train
2-8042,2,29859,train
2-8043,2,29859,train
2-8044,2,29859,train
2-8045,2,29859,train
2-8046,2,29859,train
2-8047,2,29859,train
2-8048,2,29859,train
2-8049,2,29859,train
2-8050,2,29859,train
2-8051,2,29859,train
2-8052,2,29859,train
2-8053,2,29859,train
2-8054,2,29859,train
2-8055,2,29859,train
2-8056,2,29859,train
2-8057,2,29859,train
2-8058,2,29859,train
2-8059,2,29859,train
2-8060,2,29859,train
2-8061,2,29859,train
2-8062,2,29859,train
2-8063,2,29859,train
2-8064,2,29859,train
2-8065,2,29859,train
2-8066,2,29859,train
2-8067,2,29859,train
2-8068,2,29859,train
2-8069,2,29859,train
2-8070,2,29859,train
2-8071,2,29859,train
2-8072,2,29859,train
2-8073,2,29859,train
2-8074,2,29859,train
2-8075,2,29859,train
2-8076,2,29859,train
2-8077,2,29859,train
2-8078,2,29859,train
2-8079,2,29859,train
2-8080,2,29859,train
2-8081,2,29859,train
2-8082,2,29859,train
2-8083,2,29859,train
2-8084,2,29859,train
2-8085,2,29859,train
2-8086,2,29859,train
2-8087,2,29859,train
2-8088,2,29859,train
2-8089,2,29859,train
2-8090,2,29859,train
2-8091,2,29859,train
2-8092,2,29859,train
2-8093,2,29859,train
2-8094,2,29859,train
2-8095,2,29859,train
2-8096,2,29859,train
2-8097,2,29859,train
2-8098,2,29859,train
2-8099,2,29859,train
2-8100,2,29859,train
2-8101,2,29859,train
2-8102,2,29859,train
2-8103,2,29859,train
2-8104,2,29859,train
2-8105,2,29859,train
2-8106,2,29859,train
2-8107,2,29859,train
2-8108,2,29859,train
2-8109,2,29859,train
2-8110,2,29859,train
2-8111,2,29859,train
2-8112,2,29859,train
2-8113,2,29859,train
2-8114,2,29859,train
2-8115,2,29859,train
2-8116,2,29859,train
2-8117,2,29859,train
2-8118,2,29859,train
2-8119,2,29859,train
2-8120,2,29859,train
2-8121,2,29859,train
2-8122,2,29859,train
2-8123,2,29859,train
2-8124,2,29859,train
2-8125,2,29859,train
2-8126,2,29859,train
2-8127,2,29859,train
2-8128,2,29859,train
2-8129,2,29859,train
2-8130,2,29859,train
2-8131,2,29859,train
2-8132,2,29859,train
2-8133,2,29859,train
2-8134,2,29859,train
2-8135,2,29859,train
2-8136,2,29859,train
2-8137,2,29859,train
2-8138,2,29859,train
2-8139,2,29859,train
2-8140,2,29859,train
2-8141,2,29859,train
2-8142,2,29859,train
2-8143,2,29859,train
2-8144,2,29859,train
2-8145,2,29859,train
2-8146,2,29859,train
2-8147,2,29859,train
2-8148,2,29859,train
2-8149,2,29859,train
2-8150,2,29859,train
2-8151,2,29859,train
2-8152,2,29859,train
2-8153,2,29859,train
2-8154,2,29859,train
2-8155,2,29859,train
2-8156,2,29859,train
2-8157,2,29859,train
2-8158,2,29859,train
2-8159,2,29859,train
2-8160,2,29859,train
2-8161,2,29859,train
2-8162,2,29859,train
2-8163,2,29859,train
2-8164,2,29859,train
2-8165,2,29859,train
2-8166,2,29859,train
2-8167,2,29859,train
2-8168,2,29859,train
2-8169,2,29859,train
2-8170,2,29859,train
2-8171,2,29859,train
2-8172,2,29859,train
2-8173,2,29859,train
2-8174,2,29859,train
2-8175,2,29859,train
2-8176,2,29859,train
2-8177,2,29859,train
2-8178,2,29859,train
2-8179,2,29859,train
2-8180,2,29859,train
2-8181,2,29859,train
2-8182,2,29859,train
2-8183,2,29859,train
2-8184,2,29859,train
2-8185,2,29859,train
2-8186,2,29859,train
2-8187,2,29859,train
2-8188,2,29859,train
2-8189,2,29859,train
2-8190,2,29859,train
2-8191,2,29859,train
2-8192,2,29859,train
2-8193,2,29859,train
2-8194,2,29859,train
2-8195,2,29859,train
2-8196,2,29859,train
2-8197,2,29859,train
2-8198,2,29859,train
2-8199,2,29859,train
2-8200,2,29859,train
2-8201,2,29859,train
2-8202,2,29859,train
2-8203,2,29859,train
2-8204,2,29859,train
2-8205,2,29859,train
2-8206,2,29859,train
2-8207,2,29859,train
2-8208,2,29859,train
2-8209,2,29859,train
2-8210,2,29859,train
2-8211,2,29859,train
2-8212,2,29859,train
2-8213,2,29859,train
2-8214,2,29859,train
2-8215,2,29859,train
2-8216,2,29859,train
2-8217,2,29859,train
2-8218,2,29859,train
2-8219,2,29859,train
2-8220,2,29859,train
2-8221,2,29859,train
2-8222,2,29859,train
2-8223,2,29859,train
2-8224,2,29859,train
2-8225,2,29859,train
2-8226,2,29859,train
2-8227,2,29859,train
2-8228,2,29859,train
2-8229,2,29859,train
2-8230,2,29859,train
2-8231,2,29859,train
2-8232,2,29859,train
2-8233,2,29859,train
2-8234,2,29859,train
2-8235,2,29859,train
2-8236,2,29859,train
2-8237,2,29859,train
2-8238,2,29859,train
2-8239,2,29859,train
2-8240,2,29859,train
2-8241,2,29859,train
2-8242,2,29859,train
2-8243,2,29859,train
2-8244,2,29859,train
2-8245,2,29859,train
2-8246,2,29859,train
2-8247,2,29859,train
2-8248,2,29859,train
2-8249,2,29859,train
2-8250,2,29859,train
2-8251,2,29859,train
2-8252,2,29859,train
2-8253,2,29859,train
2-8254,2,29859,train
2-8255,2,29859,train
2-8256,2,29859,train
2-8257,2,29859,train
2-8258,2,29859,train
2-8259,2,29859,train
2-8260,2,29859,train
2-8261,2,29859,train
2-8262,2,29859,train
2-8263,2,29859,train
2-8264,2,29859,train
2-8265,2,29859,train
2-8266,2,29859,train
2-8267,2,29859,train
2-8268,2,29859,train
2-8269,2,29859,train
2-8270,2,29859,train
2-8271,2,29859,train
2-8272,2,29859,train
2-8273,2,29859,train
2-8274,2,29859,train
2-8275,2,29859,train
2-8276,2,29859,train
2-8277,2,29859,train
2-8278,2,29859,train
2-8279,2,29859,train
2-8280,2,29859,train
2-8281,2,29859,train
2-8282,2,29859,train
2-8283,2,29859,train
2-8284,2,29859,train
2-8285,2,29859,train
2-8286,2,29859,train
2-8287,2,29859,train
2-8288,2,29859,train
2-8289,2,29859,train
2-8290,2,29859,train
2-8291,2,29859,train
2-8292,2,29859,train
2-8293,2,29859,train
2-8294,2,29859,train
2-8295,2,29859,train
2-8296,2,29859,train
2-8297,2,29859,train
2-8298,2,29859,train
2-8299,2,29859,train
2-8300,2,29859,train
2-8301,2,29859,train
2-8302,2,29859,train
2-8303,2,29859,train
2-8304,2,29859,train
2-8305,2,29859,train
2-8306,2,29859,train
2-8307,2,29859,train
2-8308,2,29859,train
2-8309,2,29859,train
2-8310,2,29859,train
2-8311,2,29859,train
2-8312,2,29859,train
2-8313,2,29859,train
2-8314,2,29859,train
2-8315,2,29859,train
2-8316,2,29859,train
2-8317,2,29859,train
2-8318,2,29859,train
2-8319,2,29859,train
2-8320,2,29859,train
2-8321,2,29859,train
2-8322,2,29859,train
2-8323,2,29859,train
2-8324,2,29859,train
2-8325,2,29859,train
2-8326,2,29859,train
2-8327,2,29859,train
2-8328,2,29859,train
2-8329,2,29859,train
2-8330,2,29859,train
2-8331,2,29859,train
2-8332,2,29859,train
2-8333,2,29859,train
2-8334,2,29859,train
2-8335,2,29859,train
2-8336,2,29859,train
2-8337,2,29859,train
2-8338,2,29859,train
2-8339,2,29859,train
2-8340,2,29859,train
2-8341,2,29859,train
2-8342,2,29859,train
2-8343,2,29859,train
2-8344,2,29859,train
2-8345,2,29859,train
2-8346,2,29859,train
2-8347,2,29859,train
2-8348,2,29859,train
2-8349,2,29859,train
2-8350,2,29859,train
2-8351,2,29859,train
2-8352,2,29859,train
2-8353,2,29859,train
2-8354,2,29859,train
2-8355,2,29859,train
2-8356,2,29859,train
2-8357,2,29859,train
2-8358,2,29859,train
2-8359,2,29859,train
2-8360,2,29859,train
2-8361,2,29859,train
2-8362,2,29859,train
2-8363,2,29859,train
2-8364,2,29859,train
2-8365,2,29859,train
2-8366,2,29859,train
2-8367,2,29859,train
2-8368,2,29859,train
2-8369,2,29859,train
2-8370,2,29859,train
2-8371,2,29859,train
2-8372,2,29859,train
2-8373,2,29859,train
2-8374,2,29859,train
2-8375,2,29859,train
2-8376,2,29859,train
2-8377,2,29859,train
2-8378,2,29859,train
2-8379,2,29859,train
2-8380,2,29859,train
2-8381,2,29859,train
2-8382,2,29859,train
2-8383,2,29859,train
2-8384,2,29859,train
2-8385,2,29859,train
2-8386,2,29859,train
2-8387,2,29859,train
2-8388,2,29859,train
2-8389,2,29859,train
2-8390,2,29859,train
2-8391,2,29859,train
2-8392,2,29859,train
2-8393,2,29859,train
2-8394,2,29859,train
2-8395,2,29859,train
2-8396,2,29859,train
2-8397,2,29859,train
2-8398,2,29859,train
2-8399,2,29859,train
2-8400,2,29859,train
2-8401,2,29859,train
2-8402,2,29859,train
2-8403,2,29859,train
2-8404,2,29859,train
2-8405,2,29859,train
2-8406,2,29859,train
2-8407,2,29859,train
2-8408,2,29859,train
2-8409,2,29859,train
2-8410,2,29859,train
2-8411,2,29859,train
2-8412,2,29859,train
2-8413,2,29859,train
2-8414,2,29859,train
2-8415,2,29859,train
2-8416,2,29859,train
2-8417,2,29859,train
2-8418,2,29859,train
2-8419,2,29859,train
2-8420,2,29859,train
2-8421,2,29859,train
2-8422,2,29859,train
2-8423,2,29859,train
2-8424,2,29859,train
2-8425,2,29859,train
2-8426,2,29859,train
2-8427,2,29859,train
2-8428,2,29859,train
2-8429,2,29859,train
2-8430,2,29859,train
2-8431,2,29859,train
2-8432,2,29859,train
2-8433,2,29859,train
2-8434,2,29859,train
2-8435,2,29859,train
2-8436,2,29859,train
2-8437,2,29859,train
2-8438,2,29859,train
2-8439,2,29859,train
2-8440,2,29859,train
2-8441,2,29859,train
2-8442,2,29859,train
2-8443,2,29859,train
2-8444,2,29859,train
2-8445,2,29859,train
2-8446,2,29859,train
2-8447,2,29859,train
2-8448,2,29859,train
2-8449,2,29859,train
2-8450,2,29859,train
2-8451,2,29859,train
2-8452,2,29859,train
2-8453,2,29859,train
2-8454,2,29859,train
2-8455,2,29859,train
2-8456,2,29859,train
2-8457,2,29859,train
2-8458,2,29859,train
2-8459,2,29859,train
2-8460,2,29859,train
2-8461,2,29859,train
2-8462,2,29859,train
2-8463,2,29859,train
2-8464,2,29859,train
2-8465,2,29859,train
2-8466,2,29859,train
2-8467,2,29859,train
2-8468,2,29859,train
2-8469,2,29859,train
2-8470,2,29859,train
2-8471,2,29859,train
2-8472,2,29859,train
2-8473,2,29859,train
2-8474,2,29859,train
2-8475,2,29859,train
2-8476,2,29859,train
2-8477,2,29859,train
2-8478,2,29859,train
2-8479,2,29859,train
2-8480,2,29859,train
2-8481,2,29859,train
2-8482,2,29859,train
2-8483,2,29859,train
2-8484,2,29859,train
2-8485,2,29859,train
2-8486,2,29859,train
2-8487,2,29859,train
2-8488,2,29859,train
2-8489,2,29859,train
2-8490,2,29859,train
2-8491,2,29859,train
2-8492,2,29859,train
2-8493,2,29859,train
2-8494,2,29859,train
2-8495,2,29859,train
2-8496,2,29859,train
2-8497,2,29859,train
2-8498,2,29859,train
2-8499,2,29859,train
2-8500,2,29859,train
2-8501,2,29859,train
2-8502,2,29859,train
2-8503,2,29859,train
2-8504,2,29859,train
2-8505,2,29859,train
2-8506,2,29859,train
2-8507,2,29859,train
2-8508,2,29859,train
2-8509,2,29859,train
2-8510,2,29859,train
2-8511,2,29859,train
2-8512,2,29859,train
2-8513,2,29859,train
2-8514,2,29859,train
2-8515,2,29859,train
2-8516,2,29859,train
2-8517,2,29859,train
2-8518,2,29859,train
2-8519,2,29859,train
2-8520,2,29859,train
2-8521,2,29859,train
2-8522,2,29859,train
2-8523,2,29859,train
2-8524,2,29859,train
2-8525,2,29859,train
2-8526,2,29859,train
2-8527,2,29859,train
2-8528,2,29859,train
2-8529,2,29859,train
2-8530,2,29859,train
2-8531,2,29859,train
2-8532,2,29859,train
2-8533,2,29859,train
2-8534,2,29859,train
2-8535,2,29859,train
2-8536,2,29859,train
2-8537,2,29859,train
2-8538,2,29859,train
2-8539,2,29859,train
2-8540,2,29859,train
2-8541,2,29859,train
2-8542,2,29859,train
2-8543,2,29859,train
2-8544,2,29859,train
2-8545,2,29859,train
2-8546,2,29859,train
2-8547,2,29859,train
2-8548,2,29859,train
2-8549,2,29859,train
2-8550,2,29859,train
2-8551,2,29859,train
2-8552,2,29859,train
2-8553,2,29859,train
2-8554,2,29859,train
2-8555,2,29859,train
2-8556,2,29859,train
2-8557,2,29859,train
2-8558,2,29859,train
2-8559,2,29859,train
2-8560,2,29859,train
2-8561,2,29859,train
2-8562,2,29859,train
2-8563,2,29859,train
2-8564,2,29859,train
2-8565,2,29859,train
2-8566,2,29859,train
2-8567,2,29859,train
2-8568,2,29859,train
2-8569,2,29859,train
2-8570,2,29859,train
2-8571,2,29859,train
2-8572,2,29859,train
2-8573,2,29859,train
2-8574,2,29859,train
2-8575,2,29859,train
2-8576,2,29859,train
2-8577,2,29859,train
2-8578,2,29859,train
2-8579,2,29859,train
2-8580,2,29859,train
2-8581,2,29859,train
2-8582,2,29859,train
2-8583,2,29859,train
2-8584,2,29859,train
2-8585,2,29859,train
2-8586,2,29859,train
2-8587,2,29859,train
2-8588,2,29859,train
2-8589,2,29859,train
2-8590,2,29859,train
2-8591,2,29859,train
2-8592,2,29859,train
2-8593,2,29859,train
2-8594,2,29859,train
2-8595,2,29859,train
2-8596,2,29859,train
2-8597,2,29859,train
2-8598,2,29859,train
2-8599,2,29859,train
2-8600,2,29859,train
2-8601,2,29859,train
2-8602,2,29859,train
2-8603,2,29859,train
2-8604,2,29859,train
2-8605,2,29859,train
2-8606,2,29859,train
2-8607,2,29859,train
2-8608,2,29859,train
2-8609,2,29859,train
2-8610,2,29859,train
2-8611,2,29859,train
2-8612,2,29859,train
2-8613,2,29859,train
2-8614,2,29859,train
2-8615,2,29859,train
2-8616,2,29859,train
2-8617,2,29859,train
2-8618,2,29859,train
2-8619,2,29859,train
2-8620,2,29859,train
2-8621,2,29859,train
2-8622,2,29859,train
2-8623,2,29859,train
2-8624,2,29859,train
2-8625,2,29859,train
2-8626,2,29859,train
2-8627,2,29859,train
2-8628,2,29859,train
2-8629,2,29859,train
2-8630,2,29859,train
2-8631,2,29859,train
2-8632,2,29859,train
2-8633,2,29859,train
2-8634,2,29859,train
2-8635,2,29859,train
2-8636,2,29859,train
2-8637,2,29859,train
2-8638,2,29859,train
2-8639,2,29859,train
2-8640,2,29859,train
2-8641,2,29859,train
2-8642,2,29859,train
2-8643,2,29859,train
2-8644,2,29859,train
2-8645,2,29859,train
2-8646,2,29859,train
2-8647,2,29859,train
2-8648,2,29859,train
2-8649,2,29859,train
2-8650,2,29859,train
2-8651,2,29859,train
2-8652,2,29859,train
2-8653,2,29859,train
2-8654,2,29859,train
2-8655,2,29859,train
2-8656,2,29859,train
2-8657,2,29859,train
2-8658,2,29859,train
2-8659,2,29859,train
2-8660,2,29859,train
2-8661,2,29859,train
2-8662,2,29859,train
2-8663,2,29859,train
2-8664,2,29859,train
2-8665,2,29859,train
2-8666,2,29859,train
2-8667,2,29859,train
2-8668,2,29859,train
2-8669,2,29859,train
2-8670,2,29859,train
2-8671,2,29859,train
2-8672,2,29859,train
2-8673,2,29859,train
2-8674,2,29859,train
2-8675,2,29859,train
2-8676,2,29859,train
2-8677,2,29859,train
2-8678,2,29859,train
2-8679,2,29859,train
2-8680,2,29859,train
2-8681,2,29859,train
2-8682,2,29859,train
2-8683,2,29859,train
2-8684,2,29859,train
2-8685,2,29859,train
2-8686,2,29859,train
2-8687,2,29859,train
2-8688,2,29859,train
2-8689,2,29859,train
2-8690,2,29859,train
2-8691,2,29859,train
2-8692,2,29859,train
2-8693,2,29859,train
2-8694,2,29859,train
2-8695,2,29859,train
2-8696,2,29859,train
2-8697,2,29859,train
2-8698,2,29859,train
2-8699,2,29859,train
2-8700,2,29859,train
2-8701,2,29859,train
2-8702,2,29859,train
2-8703,2,29859,train
2-8704,2,29859,train
2-8705,2,29859,train
2-8706,2,29859,train
2-8707,2,29859,train
2-8708,2,29859,train
2-8709,2,29859,train
2-8710,2,29859,train
2-8711,2,29859,train
2-8712,2,29859,train
2-8713,2,29859,train
2-8714,2,29859,train
2-8715,2,29859,train
2-8716,2,29859,train
2-8717,2,29859,train
2-8718,2,29859,train
2-8719,2,29859,train
2-8720,2,29859,train
2-8721,2,29859,train
2-8722,2,29859,train
2-8723,2,29859,train
2-8724,2,29859,train
2-8725,2,29859,train
2-8726,2,29859,train
2-8727,2,29859,train
2-8728,2,29859,train
2-8729,2,29859,train
2-8730,2,29859,train
2-8731,2,29859,train
2-8732,2,29859,train
2-8733,2,29859,train
2-8734,2,29859,train
2-8735,2,29859,train
2-8736,2,29859,train
2-8737,2,29859,train
2-8738,2,29859,train
2-8739,2,29859,train
2-8740,2,29859,train
2-8741,2,29859,train
2-8742,2,29859,train
2-8743,2,29859,train
2-8744,2,29859,train
2-8745,2,29859,train
2-8746,2,29859,train
2-8747,2,29859,train
2-8748,2,29859,train
2-8749,2,29859,train
2-8750,2,29859,train
2-8751,2,29859,train
2-8752,2,29859,train
2-8753,2,29859,train
2-8754,2,29859,train
2-8755,2,29859,train
2-8756,2,29859,train
2-8757,2,29859,train
2-8758,2,29859,train
2-8759,2,29859,train
2-8760,2,29859,train
2-8761,2,29859,train
2-8762,2,29859,train
2-8763,2,29859,train
2-8764,2,29859,train
2-8765,2,29859,train
2-8766,2,29859,train
2-8767,2,29859,train
2-8768,2,29859,train
2-8769,2,29859,train
2-8770,2,29859,train
2-8771,2,29859,train
2-8772,2,29859,train
2-8773,2,29859,train
2-8774,2,29859,train
2-8775,2,29859,train
2-8776,2,29859,train
2-8777,2,29859,train
2-8778,2,29859,train
2-8779,2,29859,train
2-8780,2,29859,train
2-8781,2,29859,train
2-8782,2,29859,train
2-8783,2,29859,train
2-8784,2,29859,train
2-8785,2,29859,train
2-8786,2,29859,train
2-8787,2,29859,train
2-8788,2,29859,train
2-8789,2,29859,train
2-8790,2,29859,train
2-8791,2,29859,train
2-8792,2,29859,train
2-8793,2,29859,train
2-8794,2,29859,train
2-8795,2,29859,train
2-8796,2,29859,train
2-8797,2,29859,train
2-8798,2,29859,train
2-8799,2,29859,train
2-8800,2,29859,train
2-8801,2,29859,train
2-8802,2,29859,train
2-8803,2,29859,train
2-8804,2,29859,train
2-8805,2,29859,train
2-8806,2,29859,train
2-8807,2,29859,train
2-8808,2,29859,train
2-8809,2,29859,train
2-8810,2,29859,train
2-8811,2,29859,train
2-8812,2,29859,train
2-8813,2,29859,train
2-8814,2,29859,train
2-8815,2,29859,train
2-8816,2,29859,train
2-8817,2,29859,train
2-8818,2,29859,train
2-8819,2,29859,train
2-8820,2,29859,train
2-8821,2,29859,train
2-8822,2,29859,train
2-8823,2,29859,train
2-8824,2,29859,train
2-8825,2,29859,train
2-8826,2,29859,train
2-8827,2,29859,train
2-8828,2,29859,train
2-8829,2,29859,train
2-8830,2,29859,train
2-8831,2,29859,train
2-8832,2,29859,train
2-8833,2,29859,train
2-8834,2,29859,train
2-8835,2,29859,train
2-8836,2,29859,train
2-8837,2,29859,train
2-8838,2,29859,train
2-8839,2,29859,train
2-8840,2,29859,train
2-8841,2,29859,train
2-8842,2,29859,train
2-8843,2,29859,train
2-8844,2,29859,train
2-8845,2,29859,train
2-8846,2,29859,train
2-8847,2,29859,train
2-8848,2,29859,train
2-8849,2,29859,train
2-8850,2,29859,train
2-8851,2,29859,train
2-8852,2,29859,train
2-8853,2,29859,train
2-8854,2,29859,train
2-8855,2,29859,train
2-8856,2,29859,train
2-8857,2,29859,train
2-8858,2,29859,train
2-8859,2,29859,train
2-8860,2,29859,train
2-8861,2,29859,train
2-8862,2,29859,train
2-8863,2,29859,train
2-8864,2,29859,train
2-8865,2,29859,train
2-8866,2,29859,train
2-8867,2,29859,train
2-8868,2,29859,train
2-8869,2,29859,train
2-8870,2,29859,train
2-8871,2,29859,train
2-8872,2,29859,train
2-8873,2,29859,train
2-8874,2,29859,train
2-8875,2,29859,train
2-8876,2,29859,train
2-8877,2,29859,train
2-8878,2,29859,train
2-8879,2,29859,train
2-8880,2,29859,train
2-8881,2,29859,train
2-8882,2,29859,train
2-8883,2,29859,train
2-8884,2,29859,train
2-8885,2,29859,train
2-8886,2,29859,train
2-8887,2,29859,train
2-8888,2,29859,train
2-8889,2,29859,train
2-8890,2,29859,train
2-8891,2,29859,train
2-8892,2,29859,train
2-8893,2,29859,train
2-8894,2,29859,train
2-8895,2,29859,train
2-8896,2,29859,train
2-8897,2,29859,train
2-8898,2,29859,train
2-8899,2,29859,train
2-8900,2,29859,train
2-8901,2,29859,train
2-8902,2,29859,train
2-8903,2,29859,train
2-8904,2,29859,train
2-8905,2,29859,train
2-8906,2,29859,train
2-8907,2,29859,train
2-8908,2,29859,train
2-8909,2,29859,train
2-8910,2,29859,train
2-8911,2,29859,train
2-8912,2,29859,train
2-8913,2,29859,train
2-8914,2,29859,train
2-8915,2,29859,train
2-8916,2,29859,train
2-8917,2,29859,train
2-8918,2,29859,train
2-8919,2,29859,train
2-8920,2,29859,train
2-8921,2,29859,train
2-8922,2,29859,train
2-8923,2,29859,train
2-8924,2,29859,train
2-8925,2,29859,train
2-8926,2,29859,train
2-8927,2,29859,train
2-8928,2,29859,train
2-8929,2,29859,train
2-8930,2,29859,train
2-8931,2,29859,train
2-8932,2,29859,train
2-8933,2,29859,train
2-8934,2,29859,train
2-8935,2,29859,train
2-8936,2,29859,train
2-8937,2,29859,train
2-8938,2,29859,train
2-8939,2,29859,train
2-8940,2,29859,train
2-8941,2,29859,train
2-8942,2,29859,train
2-8943,2,29859,train
2-8944,2,29859,train
2-8945,2,29859,train
2-8946,2,29859,train
2-8947,2,29859,train
2-8948,2,29859,train
2-8949,2,29859,train
2-8950,2,29859,train
2-8951,2,29859,train
2-8952,2,29859,train
2-8953,2,29859,train
2-8954,2,29859,train
2-8955,2,29859,train
2-8956,2,29859,train
2-8957,2,29859,train
2-8958,2,29859,train
2-8959,2,29859,train
2-8960,2,29859,train
2-8961,2,29859,train
2-8962,2,29859,train
2-8963,2,29859,train
2-8964,2,29859,train
2-8965,2,29859,train
2-8966,2,29859,train
2-8967,2,29859,train
2-8968,2,29859,train
2-8969,2,29859,train
2-8970,2,29859,train
2-8971,2,29859,train
2-8972,2,29859,train
2-8973,2,29859,train
2-8974,2,29859,train
2-8975,2,29859,train
2-8976,2,29859,train
2-8977,2,29859,train
2-8978,2,29859,train
2-8979,2,29859,train
2-8980,2,29859,train
2-8981,2,29859,train
2-8982,2,29859,train
2-8983,2,29859,train
2-8984,2,29859,train
2-8985,2,29859,train
2-8986,2,29859,train
2-8987,2,29859,train
2-8988,2,29859,train
2-8989,2,29859,train
2-8990,2,29859,train
2-8991,2,29859,train
2-8992,2,29859,train
2-8993,2,29859,train
2-8994,2,29859,train
2-8995,2,29859,train
2-8996,2,29859,train
2-8997,2,29859,train
2-8998,2,29859,train
2-8999,2,29859,train
2-9000,2,29859,train
2-9001,2,29859,train
2-9002,2,29859,train
2-9003,2,29859,train
2-9004,2,29859,train
2-9005,2,29859,train
2-9006,2,29859,train
2-9007,2,29859,train
2-9008,2,29859,train
2-9009,2,29859,train
2-9010,2,29859,train
2-9011,2,29859,train
2-9012,2,29859,train
2-9013,2,29859,train
2-9014,2,29859,train
2-9015,2,29859,train
2-9016,2,29859,train
2-9017,2,29859,train
2-9018,2,29859,train
2-9019,2,29859,train
2-9020,2,29859,train
2-9021,2,29859,train
2-9022,2,29859,train
2-9023,2,29859,train
2-9024,2,29859,train
2-9025,2,29859,train
2-9026,2,29859,train
2-9027,2,29859,train
2-9028,2,29859,train
2-9029,2,29859,train
2-9030,2,29859,train
2-9031,2,29859,train
2-9032,2,29859,train
2-9033,2,29859,train
2-9034,2,29859,train
2-9035,2,29859,train
2-9036,2,29859,train
2-9037,2,29859,train
2-9038,2,29859,train
2-9039,2,29859,train
2-9040,2,29859,train
2-9041,2,29859,train
2-9042,2,29859,train
2-9043,2,29859,train
2-9044,2,29859,train
2-9045,2,29859,train
2-9046,2,29859,train
2-9047,2,29859,train
2-9048,2,29859,train
2-9049,2,29859,train
2-9050,2,29859,train
2-9051,2,29859,train
2-9052,2,29859,train
2-9053,2,29859,train
2-9054,2,29859,train
2-9055,2,29859,train
2-9056,2,29859,train
2-9057,2,29859,train
2-9058,2,29859,train
2-9059,2,29859,train
2-9060,2,29859,train
2-9061,2,29859,train
2-9062,2,29859,train
2-9063,2,29859,train
2-9064,2,29859,train
2-9065,2,29859,train
2-9066,2,29859,train
2-9067,2,29859,train
2-9068,2,29859,train
2-9069,2,29859,train
2-9070,2,29859,train
2-9071,2,29859,train
2-9072,2,29859,train
2-9073,2,29859,train
2-9074,2,29859,train
2-9075,2,29859,train
2-9076,2,29859,train
2-9077,2,29859,train
2-9078,2,29859,train
2-9079,2,29859,train
2-9080,2,29859,train
2-9081,2,29859,train
2-9082,2,29859,train
2-9083,2,29859,train
2-9084,2,29859,train
2-9085,2,29859,train
2-9086,2,29859,train
2-9087,2,29859,train
2-9088,2,29859,train
2-9089,2,29859,train
2-9090,2,29859,train
2-9091,2,29859,train
2-9092,2,29859,train
2-9093,2,29859,train
2-9094,2,29859,train
2-9095,2,29859,train
2-9096,2,29859,train
2-9097,2,29859,train
2-9098,2,29859,train
2-9099,2,29859,train
2-9100,2,29859,train
2-9101,2,29859,train
2-9102,2,29859,train
2-9103,2,29859,train
2-9104,2,29859,train
2-9105,2,29859,train
2-9106,2,29859,train
2-9107,2,29859,train
2-9108,2,29859,train
2-9109,2,29859,train
2-9110,2,29859,train
2-9111,2,29859,train
2-9112,2,29859,train
2-9113,2,29859,train
2-9114,2,29859,train
2-9115,2,29859,train
2-9116,2,29859,train
2-9117,2,29859,train
2-9118,2,29859,train
2-9119,2,29859,train
2-9120,2,29859,train
2-9121,2,29859,train
2-9122,2,29859,train
2-9123,2,29859,train
2-9124,2,29859,train
2-9125,2,29859,train
2-9126,2,29859,train
2-9127,2,29859,train
2-9128,2,29859,train
2-9129,2,29859,train
2-9130,2,29859,train
2-9131,2,29859,train
2-9132,2,29859,train
2-9133,2,29859,train
2-9134,2,29859,train
2-9135,2,29859,train
2-9136,2,29859,train
2-9137,2,29859,train
2-9138,2,29859,train
2-9139,2,29859,train
2-9140,2,29859,train
2-9141,2,29859,train
2-9142,2,29859,train
2-9143,2,29859,train
2-9144,2,29859,train
2-9145,2,29859,train
2-9146,2,29859,train
2-9147,2,29859,train
2-9148,2,29859,train
2-9149,2,29859,train
2-9150,2,29859,train
2-9151,2,29859,train
2-9152,2,29859,train
2-9153,2,29859,train
2-9154,2,29859,train
2-9155,2,29859,train
2-9156,2,29859,train
2-9157,2,29859,train
2-9158,2,29859,train
2-9159,2,29859,train
2-9160,2,29859,train
2-9161,2,29859,train
2-9162,2,29859,train
2-9163,2,29859,train
2-9164,2,29859,train
2-9165,2,29859,train
2-9166,2,29859,train
2-9167,2,29859,train
2-9168,2,29859,train
2-9169,2,29859,train
2-9170,2,29859,train
2-9171,2,29859,train
2-9172,2,29859,train
2-9173,2,29859,train
2-9174,2,29859,train
2-9175,2,29859,train
2-9176,2,29859,train
2-9177,2,29859,train
2-9178,2,29859,train
2-9179,2,29859,train
2-9180,2,29859,train
2-9181,2,29859,train
2-9182,2,29859,train
2-9183,2,29859,train
2-9184,2,29859,train
2-9185,2,29859,train
2-9186,2,29859,train
2-9187,2,29859,train
2-9188,2,29859,train
2-9189,2,29859,train
2-9190,2,29859,train
2-9191,2,29859,train
2-9192,2,29859,train
2-9193,2,29859,train
2-9194,2,29859,train
2-9195,2,29859,train
2-9196,2,29859,train
2-9197,2,29859,train
2-9198,2,29859,train
2-9199,2,29859,train
2-9200,2,29859,train
2-9201,2,29859,train
2-9202,2,29859,train
2-9203,2,29859,train
2-9204,2,29859,train
2-9205,2,29859,train
2-9206,2,29859,train
2-9207,2,29859,train
2-9208,2,29859,train
2-9209,2,29859,train
2-9210,2,29859,train
2-9211,2,29859,train
2-9212,2,29859,train
2-9213,2,29859,train
2-9214,2,29859,train
2-9215,2,29859,train
2-9216,2,29859,train
2-9217,2,29859,train
2-9218,2,29859,train
2-9219,2,29859,train
2-9220,2,29859,train
2-9221,2,29859,train
2-9222,2,29859,train
2-9223,2,29859,train
2-9224,2,29859,train
2-9225,2,29859,train
2-9226,2,29859,train
2-9227,2,29859,train
2-9228,2,29859,train
2-9229,2,29859,train
2-9230,2,29859,train
2-9231,2,29859,train
2-9232,2,29859,train
2-9233,2,29859,train
2-9234,2,29859,train
2-9235,2,29859,train
2-9236,2,29859,train
2-9237,2,29859,train
2-9238,2,29859,train
2-9239,2,29859,train
2-9240,2,29859,train
2-9241,2,29859,train
2-9242,2,29859,train
2-9243,2,29859,train
2-9244,2,29859,train
2-9245,2,29859,train
2-9246,2,29859,train
2-9247,2,29859,train
2-9248,2,29859,train
2-9249,2,29859,train
2-9250,2,29859,train
2-9251,2,29859,train
2-9252,2,29859,train
2-9253,2,29859,train
2-9254,2,29859,train
2-9255,2,29859,train
2-9256,2,29859,train
2-9257,2,29859,train
2-9258,2,29859,train
2-9259,2,29859,train
2-9260,2,29859,train
2-9261,2,29859,train
2-9262,2,29859,train
2-9263,2,29859,train
2-9264,2,29859,train
2-9265,2,29859,train
2-9266,2,29859,train
2-9267,2,29859,train
2-9268,2,29859,train
2-9269,2,29859,train
2-9270,2,29859,train
2-9271,2,29859,train
2-9272,2,29859,train
2-9273,2,29859,train
2-9274,2,29859,train
2-9275,2,29859,train
2-9276,2,29859,train
2-9277,2,29859,train
2-9278,2,29859,train
2-9279,2,29859,train
2-9280,2,29859,train
2-9281,2,29859,train
2-9282,2,29859,train
2-9283,2,29859,train
2-9284,2,29859,train
2-9285,2,29859,train
2-9286,2,29859,train
2-9287,2,29859,train
2-9288,2,29859,train
2-9289,2,29859,train
2-9290,2,29859,train
2-9291,2,29859,train
2-9292,2,29859,train
2-9293,2,29859,train
2-9294,2,29859,train
2-9295,2,29859,train
2-9296,2,29859,train
2-9297,2,29859,train
2-9298,2,29859,train
2-9299,2,29859,train
2-9300,2,29859,train
2-9301,2,29859,train
2-9302,2,29859,train
2-9303,2,29859,train
2-9304,2,29859,train
2-9305,2,29859,train
2-9306,2,29859,train
2-9307,2,29859,train
2-9308,2,29859,train
2-9309,2,29859,train
2-9310,2,29859,train
2-9311,2,29859,train
2-9312,2,29859,train
2-9313,2,29859,train
2-9314,2,29859,train
2-9315,2,29859,train
2-9316,2,29859,train
2-9317,2,29859,train
2-9318,2,29859,train
2-9319,2,29859,train
2-9320,2,29859,train
2-9321,2,29859,train
2-9322,2,29859,train
2-9323,2,29859,train
2-9324,2,29859,train
2-9325,2,29859,train
2-9326,2,29859,train
2-9327,2,29859,train
2-9328,2,29859,train
2-9329,2,29859,train
2-9330,2,29859,train
2-9331,2,29859,train
2-9332,2,29859,train
2-9333,2,29859,train
2-9334,2,29859,train
2-9335,2,29859,train
2-9336,2,29859,train
2-9337,2,29859,train
2-9338,2,29859,train
2-9339,2,29859,train
2-9340,2,29859,train
2-9341,2,29859,train
2-9342,2,29859,train
2-9343,2,29859,train
2-9344,2,29859,train
2-9345,2,29859,train
2-9346,2,29859,train
2-9347,2,29859,train
2-9348,2,29859,train
2-9349,2,29859,train
2-9350,2,29859,train
2-9351,2,29859,train
2-9352,2,29859,train
2-9353,2,29859,train
2-9354,2,29859,train
2-9355,2,29859,train
2-9356,2,29859,train
2-9357,2,29859,train
2-9358,2,29859,train
2-9359,2,29859,train
2-9360,2,29859,train
2-9361,2,29859,train
2-9362,2,29859,train
2-9363,2,29859,train
2-9364,2,29859,train
2-9365,2,29859,train
2-9366,2,29859,train
2-9367,2,29859,train
2-9368,2,29859,train
2-9369,2,29859,train
2-9370,2,29859,train
2-9371,2,29859,train
2-9372,2,29859,train
2-9373,2,29859,train
2-9374,2,29859,train
2-9375,2,29859,train
2-9376,2,29859,train
2-9377,2,29859,train
2-9378,2,29859,train
2-9379,2,29859,train
2-9380,2,29859,train
2-9381,2,29859,train
2-9382,2,29859,train
2-9383,2,29859,train
2-9384,2,29859,train
2-9385,2,29859,train
2-9386,2,29859,train
2-9387,2,29859,train
2-9388,2,29859,train
2-9389,2,29859,train
2-9390,2,29859,train
2-9391,2,29859,train
2-9392,2,29859,train
2-9393,2,29859,train
2-9394,2,29859,train
2-9395,2,29859,train
2-9396,2,29859,train
2-9397,2,29859,train
2-9398,2,29859,train
2-9399,2,29859,train
2-9400,2,29859,train
2-9401,2,29859,train
2-9402,2,29859,train
2-9403,2,29859,train
2-9404,2,29859,train
2-9405,2,29859,train
2-9406,2,29859,train
2-9407,2,29859,train
2-9408,2,29859,train
2-9409,2,29859,train
2-9410,2,29859,train
2-9411,2,29859,train
2-9412,2,29859,train
2-9413,2,29859,train
2-9414,2,29859,train
2-9415,2,29859,train
2-9416,2,29859,train
2-9417,2,29859,train
2-9418,2,29859,train
2-9419,2,29859,train
2-9420,2,29859,train
2-9421,2,29859,train
2-9422,2,29859,train
2-9423,2,29859,train
2-9424,2,29859,train
2-9425,2,29859,train
2-9426,2,29859,train
2-9427,2,29859,train
2-9428,2,29859,train
2-9429,2,29859,train
2-9430,2,29859,train
2-9431,2,29859,train
2-9432,2,29859,train
2-9433,2,29859,train
2-9434,2,29859,train
2-9435,2,29859,train
2-9436,2,29859,train
2-9437,2,29859,train
2-9438,2,29859,train
2-9439,2,29859,train
2-9440,2,29859,train
2-9441,2,29859,train
2-9442,2,29859,train
2-9443,2,29859,train
2-9444,2,29859,train
2-9445,2,29859,train
2-9446,2,29859,train
2-9447,2,29859,train
2-9448,2,29859,train
2-9449,2,29859,train
2-9450,2,29859,train
2-9451,2,29859,train
2-9452,2,29859,train
2-9453,2,29859,train
2-9454,2,29859,train
2-9455,2,29859,train
2-9456,2,29859,train
2-9457,2,29859,train
2-9458,2,29859,train
2-9459,2,29859,train
2-9460,2,29859,train
2-9461,2,29859,train
2-9462,2,29859,train
2-9463,2,29859,train
2-9464,2,29859,train
2-9465,2,29859,train
2-9466,2,29859,train
2-9467,2,29859,train
2-9468,2,29859,train
2-9469,2,29859,train
2-9470,2,29859,train
2-9471,2,29859,train
2-9472,2,29859,train
2-9473,2,29859,train
2-9474,2,29859,train
2-9475,2,29859,train
2-9476,2,29859,train
2-9477,2,29859,train
2-9478,2,29859,train
2-9479,2,29859,train
2-9480,2,29859,train
2-9481,2,29859,train
2-9482,2,29859,train
2-9483,2,29859,train
2-9484,2,29859,train
2-9485,2,29859,train
2-9486,2,29859,train
2-9487,2,29859,train
2-9488,2,29859,train
2-9489,2,29859,train
2-9490,2,29859,train
2-9491,2,29859,train
2-9492,2,29859,train
2-9493,2,29859,train
2-9494,2,29859,train
2-9495,2,29859,train
2-9496,2,29859,train
2-9497,2,29859,train
2-9498,2,29859,train
2-9499,2,29859,train
2-9500,2,29859,train
2-9501,2,29859,train
2-9502,2,29859,train
2-9503,2,29859,train
2-9504,2,29859,train
2-9505,2,29859,train
2-9506,2,29859,train
2-9507,2,29859,train
2-9508,2,29859,train
2-9509,2,29859,train
2-9510,2,29859,train
2-9511,2,29859,train
2-9512,2,29859,train
2-9513,2,29859,train
2-9514,2,29859,train
2-9515,2,29859,train
2-9516,2,29859,train
2-9517,2,29859,train
2-9518,2,29859,train
2-9519,2,29859,train
2-9520,2,29859,train
2-9521,2,29859,train
2-9522,2,29859,train
2-9523,2,29859,train
2-9524,2,29859,train
2-9525,2,29859,train
2-9526,2,29859,train
2-9527,2,29859,train
2-9528,2,29859,train
2-9529,2,29859,train
2-9530,2,29859,train
2-9531,2,29859,train
2-9532,2,29859,train
2-9533,2,29859,train
2-9534,2,29859,train
2-9535,2,29859,train
2-9536,2,29859,train
2-9537,2,29859,train
2-9538,2,29859,train
2-9539,2,29859,train
2-9540,2,29859,train
2-9541,2,29859,train
2-9542,2,29859,train
2-9543,2,29859,train
2-9544,2,29859,train
2-9545,2,29859,train
2-9546,2,29859,train
2-9547,2,29859,train
2-9548,2,29859,train
2-9549,2,29859,train
2-9550,2,29859,train
2-9551,2,29859,train
2-9552,2,29859,train
2-9553,2,29859,train
2-9554,2,29859,train
2-9555,2,29859,train
2-9556,2,29859,train
2-9557,2,29859,train
2-9558,2,29859,train
2-9559,2,29859,train
2-9560,2,29859,train
2-9561,2,29859,train
2-9562,2,29859,train
2-9563,2,29859,train
2-9564,2,29859,train
2-9565,2,29859,train
2-9566,2,29859,train
2-9567,2,29859,train
2-9568,2,29859,train
2-9569,2,29859,train
2-9570,2,29859,train
2-9571,2,29859,train
2-9572,2,29859,train
2-9573,2,29859,train
2-9574,2,29859,train
2-9575,2,29859,train
2-9576,2,29859,train
2-9577,2,29859,train
2-9578,2,29859,train
2-9579,2,29859,train
2-9580,2,29859,train
2-9581,2,29859,train
2-9582,2,29859,train
2-9583,2,29859,train
2-9584,2,29859,train
2-9585,2,29859,train
2-9586,2,29859,train
2-9587,2,29859,train
2-9588,2,29859,train
2-9589,2,29859,train
2-9590,2,29859,train
2-9591,2,29859,train
2-9592,2,29859,train
2-9593,2,29859,train
2-9594,2,29859,train
2-9595,2,29859,train
2-9596,2,29859,train
2-9597,2,29859,train
2-9598,2,29859,train
2-9599,2,29859,train
2-9600,2,29859,train
2-9601,2,29859,train
2-9602,2,29859,train
2-9603,2,29859,train
2-9604,2,29859,train
2-9605,2,29859,train
2-9606,2,29859,train
2-9607,2,29859,train
2-9608,2,29859,train
2-9609,2,29859,train
2-9610,2,29859,train
2-9611,2,29859,train
2-9612,2,29859,train
2-9613,2,29859,train
2-9614,2,29859,train
2-9615,2,29859,train
2-9616,2,29859,train
2-9617,2,29859,train
2-9618,2,29859,train
2-9619,2,29859,train
2-9620,2,29859,train
2-9621,2,29859,train
2-9622,2,29859,train
2-9623,2,29859,train
2-9624,2,29859,train
2-9625,2,29859,train
2-9626,2,29859,train
2-9627,2,29859,train
2-9628,2,29859,train
2-9629,2,29859,train
2-9630,2,29859,train
2-9631,2,29859,train
2-9632,2,29859,train
2-9633,2,29859,train
2-9634,2,29859,train
2-9635,2,29859,train
2-9636,2,29859,train
2-9637,2,29859,train
2-9638,2,29859,train
2-9639,2,29859,train
2-9640,2,29859,train
2-9641,2,29859,train
2-9642,2,29859,train
2-9643,2,29859,train
2-9644,2,29859,train
2-9645,2,29859,train
2-9646,2,29859,train
2-9647,2,29859,train
2-9648,2,29859,train
2-9649,2,29859,train
2-9650,2,29859,train
2-9651,2,29859,train
2-9652,2,29859,train
2-9653,2,29859,train
2-9654,2,29859,train
2-9655,2,29859,train
2-9656,2,29859,train
2-9657,2,29859,train
2-9658,2,29859,train
2-9659,2,29859,train
2-9660,2,29859,train
2-9661,2,29859,train
2-9662,2,29859,train
2-9663,2,29859,train
2-9664,2,29859,train
2-9665,2,29859,train
2-9666,2,29859,train
2-9667,2,29859,train
2-9668,2,29859,train
2-9669,2,29859,train
2-9670,2,29859,train
2-9671,2,29859,train
2-9672,2,29859,train
2-9673,2,29859,train
2-9674,2,29859,train
2-9675,2,29859,train
2-9676,2,29859,train
2-9677,2,29859,train
2-9678,2,29859,train
2-9679,2,29859,train
2-9680,2,29859,train
2-9681,2,29859,train
2-9682,2,29859,train
2-9683,2,29859,train
2-9684,2,29859,train
2-9685,2,29859,train
2-9686,2,29859,train
2-9687,2,29859,train
2-9688,2,29859,train
2-9689,2,29859,train
2-9690,2,29859,train
2-9691,2,29859,train
2-9692,2,29859,train
2-9693,2,29859,train
2-9694,2,29859,train
2-9695,2,29859,train
2-9696,2,29859,train
2-9697,2,29859,train
2-9698,2,29859,train
2-9699,2,29859,train
2-9700,2,29859,train
2-9701,2,29859,train
2-9702,2,29859,train
2-9703,2,29859,train
2-9704,2,29859,train
2-9705,2,29859,train
2-9706,2,29859,train
2-9707,2,29859,train
2-9708,2,29859,train
2-9709,2,29859,train
2-9710,2,29859,train
2-9711,2,29859,train
2-9712,2,29859,train
2-9713,2,29859,train
2-9714,2,29859,train
2-9715,2,29859,train
2-9716,2,29859,train
2-9717,2,29859,train
2-9718,2,29859,train
2-9719,2,29859,train
2-9720,2,29859,train
2-9721,2,29859,train
2-9722,2,29859,train
2-9723,2,29859,train
2-9724,2,29859,train
2-9725,2,29859,train
2-9726,2,29859,train
2-9727,2,29859,train
2-9728,2,29859,train
2-9729,2,29859,train
2-9730,2,29859,train
2-9731,2,29859,train
2-9732,2,29859,train
2-9733,2,29859,train
2-9734,2,29859,train
2-9735,2,29859,train
2-9736,2,29859,train
2-9737,2,29859,train
2-9738,2,29859,train
2-9739,2,29859,train
2-9740,2,29859,train
2-9741,2,29859,train
2-9742,2,29859,train
2-9743,2,29859,train
2-9744,2,29859,train
2-9745,2,29859,train
2-9746,2,29859,train
2-9747,2,29859,train
2-9748,2,29859,train
2-9749,2,29859,train
2-9750,2,29859,train
2-9751,2,29859,train
2-9752,2,29859,train
2-9753,2,29859,train
2-9754,2,29859,train
2-9755,2,29859,train
2-9756,2,29859,train
2-9757,2,29859,train
2-9758,2,29859,train
2-9759,2,29859,train
2-9760,2,29859,train
2-9761,2,29859,train
2-9762,2,29859,train
2-9763,2,29859,train
2-9764,2,29859,train
2-9765,2,29859,train
2-9766,2,29859,train
2-9767,2,29859,train
2-9768,2,29859,train
2-9769,2,29859,train
2-9770,2,29859,train
2-9771,2,29859,train
2-9772,2,29859,train
2-9773,2,29859,train
2-9774,2,29859,train
2-9775,2,29859,train
2-9776,2,29859,train
2-9777,2,29859,train
2-9778,2,29859,train
2-9779,2,29859,train
2-9780,2,29859,train
2-9781,2,29859,train
2-9782,2,29859,train
2-9783,2,29859,train
2-9784,2,29859,train
2-9785,2,29859,train
2-9786,2,29859,train
2-9787,2,29859,train
2-9788,2,29859,train
2-9789,2,29859,train
2-9790,2,29859,train
2-9791,2,29859,train
2-9792,2,29859,train
2-9793,2,29859,train
2-9794,2,29859,train
2-9795,2,29859,train
2-9796,2,29859,train
2-9797,2,29859,train
2-9798,2,29859,train
2-9799,2,29859,train
2-9800,2,29859,train
2-9801,2,29859,train
2-9802,2,29859,train
2-9803,2,29859,train
2-9804,2,29859,train
2-9805,2,29859,train
2-9806,2,29859,train
2-9807,2,29859,train
2-9808,2,29859,train
2-9809,2,29859,train
2-9810,2,29859,train
2-9811,2,29859,train
2-9812,2,29859,train
2-9813,2,29859,train
2-9814,2,29859,train
2-9815,2,29859,train
2-9816,2,29859,train
2-9817,2,29859,train
2-9818,2,29859,train
2-9819,2,29859,train
2-9820,2,29859,train
2-9821,2,29859,train
2-9822,2,29859,train
2-9823,2,29859,train
2-9824,2,29859,train
2-9825,2,29859,train
2-9826,2,29859,train
2-9827,2,29859,train
2-9828,2,29859,train
2-9829,2,29859,train
2-9830,2,29859,train
2-9831,2,29859,train
2-9832,2,29859,train
2-9833,2,29859,train
2-9834,2,29859,train
2-9835,2,29859,train
2-9836,2,29859,train
2-9837,2,29859,train
2-9838,2,29859,train
2-9839,2,29859,train
2-9840,2,29859,train
2-9841,2,29859,train
2-9842,2,29859,train
2-9843,2,29859,train
2-9844,2,29859,train
2-9845,2,29859,train
2-9846,2,29859,train
2-9847,2,29859,train
2-9848,2,29859,train
2-9849,2,29859,train
2-9850,2,29859,train
2-9851,2,29859,train
2-9852,2,29859,train
2-9853,2,29859,train
2-9854,2,29859,train
2-9855,2,29859,train
2-9856,2,29859,train
2-9857,2,29859,train
2-9858,2,29859,train
2-9859,2,29859,train
2-9860,2,29859,train
2-9861,2,29859,train
2-9862,2,29859,train
2-9863,2,29859,train
2-9864,2,29859,train
2-9865,2,29859,train
2-9866,2,29859,train
2-9867,2,29859,train
2-9868,2,29859,train
2-9869,2,29859,train
2-9870,2,29859,train
2-9871,2,29859,train
2-9872,2,29859,train
2-9873,2,29859,train
2-9874,2,29859,train
2-9875,2,29859,train
2-9876,2,29859,train
2-9877,2,29859,train
2-9878,2,29859,train
2-9879,2,29859,train
2-9880,2,29859,train
2-9881,2,29859,train
2-9882,2,29859,train
2-9883,2,29859,train
2-9884,2,29859,train
2-9885,2,29859,train
2-9886,2,29859,train
2-9887,2,29859,train
2-9888,2,29859,train
2-9889,2,29859,train
2-9890,2,29859,train
2-9891,2,29859,train
2-9892,2,29859,train
2-9893,2,29859,train
2-9894,2,29859,train
2-9895,2,29859,train
2-9896,2,29859,train
2-9897,2,29859,train
2-9898,2,29859,train
2-9899,2,29859,train
2-9900,2,29859,train
2-9901,2,29859,train
2-9902,2,29859,train
2-9903,2,29859,train
2-9904,2,29859,train
2-9905,2,29859,train
2-9906,2,29859,train
2-9907,2,29859,train
2-9908,2,29859,train
2-9909,2,29859,train
2-9910,2,29859,train
2-9911,2,29859,train
2-9912,2,29859,train
2-9913,2,29859,train
2-9914,2,29859,train
2-9915,2,29859,train
2-9916,2,29859,train
2-9917,2,29859,train
2-9918,2,29859,train
2-9919,2,29859,train
2-9920,2,29859,train
2-9921,2,29859,train
2-9922,2,29859,train
2-9923,2,29859,train
2-9924,2,29859,train
2-9925,2,29859,train
2-9926,2,29859,train
2-9927,2,29859,train
2-9928,2,29859,train
2-9929,2,29859,train
2-9930,2,29859,train
2-9931,2,29859,train
2-9932,2,29859,train
2-9933,2,29859,train
2-9934,2,29859,train
2-9935,2,29859,train
2-9936,2,29859,train
2-9937,2,29859,train
2-9938,2,29859,train
2-9939,2,29859,train
2-9940,2,29859,train
2-9941,2,29859,train
2-9942,2,29859,train
2-9943,2,29859,train
2-9944,2,29859,train
2-9945,2,29859,train
2-9946,2,29859,train
2-9947,2,29859,train
2-9948,2,29859,train
2-9949,2,29859,train
2-9950,2,29859,train
2-9951,2,29859,train
2-9952,2,29859,train
2-9953,2,29859,train
2-9954,2,29859,train
2-9955,2,29859,train
2-9956,2,29859,train
2-9957,2,29859,train
2-9958,2,29859,train
2-9959,2,29859,train
2-9960,2,29859,train
2-9961,2,29859,train
2-9962,2,29859,train
2-9963,2,29859,train
2-9964,2,29859,train
2-9965,2,29859,train
2-9966,2,29859,train
2-9967,2,29859,train
2-9968,2,29859,train
2-9969,2,29859,train
2-9970,2,29859,train
2-9971,2,29859,train
2-9972,2,29859,train
2-9973,2,29859,train
2-9974,2,29859,train
2-9975,2,29859,train
2-9976,2,29859,train
2-9977,2,29859,train
2-9978,2,29859,train
2-9979,2,29859,train
2-9980,2,29859,train
2-9981,2,29859,train
2-9982,2,29859,train
2-9983,2,29859,train
2-9984,2,29859,train
2-9985,2,29859,train
2-9986,2,29859,train
2-9987,2,29859,train
2-9988,2,29859,train
2-9989,2,29859,train
2-9990,2,29859,train
2-9991,2,29859,train
2-9992,2,29859,train
2-9993,2,29859,train
2-9994,2,29859,train
2-9995,2,29859,train
2-9996,2,29859,train
2-9997,2,29859,train
2-9998,2,29859,train
2-9999,2,29859,train
2-10000,2,29859,train
2-10001,2,29859,train
2-10002,2,29859,train
2-10003,2,29859,train
2-10004,2,29859,train
2-10005,2,29859,train
2-10006,2,29859,train
2-10007,2,29859,train
2-10008,2,29859,train
2-10009,2,29859,train
2-10010,2,29859,train
2-10011,2,29859,train
2-10012,2,29859,train
2-10013,2,29859,train
2-10014,2,29859,train
2-10015,2,29859,train
2-10016,2,29859,train
2-10017,2,29859,train
2-10018,2,29859,train
2-10019,2,29859,train
2-10020,2,29859,train
2-10021,2,29859,train
2-10022,2,29859,train
2-10023,2,29859,train
2-10024,2,29859,train
2-10025,2,29859,train
2-10026,2,29859,train
2-10027,2,29859,train
2-10028,2,29859,train
2-10029,2,29859,train
2-10030,2,29859,train
2-10031,2,29859,train
2-10032,2,29859,train
2-10033,2,29859,train
2-10034,2,29859,train
2-10035,2,29859,train
2-10036,2,29859,train
2-10037,2,29859,train
2-10038,2,29859,train
2-10039,2,29859,train
2-10040,2,29859,train
2-10041,2,29859,train
2-10042,2,29859,train
2-10043,2,29859,train
2-10044,2,29859,train
2-10045,2,29859,train
2-10046,2,29859,train
2-10047,2,29859,train
2-10048,2,29859,train
2-10049,2,29859,train
2-10050,2,29859,train
2-10051,2,29859,train
2-10052,2,29859,train
2-10053,2,29859,train
2-10054,2,29859,train
2-10055,2,29859,train
2-10056,2,29859,train
2-10057,2,29859,train
2-10058,2,29859,train
2-10059,2,29859,train
2-10060,2,29859,train
2-10061,2,29859,train
2-10062,2,29859,train
2-10063,2,29859,train
2-10064,2,29859,train
2-10065,2,29859,train
2-10066,2,29859,train
2-10067,2,29859,train
2-10068,2,29859,train
2-10069,2,29859,train
2-10070,2,29859,train
2-10071,2,29859,train
2-10072,2,29859,train
2-10073,2,29859,train
2-10074,2,29859,train
2-10075,2,29859,train
2-10076,2,29859,train
2-10077,2,29859,train
2-10078,2,29859,train
2-10079,2,29859,train
2-10080,2,29859,train
2-10081,2,29859,train
2-10082,2,29859,train
2-10083,2,29859,train
2-10084,2,29859,train
2-10085,2,29859,train
2-10086,2,29859,train
2-10087,2,29859,train
2-10088,2,29859,train
2-10089,2,29859,train
2-10090,2,29859,train
2-10091,2,29859,train
2-10092,2,29859,train
2-10093,2,29859,train
2-10094,2,29859,train
2-10095,2,29859,train
2-10096,2,29859,train
2-10097,2,29859,train
2-10098,2,29859,train
2-10099,2,29859,train
2-10100,2,29859,train
2-10101,2,29859,train
2-10102,2,29859,train
2-10103,2,29859,train
2-10104,2,29859,train
2-10105,2,29859,train
2-10106,2,29859,train
2-10107,2,29859,train
2-10108,2,29859,train
2-10109,2,29859,train
2-10110,2,29859,train
2-10111,2,29859,train
2-10112,2,29859,train
2-10113,2,29859,train
2-10114,2,29859,train
2-10115,2,29859,train
2-10116,2,29859,train
2-10117,2,29859,train
2-10118,2,29859,train
2-10119,2,29859,train
2-10120,2,29859,train
2-10121,2,29859,train
2-10122,2,29859,train
2-10123,2,29859,train
2-10124,2,29859,train
2-10125,2,29859,train
2-10126,2,29859,train
2-10127,2,29859,train
2-10128,2,29859,train
2-10129,2,29859,train
2-10130,2,29859,train
2-10131,2,29859,train
2-10132,2,29859,train
2-10133,2,29859,train
2-10134,2,29859,train
2-10135,2,29859,train
2-10136,2,29859,train
2-10137,2,29859,train
2-10138,2,29859,train
2-10139,2,29859,train
2-10140,2,29859,train
2-10141,2,29859,train
2-10142,2,29859,train
2-10143,2,29859,train
2-10144,2,29859,train
2-10145,2,29859,train
2-10146,2,29859,train
2-10147,2,29859,train
2-10148,2,29859,train
2-10149,2,29859,train
2-10150,2,29859,train
2-10151,2,29859,train
2-10152,2,29859,train
2-10153,2,29859,train
2-10154,2,29859,train
2-10155,2,29859,train
2-10156,2,29859,train
2-10157,2,29859,train
2-10158,2,29859,train
2-10159,2,29859,train
2-10160,2,29859,train
2-10161,2,29859,train
2-10162,2,29859,train
2-10163,2,29859,train
2-10164,2,29859,train
2-10165,2,29859,train
2-10166,2,29859,train
2-10167,2,29859,train
2-10168,2,29859,train
2-10169,2,29859,train
2-10170,2,29859,train
2-10171,2,29859,train
2-10172,2,29859,train
2-10173,2,29859,train
2-10174,2,29859,train
2-10175,2,29859,train
2-10176,2,29859,train
2-10177,2,29859,train
2-10178,2,29859,train
2-10179,2,29859,train
2-10180,2,29859,train
2-10181,2,29859,train
2-10182,2,29859,train
2-10183,2,29859,train
2-10184,2,29859,train
2-10185,2,29859,train
2-10186,2,29859,train
2-10187,2,29859,train
2-10188,2,29859,train
2-10189,2,29859,train
2-10190,2,29859,train
2-10191,2,29859,train
2-10192,2,29859,train
2-10193,2,29859,train
2-10194,2,29859,train
2-10195,2,29859,train
2-10196,2,29859,train
2-10197,2,29859,train
2-10198,2,29859,train
2-10199,2,29859,train
2-10200,2,29859,train
2-10201,2,29859,train
2-10202,2,29859,train
2-10203,2,29859,train
2-10204,2,29859,train
2-10205,2,29859,train
2-10206,2,29859,train
2-10207,2,29859,train
2-10208,2,29859,train
2-10209,2,29859,train
2-10210,2,29859,train
2-10211,2,29859,train
2-10212,2,29859,train
2-10213,2,29859,train
2-10214,2,29859,train
2-10215,2,29859,train
2-10216,2,29859,train
2-10217,2,29859,train
2-10218,2,29859,train
2-10219,2,29859,train
2-10220,2,29859,train
2-10221,2,29859,train
2-10222,2,29859,train
2-10223,2,29859,train
2-10224,2,29859,train
2-10225,2,29859,train
2-10226,2,29859,train
2-10227,2,29859,train
2-10228,2,29859,train
2-10229,2,29859,train
2-10230,2,29859,train
2-10231,2,29859,train
2-10232,2,29859,train
2-10233,2,29859,train
2-10234,2,29859,train
2-10235,2,29859,train
2-10236,2,29859,train
2-10237,2,29859,train
2-10238,2,29859,train
2-10239,2,29859,train
2-10240,2,29859,train
2-10241,2,29859,train
2-10242,2,29859,train
2-10243,2,29859,train
2-10244,2,29859,train
2-10245,2,29859,train
2-10246,2,29859,train
2-10247,2,29859,train
2-10248,2,29859,train
2-10249,2,29859,train
2-10250,2,29859,train
2-10251,2,29859,train
2-10252,2,29859,train
2-10253,2,29859,train
2-10254,2,29859,train
2-10255,2,29859,train
2-10256,2,29859,train
2-10257,2,29859,train
2-10258,2,29859,train
2-10259,2,29859,train
2-10260,2,29859,train
2-10261,2,29859,train
2-10262,2,29859,train
2-10263,2,29859,train
2-10264,2,29859,train
2-10265,2,29859,train
2-10266,2,29859,train
2-10267,2,29859,train
2-10268,2,29859,train
2-10269,2,29859,train
2-10270,2,29859,train
2-10271,2,29859,train
2-10272,2,29859,train
2-10273,2,29859,train
2-10274,2,29859,train
2-10275,2,29859,train
2-10276,2,29859,train
2-10277,2,29859,train
2-10278,2,29859,train
2-10279,2,29859,train
2-10280,2,29859,train
2-10281,2,29859,train
2-10282,2,29859,train
2-10283,2,29859,train
2-10284,2,29859,train
2-10285,2,29859,train
2-10286,2,29859,train
2-10287,2,29859,train
2-10288,2,29859,train
2-10289,2,29859,train
2-10290,2,29859,train
2-10291,2,29859,train
2-10292,2,29859,train
2-10293,2,29859,train
2-10294,2,29859,train
2-10295,2,29859,train
2-10296,2,29859,train
2-10297,2,29859,train
2-10298,2,29859,train
2-10299,2,29859,train
2-10300,2,29859,train
2-10301,2,29859,train
2-10302,2,29859,train
2-10303,2,29859,train
2-10304,2,29859,train
2-10305,2,29859,train
2-10306,2,29859,train
2-10307,2,29859,train
2-10308,2,29859,train
2-10309,2,29859,train
2-10310,2,29859,train
2-10311,2,29859,train
2-10312,2,29859,train
2-10313,2,29859,train
2-10314,2,29859,train
2-10315,2,29859,train
2-10316,2,29859,train
2-10317,2,29859,train
2-10318,2,29859,train
2-10319,2,29859,train
2-10320,2,29859,train
2-10321,2,29859,train
2-10322,2,29859,train
2-10323,2,29859,train
2-10324,2,29859,train
2-10325,2,29859,train
2-10326,2,29859,train
2-10327,2,29859,train
2-10328,2,29859,train
2-10329,2,29859,train
2-10330,2,29859,train
2-10331,2,29859,train
2-10332,2,29859,train
2-10333,2,29859,train
2-10334,2,29859,train
2-10335,2,29859,train
2-10336,2,29859,train
2-10337,2,29859,train
2-10338,2,29859,train
2-10339,2,29859,train
2-10340,2,29859,train
2-10341,2,29859,train
2-10342,2,29859,train
2-10343,2,29859,train
2-10344,2,29859,train
2-10345,2,29859,train
2-10346,2,29859,train
2-10347,2,29859,train
2-10348,2,29859,train
2-10349,2,29859,train
2-10350,2,29859,train
2-10351,2,29859,train
2-10352,2,29859,train
2-10353,2,29859,train
2-10354,2,29859,train
2-10355,2,29859,train
2-10356,2,29859,train
2-10357,2,29859,train
2-10358,2,29859,train
2-10359,2,29859,train
2-10360,2,29859,train
2-10361,2,29859,train
2-10362,2,29859,train
2-10363,2,29859,train
2-10364,2,29859,train
2-10365,2,29859,train
2-10366,2,29859,train
2-10367,2,29859,train
2-10368,2,29859,train
2-10369,2,29859,train
2-10370,2,29859,train
2-10371,2,29859,train
2-10372,2,29859,train
2-10373,2,29859,train
2-10374,2,29859,train
2-10375,2,29859,train
2-10376,2,29859,train
2-10377,2,29859,train
2-10378,2,29859,train
2-10379,2,29859,train
2-10380,2,29859,train
2-10381,2,29859,train
2-10382,2,29859,train
2-10383,2,29859,train
2-10384,2,29859,train
2-10385,2,29859,train
2-10386,2,29859,train
2-10387,2,29859,train
2-10388,2,29859,train
2-10389,2,29859,train
2-10390,2,29859,train
2-10391,2,29859,train
2-10392,2,29859,train
2-10393,2,29859,train
2-10394,2,29859,train
2-10395,2,29859,train
2-10396,2,29859,train
2-10397,2,29859,train
2-10398,2,29859,train
2-10399,2,29859,train
2-10400,2,29859,train
2-10401,2,29859,train
2-10402,2,29859,train
2-10403,2,29859,train
2-10404,2,29859,train
2-10405,2,29859,train
2-10406,2,29859,train
2-10407,2,29859,train
2-10408,2,29859,train
2-10409,2,29859,train
2-10410,2,29859,train
2-10411,2,29859,train
2-10412,2,29859,train
2-10413,2,29859,train
2-10414,2,29859,train
2-10415,2,29859,train
2-10416,2,29859,train
2-10417,2,29859,train
2-10418,2,29859,train
2-10419,2,29859,train
2-10420,2,29859,train
2-10421,2,29859,train
2-10422,2,29859,train
2-10423,2,29859,train
2-10424,2,29859,train
2-10425,2,29859,train
2-10426,2,29859,train
2-10427,2,29859,train
2-10428,2,29859,train
2-10429,2,29859,train
2-10430,2,29859,train
2-10431,2,29859,train
2-10432,2,29859,train
2-10433,2,29859,train
2-10434,2,29859,train
2-10435,2,29859,train
2-10436,2,29859,train
2-10437,2,29859,train
2-10438,2,29859,train
2-10439,2,29859,train
2-10440,2,29859,train
2-10441,2,29859,train
2-10442,2,29859,train
2-10443,2,29859,train
2-10444,2,29859,train
2-10445,2,29859,train
2-10446,2,29859,train
2-10447,2,29859,train
2-10448,2,29859,train
2-10449,2,29859,train
2-10450,2,29859,train
2-10451,2,29859,train
2-10452,2,29859,train
2-10453,2,29859,train
2-10454,2,29859,train
2-10455,2,29859,train
2-10456,2,29859,train
2-10457,2,29859,train
2-10458,2,29859,train
2-10459,2,29859,train
2-10460,2,29859,train
2-10461,2,29859,train
2-10462,2,29859,train
2-10463,2,29859,train
2-10464,2,29859,train
2-10465,2,29859,train
2-10466,2,29859,train
2-10467,2,29859,train
2-10468,2,29859,train
2-10469,2,29859,train
2-10470,2,29859,train
2-10471,2,29859,train
2-10472,2,29859,train
2-10473,2,29859,train
2-10474,2,29859,train
2-10475,2,29859,train
2-10476,2,29859,train
2-10477,2,29859,train
2-10478,2,29859,train
2-10479,2,29859,train
2-10480,2,29859,train
2-10481,2,29859,train
2-10482,2,29859,train
2-10483,2,29859,train
2-10484,2,29859,train
2-10485,2,29859,train
2-10486,2,29859,train
2-10487,2,29859,train
2-10488,2,29859,train
2-10489,2,29859,train
2-10490,2,29859,train
2-10491,2,29859,train
2-10492,2,29859,train
2-10493,2,29859,train
2-10494,2,29859,train
2-10495,2,29859,train
2-10496,2,29859,train
2-10497,2,29859,train
2-10498,2,29859,train
2-10499,2,29859,train
2-10500,2,29859,train
2-10501,2,29859,train
2-10502,2,29859,train
2-10503,2,29859,train
2-10504,2,29859,train
2-10505,2,29859,train
2-10506,2,29859,train
2-10507,2,29859,train
2-10508,2,29859,train
2-10509,2,29859,train
2-10510,2,29859,train
2-10511,2,29859,train
2-10512,2,29859,train
2-10513,2,29859,train
2-10514,2,29859,train
2-10515,2,29859,train
2-10516,2,29859,train
2-10517,2,29859,train
2-10518,2,29859,train
2-10519,2,29859,train
2-10520,2,29859,train
2-10521,2,29859,train
2-10522,2,29859,train
2-10523,2,29859,train
2-10524,2,29859,train
2-10525,2,29859,train
2-10526,2,29859,train
2-10527,2,29859,train
2-10528,2,29859,train
2-10529,2,29859,train
2-10530,2,29859,train
2-10531,2,29859,train
2-10532,2,29859,train
2-10533,2,29859,train
2-10534,2,29859,train
2-10535,2,29859,train
2-10536,2,29859,train
2-10537,2,29859,train
2-10538,2,29859,train
2-10539,2,29859,train
2-10540,2,29859,train
2-10541,2,29859,train
2-10542,2,29859,train
2-10543,2,29859,train
2-10544,2,29859,train
2-10545,2,29859,train
2-10546,2,29859,train
2-10547,2,29859,train
2-10548,2,29859,train
2-10549,2,29859,train
2-10550,2,29859,train
2-10551,2,29859,train
2-10552,2,29859,train
2-10553,2,29859,train
2-10554,2,29859,train
2-10555,2,29859,train
2-10556,2,29859,train
2-10557,2,29859,train
2-10558,2,29859,train
2-10559,2,29859,train
2-10560,2,29859,train
2-10561,2,29859,train
2-10562,2,29859,train
2-10563,2,29859,train
2-10564,2,29859,train
2-10565,2,29859,train
2-10566,2,29859,train
2-10567,2,29859,train
2-10568,2,29859,train
2-10569,2,29859,train
2-10570,2,29859,train
2-10571,2,29859,train
2-10572,2,29859,train
2-10573,2,29859,train
2-10574,2,29859,train
2-10575,2,29859,train
2-10576,2,29859,train
2-10577,2,29859,train
2-10578,2,29859,train
2-10579,2,29859,train
2-10580,2,29859,train
2-10581,2,29859,train
2-10582,2,29859,train
2-10583,2,29859,train
2-10584,2,29859,train
2-10585,2,29859,train
2-10586,2,29859,train
2-10587,2,29859,train
2-10588,2,29859,train
2-10589,2,29859,train
2-10590,2,29859,train
2-10591,2,29859,train
2-10592,2,29859,train
2-10593,2,29859,train
2-10594,2,29859,train
2-10595,2,29859,train
2-10596,2,29859,train
2-10597,2,29859,train
2-10598,2,29859,train
2-10599,2,29859,train
2-10600,2,29859,train
2-10601,2,29859,train
2-10602,2,29859,train
2-10603,2,29859,train
2-10604,2,29859,train
2-10605,2,29859,train
2-10606,2,29859,train
2-10607,2,29859,train
2-10608,2,29859,train
2-10609,2,29859,train
2-10610,2,29859,train
2-10611,2,29859,train
2-10612,2,29859,train
2-10613,2,29859,train
2-10614,2,29859,train
2-10615,2,29859,train
2-10616,2,29859,train
2-10617,2,29859,train
2-10618,2,29859,train
2-10619,2,29859,train
2-10620,2,29859,train
2-10621,2,29859,train
2-10622,2,29859,train
2-10623,2,29859,train
2-10624,2,29859,train
2-10625,2,29859,train
2-10626,2,29859,train
2-10627,2,29859,train
2-10628,2,29859,train
2-10629,2,29859,train
2-10630,2,29859,train
2-10631,2,29859,train
2-10632,2,29859,train
2-10633,2,29859,train
2-10634,2,29859,train
2-10635,2,29859,train
2-10636,2,29859,train
2-10637,2,29859,train
2-10638,2,29859,train
2-10639,2,29859,train
2-10640,2,29859,train
2-10641,2,29859,train
2-10642,2,29859,train
2-10643,2,29859,train
2-10644,2,29859,train
2-10645,2,29859,train
2-10646,2,29859,train
2-10647,2,29859,train
2-10648,2,29859,train
2-10649,2,29859,train
2-10650,2,29859,train
2-10651,2,29859,train
2-10652,2,29859,train
2-10653,2,29859,train
2-10654,2,29859,train
2-10655,2,29859,train
2-10656,2,29859,train
2-10657,2,29859,train
2-10658,2,29859,train
2-10659,2,29859,train
2-10660,2,29859,train
2-10661,2,29859,train
2-10662,2,29859,train
2-10663,2,29859,train
2-10664,2,29859,train
2-10665,2,29859,train
2-10666,2,29859,train
2-10667,2,29859,train
2-10668,2,29859,train
2-10669,2,29859,train
2-10670,2,29859,train
2-10671,2,29859,train
2-10672,2,29859,train
2-10673,2,29859,train
2-10674,2,29859,train
2-10675,2,29859,train
2-10676,2,29859,train
2-10677,2,29859,train
2-10678,2,29859,train
2-10679,2,29859,train
2-10680,2,29859,train
2-10681,2,29859,train
2-10682,2,29859,train
2-10683,2,29859,train
2-10684,2,29859,train
2-10685,2,29859,train
2-10686,2,29859,train
2-10687,2,29859,train
2-10688,2,29859,train
2-10689,2,29859,train
2-10690,2,29859,train
2-10691,2,29859,train
2-10692,2,29859,train
2-10693,2,29859,train
2-10694,2,29859,train
2-10695,2,29859,train
2-10696,2,29859,train
2-10697,2,29859,train
2-10698,2,29859,train
2-10699,2,29859,train
2-10700,2,29859,train
2-10701,2,29859,train
2-10702,2,29859,train
2-10703,2,29859,train
2-10704,2,29859,train
2-10705,2,29859,train
2-10706,2,29859,train
2-10707,2,29859,train
2-10708,2,29859,train
2-10709,2,29859,train
2-10710,2,29859,train
2-10711,2,29859,train
2-10712,2,29859,train
2-10713,2,29859,train
2-10714,2,29859,train
2-10715,2,29859,train
2-10716,2,29859,train
2-10717,2,29859,train
2-10718,2,29859,train
2-10719,2,29859,train
2-10720,2,29859,train
2-10721,2,29859,train
2-10722,2,29859,train
2-10723,2,29859,train
2-10724,2,29859,train
2-10725,2,29859,train
2-10726,2,29859,train
2-10727,2,29859,train
2-10728,2,29859,train
2-10729,2,29859,train
2-10730,2,29859,train
2-10731,2,29859,train
2-10732,2,29859,train
2-10733,2,29859,train
2-10734,2,29859,train
2-10735,2,29859,train
2-10736,2,29859,train
2-10737,2,29859,train
2-10738,2,29859,train
2-10739,2,29859,train
2-10740,2,29859,train
2-10741,2,29859,train
2-10742,2,29859,train
2-10743,2,29859,train
2-10744,2,29859,train
2-10745,2,29859,train
2-10746,2,29859,train
2-10747,2,29859,train
2-10748,2,29859,train
2-10749,2,29859,train
2-10750,2,29859,train
2-10751,2,29859,train
2-10752,2,29859,train
2-10753,2,29859,train
2-10754,2,29859,train
2-10755,2,29859,train
2-10756,2,29859,train
2-10757,2,29859,train
2-10758,2,29859,train
2-10759,2,29859,train
0-0,0,40258,val
0-1,0,40258,val
0-2,0,40258,val
0-3,0,40258,val
0-4,0,40258,val
0-5,0,40258,val
0-6,0,40258,val
0-7,0,40258,val
0-8,0,40258,val
0-9,0,40258,val
0-10,0,40258,val
0-11,0,40258,val
0-12,0,40258,val
0-13,0,40258,val
0-14,0,40258,val
0-15,0,40258,val
0-16,0,40258,val
0-17,0,40258,val
0-18,0,40258,val
0-19,0,40258,val
0-20,0,40258,val
0-21,0,40258,val
0-22,0,40258,val
0-23,0,40258,val
0-24,0,40258,val
0-25,0,40258,val
0-26,0,40258,val
0-27,0,40258,val
0-28,0,40258,val
0-29,0,40258,val
0-30,0,40258,val
0-31,0,40258,val
0-32,0,40258,val
0-33,0,40258,val
0-34,0,40258,val
0-35,0,40258,val
0-36,0,40258,val
0-37,0,40258,val
0-38,0,40258,val
0-39,0,40258,val
0-40,0,40258,val
0-41,0,40258,val
0-42,0,40258,val
0-43,0,40258,val
0-44,0,40258,val
0-45,0,40258,val
0-46,0,40258,val
0-47,0,40258,val
0-48,0,40258,val
0-49,0,40258,val
0-50,0,40258,val
0-51,0,40258,val
0-52,0,40258,val
0-53,0,40258,val
0-54,0,40258,val
0-55,0,40258,val
0-56,0,40258,val
0-57,0,40258,val
0-58,0,40258,val
0-59,0,40258,val
0-60,0,40258,val
0-61,0,40258,val
0-62,0,40258,val
0-63,0,40258,val
0-64,0,40258,val
0-65,0,40258,val
0-66,0,40258,val
0-67,0,40258,val
0-68,0,40258,val
0-69,0,40258,val
0-70,0,40258,val
0-71,0,40258,val
0-72,0,40258,val
0-73,0,40258,val
0-74,0,40258,val
0-75,0,40258,val
0-76,0,40258,val
0-77,0,40258,val
0-78,0,40258,val
0-79,0,40258,val
0-80,0,40258,val
0-81,0,40258,val
0-82,0,40258,val
0-83,0,40258,val
0-84,0,40258,val
0-85,0,40258,val
0-86,0,40258,val
0-87,0,40258,val
0-88,0,40258,val
0-89,0,40258,val
0-90,0,40258,val
0-91,0,40258,val
0-92,0,40258,val
0-93,0,40258,val
0-94,0,40258,val
0-95,0,40258,val
0-96,0,40258,val
0-97,0,40258,val
0-98,0,40258,val
0-99,0,40258,val
0-100,0,40258,val
0-101,0,40258,val
0-102,0,40258,val
0-103,0,40258,val
0-104,0,40258,val
0-105,0,40258,val
0-106,0,40258,val
0-107,0,40258,val
0-108,0,40258,val
0-109,0,40258,val
0-110,0,40258,val
0-111,0,40258,val
0-112,0,40258,val
0-113,0,40258,val
0-114,0,40258,val
0-115,0,40258,val
0-116,0,40258,val
0-117,0,40258,val
0-118,0,40258,val
0-119,0,40258,val
0-120,0,40258,val
0-121,0,40258,val
0-122,0,40258,val
0-123,0,40258,val
0-124,0,40258,val
0-125,0,40258,val
0-126,0,40258,val
0-127,0,40258,val
0-128,0,40258,val
0-129,0,40258,val
0-130,0,40258,val
0-131,0,40258,val
0-132,0,40258,val
0-133,0,40258,val
0-134,0,40258,val
0-135,0,40258,val
0-136,0,40258,val
0-137,0,40258,val
0-138,0,40258,val
0-139,0,40258,val
0-140,0,40258,val
0-141,0,40258,val
0-142,0,40258,val
0-143,0,40258,val
0-144,0,40258,val
0-145,0,40258,val
0-146,0,40258,val
0-147,0,40258,val
0-148,0,40258,val
0-149,0,40258,val
0-150,0,40258,val
0-151,0,40258,val
0-152,0,40258,val
0-153,0,40258,val
0-154,0,40258,val
0-155,0,40258,val
0-156,0,40258,val
0-157,0,40258,val
0-158,0,40258,val
0-159,0,40258,val
0-160,0,40258,val
0-161,0,40258,val
0-162,0,40258,val
0-163,0,40258,val
0-164,0,40258,val
0-165,0,40258,val
0-166,0,40258,val
0-167,0,40258,val
0-168,0,40258,val
0-169,0,40258,val
0-170,0,40258,val
0-171,0,40258,val
0-172,0,40258,val
0-173,0,40258,val
0-174,0,40258,val
0-175,0,40258,val
0-176,0,40258,val
0-177,0,40258,val
0-178,0,40258,val
0-179,0,40258,val
0-180,0,40258,val
0-181,0,40258,val
0-182,0,40258,val
0-183,0,40258,val
0-184,0,40258,val
0-185,0,40258,val
0-186,0,40258,val
0-187,0,40258,val
0-188,0,40258,val
0-189,0,40258,val
0-190,0,40258,val
0-191,0,40258,val
0-192,0,40258,val
0-193,0,40258,val
0-194,0,40258,val
0-195,0,40258,val
0-196,0,40258,val
0-197,0,40258,val
0-198,0,40258,val
0-199,0,40258,val
0-200,0,40258,val
0-201,0,40258,val
0-202,0,40258,val
0-203,0,40258,val
0-204,0,40258,val
0-205,0,40258,val
0-206,0,40258,val
0-207,0,40258,val
0-208,0,40258,val
0-209,0,40258,val
0-210,0,40258,val
0-211,0,40258,val
0-212,0,40258,val
0-213,0,40258,val
0-214,0,40258,val
0-215,0,40258,val
0-216,0,40258,val
0-217,0,40258,val
0-218,0,40258,val
0-219,0,40258,val
0-220,0,40258,val
0-221,0,40258,val
0-222,0,40258,val
0-223,0,40258,val
0-224,0,40258,val
0-225,0,40258,val
0-226,0,40258,val
0-227,0,40258,val
0-228,0,40258,val
0-229,0,40258,val
0-230,0,40258,val
0-231,0,40258,val
0-232,0,40258,val
0-233,0,40258,val
0-234,0,40258,val
0-235,0,40258,val
0-236,0,40258,val
0-237,0,40258,val
0-238,0,40258,val
0-239,0,40258,val
0-240,0,40258,val
0-241,0,40258,val
0-242,0,40258,val
0-243,0,40258,val
0-244,0,40258,val
0-245,0,40258,val
0-246,0,40258,val
0-247,0,40258,val
0-248,0,40258,val
0-249,0,40258,val
0-250,0,40258,val
0-251,0,40258,val
0-252,0,40258,val
0-253,0,40258,val
0-254,0,40258,val
0-255,0,40258,val
0-256,0,40258,val
0-257,0,40258,val
0-258,0,40258,val
0-259,0,40258,val
0-260,0,40258,val
0-261,0,40258,val
0-262,0,40258,val
0-263,0,40258,val
0-264,0,40258,val
0-265,0,40258,val
0-266,0,40258,val
0-267,0,40258,val
0-268,0,40258,val
0-269,0,40258,val
0-270,0,40258,val
0-271,0,40258,val
0-272,0,40258,val
0-273,0,40258,val
0-274,0,40258,val
0-275,0,40258,val
0-276,0,40258,val
0-277,0,40258,val
0-278,0,40258,val
0-279,0,40258,val
0-280,0,40258,val
0-281,0,40258,val
0-282,0,40258,val
0-283,0,40258,val
0-284,0,40258,val
0-285,0,40258,val
0-286,0,40258,val
0-287,0,40258,val
0-288,0,40258,val
0-289,0,40258,val
0-290,0,40258,val
0-291,0,40258,val
0-292,0,40258,val
0-293,0,40258,val
0-294,0,40258,val
0-295,0,40258,val
0-296,0,40258,val
0-297,0,40258,val
0-298,0,40258,val
0-299,0,40258,val
0-300,0,40258,val
0-301,0,40258,val
0-302,0,40258,val
0-303,0,40258,val
0-304,0,40258,val
0-305,0,40258,val
0-306,0,40258,val
0-307,0,40258,val
0-308,0,40258,val
0-309,0,40258,val
0-310,0,40258,val
0-311,0,40258,val
0-312,0,40258,val
0-313,0,40258,val
0-314,0,40258,val
0-315,0,40258,val
0-316,0,40258,val
0-317,0,40258,val
0-318,0,40258,val
0-319,0,40258,val
0-320,0,40258,val
0-321,0,40258,val
0-322,0,40258,val
0-323,0,40258,val
0-324,0,40258,val
0-325,0,40258,val
0-326,0,40258,val
0-327,0,40258,val
0-328,0,40258,val
0-329,0,40258,val
0-330,0,40258,val
0-331,0,40258,val
0-332,0,40258,val
0-333,0,40258,val
0-334,0,40258,val
0-335,0,40258,val
0-336,0,40258,val
0-337,0,40258,val
0-338,0,40258,val
0-339,0,40258,val
0-340,0,40258,val
0-341,0,40258,val
0-342,0,40258,val
0-343,0,40258,val
0-344,0,40258,val
0-345,0,40258,val
0-346,0,40258,val
0-347,0,40258,val
0-348,0,40258,val
0-349,0,40258,val
0-350,0,40258,val
0-351,0,40258,val
0-352,0,40258,val
0-353,0,40258,val
0-354,0,40258,val
0-355,0,40258,val
0-356,0,40258,val
0-357,0,40258,val
0-358,0,40258,val
0-359,0,40258,val
0-360,0,40258,val
0-361,0,40258,val
0-362,0,40258,val
0-363,0,40258,val
0-364,0,40258,val
0-365,0,40258,val
0-366,0,40258,val
0-367,0,40258,val
0-368,0,40258,val
0-369,0,40258,val
0-370,0,40258,val
0-371,0,40258,val
0-372,0,40258,val
0-373,0,40258,val
0-374,0,40258,val
0-375,0,40258,val
0-376,0,40258,val
0-377,0,40258,val
0-378,0,40258,val
0-379,0,40258,val
0-380,0,40258,val
0-381,0,40258,val
0-382,0,40258,val
0-383,0,40258,val
0-384,0,40258,val
0-385,0,40258,val
0-386,0,40258,val
0-387,0,40258,val
0-388,0,40258,val
0-389,0,40258,val
0-390,0,40258,val
0-391,0,40258,val
0-392,0,40258,val
0-393,0,40258,val
0-394,0,40258,val
0-395,0,40258,val
0-396,0,40258,val
0-397,0,40258,val
0-398,0,40258,val
0-399,0,40258,val
0-400,0,40258,val
0-401,0,40258,val
0-402,0,40258,val
0-403,0,40258,val
0-404,0,40258,val
0-405,0,40258,val
0-406,0,40258,val
0-407,0,40258,val
0-408,0,40258,val
0-409,0,40258,val
0-410,0,40258,val
0-411,0,40258,val
0-412,0,40258,val
0-413,0,40258,val
0-414,0,40258,val
0-415,0,40258,val
0-416,0,40258,val
0-417,0,40258,val
0-418,0,40258,val
0-419,0,40258,val
0-420,0,40258,val
0-421,0,40258,val
0-422,0,40258,val
0-423,0,40258,val
0-424,0,40258,val
0-425,0,40258,val
0-426,0,40258,val
0-427,0,40258,val
0-428,0,40258,val
0-429,0,40258,val
0-430,0,40258,val
0-431,0,40258,val
0-432,0,40258,val
0-433,0,40258,val
0-434,0,40258,val
0-435,0,40258,val
0-436,0,40258,val
0-437,0,40258,val
0-438,0,40258,val
0-439,0,40258,val
0-440,0,40258,val
0-441,0,40258,val
0-442,0,40258,val
0-443,0,40258,val
0-444,0,40258,val
0-445,0,40258,val
0-446,0,40258,val
0-447,0,40258,val
0-448,0,40258,val
0-449,0,40258,val
0-450,0,40258,val
0-451,0,40258,val
0-452,0,40258,val
0-453,0,40258,val
0-454,0,40258,val
0-455,0,40258,val
0-456,0,40258,val
0-457,0,40258,val
0-458,0,40258,val
0-459,0,40258,val
0-460,0,40258,val
0-461,0,40258,val
0-462,0,40258,val
0-463,0,40258,val
0-464,0,40258,val
0-465,0,40258,val
0-466,0,40258,val
0-467,0,40258,val
0-468,0,40258,val
0-469,0,40258,val
0-470,0,40258,val
0-471,0,40258,val
0-472,0,40258,val
0-473,0,40258,val
0-474,0,40258,val
0-475,0,40258,val
0-476,0,40258,val
0-477,0,40258,val
0-478,0,40258,val
0-479,0,40258,val
0-873,0,45518,val
0-874,0,45518,val
0-875,0,45518,val
0-876,0,45518,val
0-877,0,45518,val
0-878,0,45518,val
0-879,0,45518,val
0-880,0,45518,val
0-881,0,45518,val
0-882,0,45518,val
0-883,0,45518,val
0-884,0,45518,val
0-885,0,45518,val
0-886,0,45518,val
0-887,0,45518,val
0-888,0,45518,val
0-889,0,45518,val
0-890,0,45518,val
0-891,0,45518,val
0-892,0,45518,val
0-893,0,45518,val
0-894,0,45518,val
0-895,0,45518,val
0-896,0,45518,val
0-897,0,45518,val
0-898,0,45518,val
0-899,0,45518,val
0-900,0,45518,val
0-901,0,45518,val
0-902,0,45518,val
0-903,0,45518,val
0-904,0,45518,val
0-905,0,45518,val
0-906,0,45518,val
0-907,0,45518,val
0-908,0,45518,val
0-909,0,45518,val
0-910,0,45518,val
0-911,0,45518,val
0-912,0,45518,val
0-913,0,45518,val
0-914,0,45518,val
0-915,0,45518,val
0-916,0,45518,val
0-917,0,45518,val
0-918,0,45518,val
0-919,0,45518,val
0-920,0,45518,val
0-921,0,45518,val
0-922,0,45518,val
0-923,0,45518,val
0-924,0,45518,val
0-925,0,45518,val
0-926,0,45518,val
0-927,0,45518,val
0-928,0,45518,val
0-929,0,45518,val
0-930,0,45518,val
0-931,0,45518,val
0-932,0,45518,val
0-933,0,45518,val
0-934,0,45518,val
0-935,0,45518,val
0-936,0,45518,val
0-937,0,45518,val
0-938,0,45518,val
0-939,0,45518,val
0-940,0,45518,val
0-941,0,45518,val
0-942,0,45518,val
0-943,0,45518,val
0-944,0,45518,val
0-945,0,45518,val
0-946,0,45518,val
0-947,0,45518,val
0-948,0,45518,val
0-949,0,45518,val
0-950,0,45518,val
0-951,0,45518,val
0-952,0,45518,val
0-953,0,45518,val
0-954,0,45518,val
0-955,0,45518,val
0-956,0,45518,val
0-957,0,45518,val
0-958,0,45518,val
0-959,0,45518,val
0-960,0,45518,val
0-961,0,45518,val
0-962,0,45518,val
0-963,0,45518,val
0-964,0,45518,val
0-965,0,45518,val
0-966,0,45518,val
0-967,0,45518,val
0-968,0,45518,val
0-969,0,45518,val
0-970,0,45518,val
0-971,0,45518,val
0-972,0,45518,val
0-973,0,45518,val
0-974,0,45518,val
0-975,0,45518,val
0-976,0,45518,val
0-977,0,45518,val
0-978,0,45518,val
0-979,0,45518,val
0-980,0,45518,val
0-981,0,45518,val
0-982,0,45518,val
0-983,0,45518,val
0-984,0,45518,val
0-985,0,45518,val
0-986,0,45518,val
0-987,0,45518,val
0-988,0,45518,val
0-989,0,45518,val
0-990,0,45518,val
0-991,0,45518,val
0-992,0,45518,val
0-993,0,45518,val
0-994,0,45518,val
0-995,0,45518,val
0-996,0,45518,val
0-997,0,45518,val
0-998,0,45518,val
0-999,0,45518,val
0-1000,0,45518,val
0-1001,0,45518,val
0-1002,0,45518,val
0-1003,0,45518,val
0-1004,0,45518,val
0-1005,0,45518,val
0-1006,0,45518,val
0-1007,0,45518,val
0-1008,0,45518,val
0-1009,0,45518,val
0-1010,0,45518,val
0-1011,0,45518,val
0-1012,0,45518,val
0-1013,0,45518,val
0-1014,0,45518,val
0-1015,0,45518,val
0-1016,0,45518,val
0-1017,0,45518,val
0-1018,0,45518,val
0-1019,0,45518,val
0-1020,0,45518,val
0-1021,0,45518,val
0-1022,0,45518,val
0-1023,0,45518,val
0-1024,0,45518,val
0-1025,0,45518,val
0-1026,0,45518,val
0-1027,0,45518,val
0-1028,0,45518,val
0-1029,0,45518,val
0-1030,0,45518,val
0-1031,0,45518,val
0-1032,0,45518,val
0-1033,0,45518,val
0-1034,0,45518,val
0-1035,0,45518,val
0-1036,0,45518,val
0-1037,0,45518,val
0-1038,0,45518,val
0-1039,0,45518,val
0-1040,0,45518,val
0-1041,0,45518,val
0-1042,0,45518,val
0-1043,0,45518,val
0-1044,0,45518,val
0-1045,0,45518,val
0-1046,0,45518,val
0-1047,0,45518,val
0-1048,0,45518,val
0-1049,0,45518,val
0-1050,0,45518,val
0-1051,0,45518,val
0-1052,0,45518,val
0-1053,0,45518,val
0-1054,0,45518,val
0-1055,0,45518,val
0-1056,0,45518,val
0-1057,0,45518,val
0-1058,0,45518,val
0-1059,0,45518,val
0-1060,0,45518,val
0-1061,0,45518,val
0-1062,0,45518,val
0-1063,0,45518,val
0-1064,0,45518,val
0-1065,0,45518,val
0-1066,0,45518,val
0-1067,0,45518,val
0-1068,0,45518,val
0-1069,0,45518,val
0-1070,0,45518,val
0-1071,0,45518,val
0-1072,0,45518,val
0-1073,0,45518,val
0-1074,0,45518,val
0-1075,0,45518,val
0-1076,0,45518,val
0-1077,0,45518,val
0-1078,0,45518,val
0-1079,0,45518,val
0-1080,0,45518,val
0-1081,0,45518,val
0-1082,0,45518,val
0-1083,0,45518,val
0-1084,0,45518,val
0-1085,0,45518,val
0-1086,0,45518,val
0-1087,0,45518,val
0-1088,0,45518,val
0-1089,0,45518,val
0-1090,0,45518,val
0-1091,0,45518,val
0-1092,0,45518,val
0-1093,0,45518,val
0-1094,0,45518,val
0-1095,0,45518,val
0-1096,0,45518,val
0-1097,0,45518,val
0-1098,0,45518,val
0-1099,0,45518,val
0-1100,0,45518,val
0-1101,0,45518,val
0-1102,0,45518,val
0-1103,0,45518,val
0-1104,0,45518,val
0-1105,0,45518,val
0-1106,0,45518,val
0-1107,0,45518,val
0-1108,0,45518,val
0-1109,0,45518,val
0-1110,0,45518,val
0-1111,0,45518,val
0-1112,0,45518,val
0-1113,0,45518,val
0-1114,0,45518,val
0-1115,0,45518,val
0-1116,0,45518,val
0-1117,0,45518,val
0-1118,0,45518,val
0-1119,0,45518,val
0-1120,0,45518,val
0-1121,0,45518,val
0-1122,0,45518,val
0-1123,0,45518,val
0-1124,0,45518,val
0-1125,0,45518,val
0-1126,0,45518,val
0-1127,0,45518,val
0-1128,0,45518,val
0-1129,0,45518,val
0-1130,0,45518,val
0-1131,0,45518,val
0-1132,0,45518,val
0-1133,0,45518,val
0-1134,0,45518,val
0-1135,0,45518,val
0-1136,0,45518,val
0-1137,0,45518,val
0-1138,0,45518,val
0-1139,0,45518,val
0-1140,0,45518,val
0-1141,0,45518,val
0-1142,0,45518,val
0-1143,0,45518,val
0-1144,0,45518,val
0-1145,0,45518,val
0-1146,0,45518,val
0-1147,0,45518,val
0-1148,0,45518,val
0-1149,0,45518,val
0-1150,0,45518,val
0-1151,0,45518,val
0-1152,0,45518,val
0-1153,0,45518,val
0-1154,0,45518,val
0-1155,0,45518,val
0-1156,0,45518,val
0-1157,0,45518,val
0-1158,0,45518,val
0-1159,0,45518,val
0-1160,0,45518,val
0-1161,0,45518,val
0-1162,0,45518,val
0-1163,0,45518,val
0-1164,0,45518,val
0-1165,0,45518,val
0-1166,0,45518,val
0-1167,0,45518,val
0-1168,0,45518,val
0-1169,0,45518,val
0-1170,0,45518,val
0-1171,0,45518,val
0-1172,0,45518,val
0-1173,0,45518,val
0-1174,0,45518,val
0-1175,0,45518,val
0-1176,0,45518,val
0-1177,0,45518,val
0-1178,0,45518,val
0-1179,0,45518,val
0-1180,0,45518,val
0-1181,0,45518,val
0-1182,0,45518,val
0-1183,0,45518,val
0-1184,0,45518,val
0-1185,0,45518,val
0-1186,0,45518,val
0-1187,0,45518,val
0-1188,0,45518,val
0-1189,0,45518,val
0-1190,0,45518,val
0-1191,0,45518,val
0-1192,0,45518,val
0-1193,0,45518,val
0-1194,0,45518,val
0-1195,0,45518,val
0-1196,0,45518,val
0-1197,0,45518,val
0-1198,0,45518,val
0-1199,0,45518,val
0-1200,0,45518,val
0-1201,0,45518,val
0-1202,0,45518,val
0-1203,0,45518,val
0-1204,0,45518,val
0-1205,0,45518,val
0-1206,0,45518,val
0-1207,0,45518,val
0-1208,0,45518,val
0-1209,0,45518,val
0-1210,0,45518,val
0-1211,0,45518,val
0-1212,0,45518,val
0-1213,0,45518,val
0-1214,0,45518,val
0-1215,0,45518,val
0-1216,0,45518,val
0-1217,0,45518,val
0-1218,0,45518,val
0-1219,0,45518,val
0-1220,0,45518,val
0-1221,0,45518,val
0-1222,0,45518,val
0-1223,0,45518,val
0-1224,0,45518,val
0-1225,0,45518,val
0-1226,0,45518,val
0-1227,0,45518,val
0-1228,0,45518,val
0-1229,0,45518,val
0-1230,0,45518,val
0-1231,0,45518,val
0-1232,0,45518,val
0-1233,0,45518,val
0-1234,0,45518,val
0-1235,0,45518,val
0-1236,0,45518,val
0-1237,0,45518,val
0-1238,0,45518,val
0-1239,0,45518,val
0-1240,0,45518,val
0-1241,0,45518,val
0-1242,0,45518,val
0-1243,0,45518,val
0-1244,0,45518,val
0-1245,0,45518,val
0-1246,0,45518,val
0-1247,0,45518,val
0-1248,0,45518,val
0-1249,0,45518,val
0-1250,0,45518,val
0-1251,0,45518,val
0-1252,0,45518,val
0-1253,0,45518,val
0-1254,0,45518,val
0-1255,0,45518,val
0-1256,0,45518,val
0-1257,0,45518,val
0-1258,0,45518,val
0-1259,0,45518,val
0-1260,0,45518,val
0-1261,0,45518,val
0-1262,0,45518,val
0-1263,0,45518,val
0-1264,0,45518,val
0-1265,0,45518,val
0-1266,0,45518,val
0-1267,0,45518,val
0-1268,0,45518,val
0-1269,0,45518,val
0-1270,0,45518,val
0-1271,0,45518,val
0-1272,0,45518,val
0-1273,0,45518,val
0-1274,0,45518,val
0-1275,0,45518,val
0-1276,0,45518,val
0-1277,0,45518,val
0-1278,0,45518,val
0-1279,0,45518,val
0-1280,0,45518,val
0-1281,0,45518,val
0-1282,0,45518,val
0-1283,0,45518,val
0-1284,0,45518,val
0-1285,0,45518,val
0-1286,0,45518,val
0-1287,0,45518,val
0-1288,0,45518,val
0-1289,0,45518,val
0-1290,0,45518,val
0-1291,0,45518,val
0-1292,0,45518,val
0-1293,0,45518,val
0-1294,0,45518,val
0-1295,0,45518,val
0-1296,0,45518,val
0-1297,0,45518,val
0-1298,0,45518,val
0-1299,0,45518,val
0-1300,0,45518,val
0-1301,0,45518,val
0-1302,0,45518,val
0-1303,0,45518,val
0-1304,0,45518,val
0-1305,0,45518,val
0-1306,0,45518,val
0-1307,0,45518,val
0-1308,0,45518,val
0-1309,0,45518,val
0-1310,0,45518,val
0-1311,0,45518,val
0-1312,0,45518,val
0-1313,0,45518,val
0-1314,0,45518,val
0-1315,0,45518,val
0-1316,0,45518,val
0-1317,0,45518,val
0-1318,0,45518,val
0-1319,0,45518,val
0-1320,0,45518,val
0-1321,0,45518,val
0-1322,0,45518,val
0-1323,0,45518,val
0-1324,0,45518,val
0-1325,0,45518,val
0-1326,0,45518,val
0-1327,0,45518,val
0-1328,0,45518,val
0-1329,0,45518,val
0-1330,0,45518,val
0-1331,0,45518,val
0-1332,0,45518,val
0-1333,0,45518,val
0-1334,0,45518,val
0-1335,0,45518,val
0-1336,0,45518,val
0-1337,0,45518,val
0-1338,0,45518,val
0-1339,0,45518,val
0-1340,0,45518,val
0-1341,0,45518,val
0-1342,0,45518,val
0-1343,0,45518,val
0-1344,0,45518,val
0-1345,0,45518,val
0-1346,0,45518,val
0-1347,0,45518,val
0-1348,0,45518,val
0-1349,0,45518,val
0-1350,0,45518,val
0-1351,0,45518,val
0-1352,0,45518,val
0-1353,0,45518,val
0-1354,0,45518,val
0-1355,0,45518,val
0-1356,0,45518,val
0-1357,0,45518,val
0-1358,0,45518,val
0-1359,0,45518,val
0-1360,0,45518,val
0-1361,0,45518,val
0-1362,0,45518,val
0-1363,0,45518,val
0-1364,0,45518,val
0-1365,0,45518,val
0-1366,0,45518,val
0-1367,0,45518,val
0-1368,0,45518,val
0-1369,0,45518,val
0-1370,0,45518,val
0-1371,0,45518,val
0-1372,0,45518,val
0-1373,0,45518,val
0-1374,0,45518,val
0-1375,0,45518,val
0-1376,0,45518,val
0-1377,0,45518,val
0-1378,0,45518,val
0-1379,0,45518,val
0-1380,0,45518,val
0-1381,0,45518,val
0-1382,0,45518,val
0-1383,0,45518,val
0-1384,0,45518,val
0-1385,0,45518,val
0-1386,0,45518,val
0-1387,0,45518,val
0-1388,0,45518,val
0-1389,0,45518,val
0-1390,0,45518,val
0-1391,0,45518,val
0-1392,0,45518,val
0-1393,0,45518,val
0-1394,0,45518,val
0-1395,0,45518,val
0-1396,0,45518,val
0-1397,0,45518,val
0-1398,0,45518,val
0-1399,0,45518,val
0-1400,0,45518,val
0-1401,0,45518,val
0-1402,0,45518,val
0-1403,0,45518,val
0-1404,0,45518,val
0-1405,0,45518,val
0-1406,0,45518,val
0-1407,0,45518,val
0-1408,0,45518,val
0-1409,0,45518,val
0-1410,0,45518,val
0-1411,0,45518,val
0-1412,0,45518,val
0-1413,0,45518,val
0-1414,0,45518,val
0-1415,0,45518,val
0-1416,0,45518,val
0-1417,0,45518,val
0-1418,0,45518,val
0-1419,0,45518,val
0-1420,0,45518,val
0-1421,0,45518,val
0-1422,0,45518,val
0-1423,0,45518,val
0-1424,0,45518,val
0-1425,0,45518,val
0-1426,0,45518,val
0-1427,0,45518,val
0-1428,0,45518,val
0-1429,0,45518,val
0-1430,0,45518,val
0-1431,0,45518,val
0-1432,0,45518,val
0-1433,0,45518,val
0-1434,0,45518,val
0-1435,0,45518,val
0-1436,0,45518,val
0-1437,0,45518,val
0-1438,0,45518,val
0-1439,0,45518,val
0-1440,0,45518,val
0-1441,0,45518,val
0-1442,0,45518,val
0-1443,0,45518,val
0-1444,0,45518,val
0-1445,0,45518,val
0-1446,0,45518,val
0-1447,0,45518,val
0-1448,0,45518,val
0-1449,0,45518,val
0-1450,0,45518,val
0-1451,0,45518,val
0-1452,0,45518,val
0-1453,0,45518,val
0-1454,0,45518,val
0-1455,0,45518,val
0-1456,0,45518,val
0-1457,0,45518,val
0-1458,0,45518,val
0-1459,0,45518,val
0-1460,0,45518,val
0-1461,0,45518,val
0-1462,0,45518,val
0-1463,0,45518,val
0-1464,0,45518,val
0-1465,0,45518,val
0-1466,0,45518,val
0-1467,0,45518,val
0-1468,0,45518,val
0-1469,0,45518,val
0-1470,0,45518,val
0-1471,0,45518,val
0-1472,0,45518,val
0-1473,0,45518,val
0-1474,0,45518,val
0-1475,0,45518,val
0-1476,0,45518,val
0-1477,0,45518,val
0-1478,0,45518,val
0-1479,0,45518,val
0-1480,0,45518,val
0-1481,0,45518,val
0-1482,0,45518,val
0-1483,0,45518,val
0-1484,0,45518,val
0-1485,0,45518,val
0-1486,0,45518,val
0-1487,0,45518,val
0-1488,0,45518,val
0-1489,0,45518,val
0-1490,0,45518,val
0-1491,0,45518,val
0-1492,0,45518,val
0-1493,0,45518,val
0-1494,0,45518,val
0-1495,0,45518,val
0-1496,0,45518,val
0-1497,0,45518,val
0-1498,0,45518,val
0-1499,0,45518,val
0-1500,0,45518,val
0-1501,0,45518,val
0-1502,0,45518,val
0-1503,0,45518,val
0-1504,0,45518,val
0-1505,0,45518,val
0-1506,0,45518,val
0-1507,0,45518,val
0-1508,0,45518,val
0-1509,0,45518,val
0-1510,0,45518,val
0-1511,0,45518,val
0-1512,0,45518,val
0-1513,0,45518,val
0-1514,0,45518,val
0-1515,0,45518,val
0-1516,0,45518,val
0-1517,0,45518,val
0-1518,0,45518,val
0-1519,0,45518,val
0-1520,0,45518,val
0-1521,0,45518,val
0-1522,0,45518,val
0-1523,0,45518,val
0-1524,0,45518,val
0-1525,0,45518,val
0-1526,0,45518,val
0-1527,0,45518,val
0-1528,0,45518,val
0-1529,0,45518,val
0-1530,0,45518,val
0-1531,0,45518,val
0-1532,0,45518,val
0-1533,0,45518,val
0-1534,0,45518,val
0-1535,0,45518,val
0-1536,0,45518,val
0-1537,0,45518,val
0-1538,0,45518,val
0-1539,0,45518,val
0-1540,0,45518,val
0-1541,0,45518,val
0-1542,0,45518,val
0-1543,0,45518,val
0-1544,0,45518,val
0-1545,0,45518,val
0-1546,0,45518,val
0-1547,0,45518,val
0-1548,0,45518,val
0-1549,0,45518,val
0-1550,0,45518,val
0-1551,0,45518,val
0-1552,0,45518,val
0-1553,0,45518,val
0-1554,0,45518,val
0-1555,0,45518,val
0-1556,0,45518,val
0-1557,0,45518,val
0-1558,0,45518,val
0-1559,0,45518,val
0-1560,0,45518,val
0-1561,0,45518,val
0-1562,0,45518,val
0-1563,0,45518,val
0-1564,0,45518,val
0-1565,0,45518,val
0-1566,0,45518,val
0-1567,0,45518,val
0-1568,0,45518,val
0-1569,0,45518,val
0-1570,0,45518,val
0-1571,0,45518,val
0-1572,0,45518,val
0-1573,0,45518,val
0-1574,0,45518,val
0-1575,0,45518,val
0-1576,0,45518,val
0-1577,0,45518,val
0-1578,0,45518,val
0-1579,0,45518,val
0-1580,0,45518,val
0-1581,0,45518,val
0-1582,0,45518,val
0-1583,0,45518,val
0-1584,0,45518,val
0-1585,0,45518,val
0-1586,0,45518,val
0-1587,0,45518,val
0-1588,0,45518,val
0-1589,0,45518,val
0-1590,0,45518,val
0-1591,0,45518,val
0-1592,0,45518,val
0-1593,0,45518,val
0-1594,0,45518,val
0-1595,0,45518,val
0-1596,0,45518,val
0-1597,0,45518,val
0-1598,0,45518,val
0-1599,0,45518,val
0-1600,0,45518,val
0-1601,0,45518,val
0-1602,0,45518,val
0-1603,0,45518,val
0-1604,0,45518,val
0-1605,0,45518,val
0-1606,0,45518,val
0-1607,0,45518,val
0-1608,0,45518,val
0-1609,0,45518,val
0-1610,0,45518,val
0-1611,0,45518,val
0-1612,0,45518,val
0-1613,0,45518,val
0-1614,0,45518,val
0-1615,0,45518,val
0-1616,0,45518,val
0-1617,0,45518,val
0-1618,0,45518,val
0-1619,0,45518,val
0-1620,0,45518,val
0-1621,0,45518,val
0-1622,0,45518,val
0-1623,0,45518,val
0-1624,0,45518,val
0-1625,0,45518,val
0-1626,0,45518,val
0-1627,0,45518,val
0-1628,0,45518,val
0-1629,0,45518,val
0-1630,0,45518,val
0-1631,0,45518,val
0-1632,0,45518,val
0-1633,0,45518,val
0-1634,0,45518,val
0-1635,0,45518,val
0-1636,0,45518,val
0-1637,0,45518,val
0-1638,0,45518,val
0-1639,0,45518,val
0-1640,0,45518,val
0-1641,0,45518,val
0-1642,0,45518,val
0-1643,0,45518,val
0-1644,0,45518,val
0-1645,0,45518,val
0-1646,0,45518,val
0-1647,0,45518,val
0-1648,0,45518,val
0-1649,0,45518,val
0-1650,0,45518,val
0-1651,0,45518,val
0-1652,0,45518,val
0-1653,0,45518,val
0-1654,0,45518,val
0-1655,0,45518,val
0-1656,0,45518,val
0-1657,0,45518,val
0-1658,0,45518,val
0-1659,0,45518,val
0-1660,0,45518,val
0-1661,0,45518,val
0-1662,0,45518,val
0-1663,0,45518,val
0-1664,0,45518,val
0-1665,0,45518,val
0-1666,0,45518,val
0-1667,0,45518,val
0-1668,0,45518,val
0-1669,0,45518,val
0-1670,0,45518,val
1-0,1,60510,val
1-1,1,60510,val
1-2,1,60510,val
1-3,1,60510,val
1-4,1,60510,val
1-5,1,60510,val
1-6,1,60510,val
1-7,1,60510,val
1-8,1,60510,val
1-9,1,60510,val
1-10,1,60510,val
1-11,1,60510,val
1-12,1,60510,val
1-13,1,60510,val
1-14,1,60510,val
1-15,1,60510,val
1-16,1,60510,val
1-17,1,60510,val
1-18,1,60510,val
1-19,1,60510,val
1-20,1,60510,val
1-21,1,60510,val
1-22,1,60510,val
1-23,1,60510,val
1-24,1,60510,val
1-25,1,60510,val
1-26,1,60510,val
1-27,1,60510,val
1-28,1,60510,val
1-29,1,60510,val
1-30,1,60510,val
1-31,1,60510,val
1-32,1,60510,val
1-33,1,60510,val
1-34,1,60510,val
1-35,1,60510,val
1-36,1,60510,val
1-37,1,60510,val
1-38,1,60510,val
1-39,1,60510,val
1-40,1,60510,val
1-41,1,60510,val
1-42,1,60510,val
1-43,1,60510,val
1-44,1,60510,val
1-45,1,60510,val
1-46,1,60510,val
1-47,1,60510,val
1-48,1,60510,val
1-49,1,60510,val
1-50,1,60510,val
1-51,1,60510,val
1-52,1,60510,val
1-53,1,60510,val
1-54,1,60510,val
1-55,1,60510,val
1-56,1,60510,val
1-57,1,60510,val
1-58,1,60510,val
1-59,1,60510,val
1-60,1,60510,val
1-61,1,60510,val
1-62,1,60510,val
1-63,1,60510,val
1-64,1,60510,val
1-65,1,60510,val
1-66,1,60510,val
1-67,1,60510,val
1-68,1,60510,val
1-69,1,60510,val
1-70,1,60510,val
1-71,1,60510,val
1-72,1,60510,val
1-73,1,60510,val
1-74,1,60510,val
1-75,1,60510,val
1-76,1,60510,val
1-77,1,60510,val
1-78,1,60510,val
1-79,1,60510,val
1-80,1,60510,val
1-81,1,60510,val
1-82,1,60510,val
1-83,1,60510,val
1-84,1,60510,val
1-85,1,60510,val
1-86,1,60510,val
1-87,1,60510,val
1-88,1,60510,val
1-89,1,60510,val
1-90,1,60510,val
1-91,1,60510,val
1-92,1,60510,val
1-93,1,60510,val
1-94,1,60510,val
1-95,1,60510,val
1-96,1,60510,val
1-97,1,60510,val
1-98,1,60510,val
1-99,1,60510,val
1-100,1,60510,val
1-101,1,60510,val
1-102,1,60510,val
1-103,1,60510,val
1-104,1,60510,val
1-105,1,60510,val
1-106,1,60510,val
1-107,1,60510,val
1-108,1,60510,val
1-109,1,60510,val
1-110,1,60510,val
1-111,1,60510,val
1-112,1,60510,val
1-113,1,60510,val
1-114,1,60510,val
1-115,1,60510,val
1-116,1,60510,val
1-117,1,60510,val
1-118,1,60510,val
1-119,1,60510,val
1-120,1,60510,val
1-121,1,60510,val
1-122,1,60510,val
1-123,1,60510,val
1-124,1,60510,val
1-125,1,60510,val
1-126,1,60510,val
1-127,1,60510,val
1-128,1,60510,val
1-129,1,60510,val
1-130,1,60510,val
1-131,1,60510,val
1-132,1,60510,val
1-133,1,60510,val
1-134,1,60510,val
1-135,1,60510,val
1-136,1,60510,val
1-137,1,60510,val
1-138,1,60510,val
1-139,1,60510,val
1-140,1,60510,val
1-141,1,60510,val
1-142,1,60510,val
1-143,1,60510,val
1-144,1,60510,val
1-145,1,60510,val
1-146,1,60510,val
1-147,1,60510,val
1-148,1,60510,val
1-149,1,60510,val
1-150,1,60510,val
1-151,1,60510,val
1-152,1,60510,val
1-153,1,60510,val
1-154,1,60510,val
1-155,1,60510,val
1-156,1,60510,val
1-157,1,60510,val
1-158,1,60510,val
1-159,1,60510,val
1-160,1,60510,val
1-161,1,60510,val
1-162,1,60510,val
1-163,1,60510,val
1-164,1,60510,val
1-165,1,60510,val
1-166,1,60510,val
1-167,1,60510,val
1-168,1,60510,val
1-169,1,60510,val
1-170,1,60510,val
1-171,1,60510,val
1-172,1,60510,val
1-173,1,60510,val
1-174,1,60510,val
1-175,1,60510,val
1-176,1,60510,val
1-177,1,60510,val
1-178,1,60510,val
1-179,1,60510,val
1-180,1,60510,val
1-181,1,60510,val
1-182,1,60510,val
1-183,1,60510,val
1-184,1,60510,val
1-185,1,60510,val
1-186,1,60510,val
1-187,1,60510,val
1-188,1,60510,val
1-189,1,60510,val
1-190,1,60510,val
1-191,1,60510,val
1-192,1,60510,val
1-193,1,60510,val
1-194,1,60510,val
1-195,1,60510,val
1-196,1,60510,val
1-197,1,60510,val
1-198,1,60510,val
1-199,1,60510,val
1-200,1,60510,val
1-201,1,60510,val
1-202,1,60510,val
1-203,1,60510,val
1-204,1,60510,val
1-205,1,60510,val
1-206,1,60510,val
1-207,1,60510,val
1-208,1,60510,val
1-209,1,60510,val
1-210,1,60510,val
1-211,1,60510,val
1-212,1,60510,val
1-213,1,60510,val
1-214,1,60510,val
1-215,1,60510,val
1-216,1,60510,val
1-217,1,60510,val
1-218,1,60510,val
1-219,1,60510,val
1-220,1,60510,val
1-221,1,60510,val
1-222,1,60510,val
1-223,1,60510,val
1-224,1,60510,val
1-225,1,60510,val
1-226,1,60510,val
1-227,1,60510,val
1-228,1,60510,val
1-229,1,60510,val
1-230,1,60510,val
1-231,1,60510,val
1-232,1,60510,val
1-233,1,60510,val
1-234,1,60510,val
1-235,1,60510,val
1-236,1,60510,val
1-237,1,60510,val
1-238,1,60510,val
1-239,1,60510,val
1-240,1,60510,val
1-241,1,60510,val
1-242,1,60510,val
1-243,1,60510,val
1-244,1,60510,val
1-245,1,60510,val
1-246,1,60510,val
1-247,1,60510,val
1-248,1,60510,val
1-249,1,60510,val
1-250,1,60510,val
1-251,1,60510,val
1-252,1,60510,val
1-253,1,60510,val
1-254,1,60510,val
1-255,1,60510,val
1-256,1,60510,val
1-257,1,60510,val
1-258,1,60510,val
1-259,1,60510,val
1-260,1,60510,val
1-261,1,60510,val
1-262,1,60510,val
1-263,1,60510,val
1-264,1,60510,val
1-265,1,60510,val
1-266,1,60510,val
1-267,1,60510,val
1-268,1,60510,val
1-269,1,60510,val
1-270,1,60510,val
1-271,1,60510,val
1-272,1,60510,val
1-273,1,60510,val
1-274,1,60510,val
1-275,1,60510,val
1-276,1,60510,val
1-277,1,60510,val
1-278,1,60510,val
1-279,1,60510,val
1-280,1,60510,val
1-281,1,60510,val
1-282,1,60510,val
1-283,1,60510,val
1-284,1,60510,val
1-285,1,60510,val
1-286,1,60510,val
1-287,1,60510,val
1-288,1,60510,val
1-289,1,60510,val
1-290,1,60510,val
1-291,1,60510,val
1-292,1,60510,val
1-293,1,60510,val
1-294,1,60510,val
1-295,1,60510,val
1-296,1,60510,val
1-297,1,60510,val
1-298,1,60510,val
1-299,1,60510,val
1-300,1,60510,val
1-301,1,60510,val
1-302,1,60510,val
1-303,1,60510,val
1-304,1,60510,val
1-305,1,60510,val
1-306,1,60510,val
1-307,1,60510,val
1-308,1,60510,val
1-309,1,60510,val
1-310,1,60510,val
1-311,1,60510,val
1-312,1,60510,val
1-313,1,60510,val
1-314,1,60510,val
1-315,1,60510,val
1-316,1,60510,val
1-317,1,60510,val
1-318,1,60510,val
1-319,1,60510,val
1-320,1,60510,val
1-321,1,60510,val
1-322,1,60510,val
1-323,1,60510,val
1-324,1,60510,val
1-325,1,60510,val
1-326,1,60510,val
1-327,1,60510,val
1-328,1,60510,val
1-329,1,60510,val
1-330,1,60510,val
1-331,1,60510,val
1-332,1,60510,val
1-333,1,60510,val
1-334,1,60510,val
1-335,1,60510,val
1-336,1,60510,val
1-337,1,60510,val
1-338,1,60510,val
1-339,1,60510,val
1-340,1,60510,val
1-341,1,60510,val
1-342,1,60510,val
1-343,1,60510,val
1-344,1,60510,val
1-345,1,60510,val
1-346,1,60510,val
1-347,1,60510,val
1-348,1,60510,val
1-349,1,60510,val
1-350,1,60510,val
1-351,1,60510,val
1-352,1,60510,val
1-353,1,60510,val
1-354,1,60510,val
1-355,1,60510,val
1-356,1,60510,val
1-357,1,60510,val
1-358,1,60510,val
1-359,1,60510,val
1-360,1,60510,val
1-361,1,60510,val
1-362,1,60510,val
1-363,1,60510,val
1-364,1,60510,val
1-365,1,60510,val
1-366,1,60510,val
1-367,1,60510,val
1-368,1,60510,val
1-369,1,60510,val
1-370,1,60510,val
1-371,1,60510,val
1-372,1,60510,val
1-373,1,60510,val
1-374,1,60510,val
1-375,1,60510,val
1-376,1,60510,val
1-377,1,60510,val
1-378,1,60510,val
1-379,1,60510,val
1-380,1,60510,val
1-381,1,60510,val
1-382,1,60510,val
1-383,1,60510,val
1-384,1,60510,val
1-385,1,60510,val
1-386,1,60510,val
1-387,1,60510,val
1-388,1,60510,val
1-389,1,60510,val
1-390,1,60510,val
1-391,1,60510,val
1-392,1,60510,val
1-393,1,60510,val
1-394,1,60510,val
1-395,1,60510,val
1-396,1,60510,val
1-397,1,60510,val
1-398,1,60510,val
1-399,1,60510,val
1-400,1,60510,val
1-401,1,60510,val
1-402,1,60510,val
1-403,1,60510,val
1-404,1,60510,val
1-405,1,60510,val
1-406,1,60510,val
1-407,1,60510,val
1-408,1,60510,val
1-409,1,60510,val
1-410,1,60510,val
1-411,1,60510,val
1-412,1,60510,val
1-413,1,60510,val
1-414,1,60510,val
1-415,1,60510,val
1-416,1,60510,val
1-417,1,60510,val
1-418,1,60510,val
1-419,1,60510,val
1-420,1,60510,val
1-421,1,60510,val
1-422,1,60510,val
1-423,1,60510,val
1-424,1,60510,val
1-425,1,60510,val
1-426,1,60510,val
1-427,1,60510,val
1-428,1,60510,val
1-429,1,60510,val
1-430,1,60510,val
1-431,1,60510,val
1-432,1,60510,val
1-433,1,60510,val
1-434,1,60510,val
1-435,1,60510,val
1-436,1,60510,val
1-437,1,60510,val
1-438,1,60510,val
1-439,1,60510,val
1-440,1,60510,val
1-441,1,60510,val
1-442,1,60510,val
1-443,1,60510,val
1-444,1,60510,val
1-445,1,60510,val
1-446,1,60510,val
1-447,1,60510,val
1-448,1,60510,val
1-449,1,60510,val
1-450,1,60510,val
1-451,1,60510,val
1-452,1,60510,val
1-453,1,60510,val
1-454,1,60510,val
1-455,1,60510,val
1-456,1,60510,val
1-457,1,60510,val
1-458,1,60510,val
1-459,1,60510,val
1-460,1,60510,val
1-461,1,60510,val
1-462,1,60510,val
1-463,1,60510,val
1-464,1,60510,val
1-465,1,60510,val
1-466,1,60510,val
1-467,1,60510,val
1-468,1,60510,val
1-469,1,60510,val
1-470,1,60510,val
1-471,1,60510,val
1-472,1,60510,val
1-473,1,60510,val
1-474,1,60510,val
1-475,1,60510,val
1-476,1,60510,val
1-477,1,60510,val
1-478,1,60510,val
1-479,1,60510,val
1-480,1,60510,val
1-481,1,60510,val
1-482,1,60510,val
1-483,1,60510,val
1-484,1,60510,val
1-485,1,60510,val
1-486,1,60510,val
1-487,1,60510,val
1-488,1,60510,val
1-489,1,60510,val
1-490,1,60510,val
1-491,1,60510,val
1-492,1,60510,val
1-493,1,60510,val
1-494,1,60510,val
1-495,1,60510,val
1-496,1,60510,val
1-497,1,60510,val
1-498,1,60510,val
1-499,1,60510,val
1-500,1,60510,val
1-501,1,60510,val
1-502,1,60510,val
1-503,1,60510,val
1-504,1,60510,val
1-505,1,60510,val
1-506,1,60510,val
1-507,1,60510,val
1-508,1,60510,val
1-509,1,60510,val
1-510,1,60510,val
1-511,1,60510,val
1-512,1,60510,val
1-513,1,60510,val
1-514,1,60510,val
1-515,1,60510,val
1-516,1,60510,val
1-517,1,60510,val
1-518,1,60510,val
1-519,1,60510,val
1-520,1,60510,val
1-521,1,60510,val
1-522,1,60510,val
1-523,1,60510,val
1-524,1,60510,val
1-525,1,60510,val
1-526,1,60510,val
1-527,1,60510,val
1-528,1,60510,val
1-529,1,60510,val
1-530,1,60510,val
1-531,1,60510,val
1-532,1,60510,val
1-533,1,60510,val
1-534,1,60510,val
1-535,1,60510,val
1-536,1,60510,val
1-537,1,60510,val
1-538,1,60510,val
1-539,1,60510,val
1-540,1,60510,val
1-541,1,60510,val
1-542,1,60510,val
1-543,1,60510,val
1-544,1,60510,val
1-545,1,60510,val
1-546,1,60510,val
1-547,1,60510,val
1-548,1,60510,val
1-549,1,60510,val
1-550,1,60510,val
1-551,1,60510,val
1-552,1,60510,val
1-553,1,60510,val
1-554,1,60510,val
1-555,1,60510,val
1-556,1,60510,val
1-557,1,60510,val
1-558,1,60510,val
1-559,1,60510,val
1-560,1,60510,val
1-561,1,60510,val
1-562,1,60510,val
1-563,1,60510,val
1-564,1,60510,val
1-565,1,60510,val
1-566,1,60510,val
1-567,1,60510,val
1-568,1,60510,val
1-569,1,60510,val
1-570,1,60510,val
1-571,1,60510,val
1-572,1,60510,val
1-573,1,60510,val
1-574,1,60510,val
1-575,1,60510,val
1-576,1,60510,val
1-577,1,60510,val
1-578,1,60510,val
1-579,1,60510,val
1-580,1,60510,val
1-581,1,60510,val
1-582,1,60510,val
1-583,1,60510,val
1-584,1,60510,val
1-585,1,60510,val
1-586,1,60510,val
1-587,1,60510,val
1-588,1,60510,val
1-589,1,60510,val
1-590,1,60510,val
1-591,1,60510,val
1-592,1,60510,val
1-593,1,60510,val
1-594,1,60510,val
1-595,1,60510,val
1-596,1,60510,val
1-597,1,60510,val
1-598,1,60510,val
1-599,1,60510,val
1-600,1,60510,val
1-601,1,60510,val
1-602,1,60510,val
1-603,1,60510,val
1-604,1,60510,val
1-605,1,60510,val
1-606,1,60510,val
1-607,1,60510,val
1-608,1,60510,val
1-609,1,60510,val
1-610,1,60510,val
1-611,1,60510,val
1-612,1,60510,val
1-613,1,60510,val
1-614,1,60510,val
1-615,1,60510,val
1-616,1,60510,val
1-617,1,60510,val
1-618,1,60510,val
1-619,1,60510,val
1-620,1,60510,val
1-621,1,60510,val
1-622,1,60510,val
1-623,1,60510,val
1-624,1,60510,val
1-625,1,60510,val
1-626,1,60510,val
1-627,1,60510,val
1-628,1,60510,val
1-629,1,60510,val
1-630,1,60510,val
1-631,1,60510,val
1-632,1,60510,val
1-633,1,60510,val
1-634,1,60510,val
1-635,1,60510,val
1-636,1,60510,val
1-637,1,60510,val
1-638,1,60510,val
1-639,1,60510,val
1-640,1,60510,val
1-641,1,60510,val
1-642,1,60510,val
1-643,1,60510,val
1-644,1,60510,val
1-645,1,60510,val
1-646,1,60510,val
1-647,1,60510,val
1-648,1,60510,val
1-649,1,60510,val
1-650,1,60510,val
1-651,1,60510,val
1-652,1,60510,val
1-653,1,60510,val
1-654,1,60510,val
1-655,1,60510,val
1-656,1,60510,val
1-657,1,60510,val
1-658,1,60510,val
1-659,1,60510,val
1-660,1,60510,val
1-661,1,60510,val
1-662,1,60510,val
1-663,1,60510,val
1-664,1,60510,val
1-665,1,60510,val
1-666,1,60510,val
1-667,1,60510,val
1-668,1,60510,val
1-669,1,60510,val
1-670,1,60510,val
1-671,1,60510,val
1-672,1,60510,val
1-673,1,60510,val
1-674,1,60510,val
1-675,1,60510,val
1-676,1,60510,val
1-677,1,60510,val
1-678,1,60510,val
1-679,1,60510,val
1-680,1,60510,val
1-681,1,60510,val
1-682,1,60510,val
1-683,1,60510,val
1-684,1,60510,val
1-685,1,60510,val
1-686,1,60510,val
1-687,1,60510,val
1-688,1,60510,val
1-689,1,60510,val
1-690,1,60510,val
1-691,1,60510,val
1-692,1,60510,val
1-693,1,60510,val
1-694,1,60510,val
1-695,1,60510,val
1-696,1,60510,val
1-697,1,60510,val
1-698,1,60510,val
1-699,1,60510,val
1-700,1,60510,val
1-701,1,60510,val
1-702,1,60510,val
1-703,1,60510,val
1-704,1,60510,val
1-705,1,60510,val
1-706,1,60510,val
1-707,1,60510,val
1-708,1,60510,val
1-709,1,60510,val
1-710,1,60510,val
1-711,1,60510,val
1-712,1,60510,val
1-713,1,60510,val
1-714,1,60510,val
1-715,1,60510,val
1-716,1,60510,val
1-717,1,60510,val
1-718,1,60510,val
1-719,1,60510,val
1-720,1,60510,val
1-721,1,60510,val
1-722,1,60510,val
1-723,1,60510,val
1-724,1,60510,val
1-725,1,60510,val
1-726,1,60510,val
1-727,1,60510,val
1-728,1,60510,val
1-729,1,60510,val
1-730,1,60510,val
1-731,1,60510,val
1-732,1,60510,val
1-733,1,60510,val
1-734,1,60510,val
1-735,1,60510,val
1-736,1,60510,val
1-737,1,60510,val
1-738,1,60510,val
1-739,1,60510,val
1-740,1,60510,val
1-741,1,60510,val
1-742,1,60510,val
1-743,1,60510,val
1-744,1,60510,val
1-745,1,60510,val
1-746,1,60510,val
1-747,1,60510,val
1-748,1,60510,val
1-749,1,60510,val
1-750,1,60510,val
1-751,1,60510,val
1-752,1,60510,val
1-753,1,60510,val
1-754,1,60510,val
1-755,1,60510,val
1-756,1,60510,val
1-757,1,60510,val
1-758,1,60510,val
1-759,1,60510,val
1-760,1,60510,val
1-761,1,60510,val
1-762,1,60510,val
1-763,1,60510,val
1-764,1,60510,val
1-765,1,60510,val
1-766,1,60510,val
1-767,1,60510,val
1-768,1,60510,val
1-769,1,60510,val
1-770,1,60510,val
1-771,1,60510,val
1-772,1,60510,val
1-773,1,60510,val
1-774,1,60510,val
1-775,1,60510,val
1-776,1,60510,val
1-777,1,60510,val
1-778,1,60510,val
1-779,1,60510,val
1-780,1,60510,val
1-781,1,60510,val
1-782,1,60510,val
1-783,1,60510,val
1-784,1,60510,val
1-785,1,60510,val
1-786,1,60510,val
1-787,1,60510,val
1-788,1,60510,val
1-789,1,60510,val
1-790,1,60510,val
1-791,1,60510,val
1-792,1,60510,val
1-793,1,60510,val
1-794,1,60510,val
1-795,1,60510,val
1-796,1,60510,val
1-797,1,60510,val
1-798,1,60510,val
1-799,1,60510,val
1-800,1,60510,val
1-801,1,60510,val
1-802,1,60510,val
1-803,1,60510,val
1-804,1,60510,val
1-805,1,60510,val
1-806,1,60510,val
1-807,1,60510,val
1-808,1,60510,val
1-809,1,60510,val
1-810,1,60510,val
1-811,1,60510,val
1-812,1,60510,val
1-813,1,60510,val
1-814,1,60510,val
1-815,1,60510,val
1-816,1,60510,val
1-817,1,60510,val
1-818,1,60510,val
1-819,1,60510,val
1-820,1,60510,val
1-821,1,60510,val
1-822,1,60510,val
1-823,1,60510,val
1-824,1,60510,val
1-825,1,60510,val
1-826,1,60510,val
1-827,1,60510,val
1-828,1,60510,val
1-829,1,60510,val
1-830,1,60510,val
1-831,1,60510,val
1-832,1,60510,val
1-833,1,60510,val
1-834,1,60510,val
1-835,1,60510,val
1-836,1,60510,val
1-837,1,60510,val
1-838,1,60510,val
1-839,1,60510,val
1-840,1,60510,val
1-841,1,60510,val
1-842,1,60510,val
1-843,1,60510,val
1-844,1,60510,val
1-845,1,60510,val
1-846,1,60510,val
1-847,1,60510,val
1-848,1,60510,val
1-849,1,60510,val
1-850,1,60510,val
1-851,1,60510,val
1-852,1,60510,val
1-853,1,60510,val
1-854,1,60510,val
1-855,1,60510,val
1-856,1,60510,val
1-857,1,60510,val
1-858,1,60510,val
1-859,1,60510,val
1-860,1,60510,val
1-861,1,60510,val
1-862,1,60510,val
1-863,1,60510,val
1-864,1,60510,val
1-865,1,60510,val
1-866,1,60510,val
1-867,1,60510,val
1-868,1,60510,val
1-869,1,60510,val
1-870,1,60510,val
1-871,1,60510,val
1-872,1,60510,val
1-873,1,60510,val
1-874,1,60510,val
1-875,1,60510,val
1-876,1,60510,val
1-877,1,60510,val
1-878,1,60510,val
1-879,1,60510,val
1-880,1,60510,val
1-881,1,60510,val
1-882,1,60510,val
1-883,1,60510,val
1-884,1,60510,val
1-885,1,60510,val
1-886,1,60510,val
1-887,1,60510,val
1-888,1,60510,val
1-889,1,60510,val
1-890,1,60510,val
1-891,1,60510,val
1-892,1,60510,val
1-893,1,60510,val
1-894,1,60510,val
1-895,1,60510,val
1-896,1,60510,val
1-897,1,60510,val
1-898,1,60510,val
1-899,1,60510,val
1-900,1,60510,val
1-901,1,60510,val
1-902,1,60510,val
1-903,1,60510,val
1-904,1,60510,val
1-905,1,60510,val
1-906,1,60510,val
1-907,1,60510,val
1-908,1,60510,val
1-909,1,60510,val
1-910,1,60510,val
1-911,1,60510,val
1-912,1,60510,val
1-913,1,60510,val
1-914,1,60510,val
1-915,1,60510,val
1-916,1,60510,val
1-917,1,60510,val
1-918,1,60510,val
1-919,1,60510,val
1-920,1,60510,val
1-921,1,60510,val
1-922,1,60510,val
1-923,1,60510,val
1-924,1,60510,val
1-925,1,60510,val
1-926,1,60510,val
1-927,1,60510,val
1-928,1,60510,val
1-929,1,60510,val
1-930,1,60510,val
1-931,1,60510,val
1-932,1,60510,val
1-933,1,60510,val
1-934,1,60510,val
1-935,1,60510,val
1-936,1,60510,val
1-937,1,60510,val
1-938,1,60510,val
1-939,1,60510,val
1-940,1,60510,val
1-941,1,60510,val
1-942,1,60510,val
1-943,1,60510,val
1-944,1,60510,val
1-945,1,60510,val
1-946,1,60510,val
1-947,1,60510,val
1-948,1,60510,val
1-949,1,60510,val
1-950,1,60510,val
1-951,1,60510,val
1-952,1,60510,val
1-953,1,60510,val
1-954,1,60510,val
1-955,1,60510,val
1-956,1,60510,val
1-957,1,60510,val
1-958,1,60510,val
1-959,1,60510,val
1-960,1,60510,val
1-961,1,60510,val
1-962,1,60510,val
1-963,1,60510,val
1-964,1,60510,val
1-965,1,60510,val
1-966,1,60510,val
1-967,1,60510,val
1-968,1,60510,val
1-969,1,60510,val
1-970,1,60510,val
1-971,1,60510,val
1-972,1,60510,val
1-973,1,60510,val
1-974,1,60510,val
1-975,1,60510,val
1-976,1,60510,val
1-977,1,60510,val
1-978,1,60510,val
1-979,1,60510,val
1-980,1,60510,val
1-981,1,60510,val
1-982,1,60510,val
1-983,1,60510,val
1-984,1,60510,val
1-985,1,60510,val
1-986,1,60510,val
1-987,1,60510,val
1-988,1,60510,val
1-989,1,60510,val
1-990,1,60510,val
1-991,1,60510,val
1-992,1,60510,val
1-993,1,60510,val
1-994,1,60510,val
1-995,1,60510,val
1-996,1,60510,val
1-997,1,60510,val
1-998,1,60510,val
1-999,1,60510,val
1-1000,1,60510,val
1-1001,1,60510,val
1-1002,1,60510,val
1-1003,1,60510,val
1-1004,1,60510,val
1-1005,1,60510,val
1-1006,1,60510,val
1-1007,1,60510,val
1-1008,1,60510,val
1-1009,1,60510,val
1-1010,1,60510,val
1-1011,1,60510,val
1-1012,1,60510,val
1-1013,1,60510,val
1-1014,1,60510,val
1-1015,1,60510,val
1-1016,1,60510,val
1-1017,1,60510,val
1-1018,1,60510,val
1-1019,1,60510,val
1-1020,1,60510,val
1-1021,1,60510,val
1-1022,1,60510,val
1-1023,1,60510,val
1-1024,1,60510,val
1-1025,1,60510,val
1-1026,1,60510,val
1-1027,1,60510,val
1-1028,1,60510,val
1-1029,1,60510,val
1-1030,1,60510,val
1-1031,1,60510,val
1-1032,1,60510,val
1-1033,1,60510,val
1-1034,1,60510,val
1-1035,1,60510,val
1-1036,1,60510,val
1-1037,1,60510,val
1-1038,1,60510,val
1-1039,1,60510,val
1-1040,1,60510,val
1-1041,1,60510,val
1-1042,1,60510,val
1-1043,1,60510,val
1-1044,1,60510,val
1-1045,1,60510,val
1-1046,1,60510,val
1-1047,1,60510,val
1-1048,1,60510,val
1-1049,1,60510,val
1-1050,1,60510,val
1-1051,1,60510,val
1-1052,1,60510,val
1-1053,1,60510,val
1-1054,1,60510,val
1-1055,1,60510,val
1-1056,1,60510,val
1-1057,1,60510,val
1-1058,1,60510,val
1-1059,1,60510,val
1-1060,1,60510,val
1-1061,1,60510,val
1-1062,1,60510,val
1-1063,1,60510,val
1-1064,1,60510,val
1-1065,1,60510,val
1-1066,1,60510,val
1-1067,1,60510,val
1-1068,1,60510,val
1-1069,1,60510,val
1-1070,1,60510,val
1-1071,1,60510,val
1-1072,1,60510,val
1-1073,1,60510,val
1-1074,1,60510,val
1-1075,1,60510,val
1-1076,1,60510,val
1-1077,1,60510,val
1-1078,1,60510,val
1-1079,1,60510,val
1-1080,1,60510,val
1-1081,1,60510,val
1-1082,1,60510,val
1-1083,1,60510,val
1-1084,1,60510,val
1-1085,1,60510,val
1-1086,1,60510,val
1-1087,1,60510,val
1-1088,1,60510,val
1-1089,1,60510,val
1-1090,1,60510,val
1-1091,1,60510,val
1-1092,1,60510,val
1-1093,1,60510,val
1-1094,1,60510,val
1-1095,1,60510,val
1-1096,1,60510,val
1-1097,1,60510,val
1-1098,1,60510,val
1-1099,1,60510,val
1-1100,1,60510,val
1-1101,1,60510,val
1-1102,1,60510,val
1-1103,1,60510,val
1-1104,1,60510,val
1-1105,1,60510,val
1-1106,1,60510,val
1-1107,1,60510,val
1-1108,1,60510,val
1-1109,1,60510,val
1-1110,1,60510,val
1-1111,1,60510,val
1-1112,1,60510,val
1-1113,1,60510,val
1-1114,1,60510,val
1-1115,1,60510,val
1-1116,1,60510,val
1-1117,1,60510,val
1-1118,1,60510,val
1-1119,1,60510,val
1-1120,1,60510,val
1-1121,1,60510,val
1-1122,1,60510,val
1-1123,1,60510,val
1-1124,1,60510,val
1-1125,1,60510,val
1-1126,1,60510,val
1-1127,1,60510,val
1-1128,1,60510,val
1-1129,1,60510,val
1-1130,1,60510,val
1-1131,1,60510,val
1-1132,1,60510,val
1-1133,1,60510,val
1-1134,1,60510,val
1-1135,1,60510,val
1-1136,1,60510,val
1-1137,1,60510,val
1-1138,1,60510,val
1-1139,1,60510,val
1-1140,1,60510,val
1-1141,1,60510,val
1-1142,1,60510,val
1-1143,1,60510,val
1-1144,1,60510,val
1-1145,1,60510,val
1-1146,1,60510,val
1-1147,1,60510,val
1-1148,1,60510,val
1-1149,1,60510,val
1-1150,1,60510,val
1-1151,1,60510,val
1-1152,1,60510,val
1-1153,1,60510,val
1-1154,1,60510,val
1-1155,1,60510,val
1-1156,1,60510,val
1-1157,1,60510,val
1-1158,1,60510,val
1-1159,1,60510,val
1-1160,1,60510,val
1-1161,1,60510,val
1-1162,1,60510,val
1-1163,1,60510,val
1-1164,1,60510,val
1-1165,1,60510,val
1-1166,1,60510,val
1-6845,1,17665,val
1-6846,1,17665,val
1-6847,1,17665,val
1-6848,1,17665,val
1-6849,1,17665,val
1-6850,1,17665,val
1-6851,1,17665,val
1-6852,1,17665,val
1-6853,1,17665,val
1-6854,1,17665,val
1-6855,1,17665,val
1-6856,1,17665,val
1-6857,1,17665,val
1-6858,1,17665,val
1-6859,1,17665,val
1-6860,1,17665,val
1-6861,1,17665,val
1-6862,1,17665,val
1-6863,1,17665,val
1-6864,1,17665,val
1-6865,1,17665,val
1-6866,1,17665,val
1-6867,1,17665,val
1-6868,1,17665,val
1-6869,1,17665,val
1-6870,1,17665,val
1-6871,1,17665,val
1-6872,1,17665,val
1-6873,1,17665,val
1-6874,1,17665,val
1-6875,1,17665,val
1-6876,1,17665,val
1-6877,1,17665,val
1-6878,1,17665,val
1-6879,1,17665,val
1-6880,1,17665,val
1-6881,1,17665,val
1-6882,1,17665,val
1-6883,1,17665,val
1-6884,1,17665,val
1-6885,1,17665,val
1-6886,1,17665,val
1-6887,1,17665,val
1-6888,1,17665,val
1-6889,1,17665,val
1-6890,1,17665,val
1-6891,1,17665,val
1-6892,1,17665,val
1-6893,1,17665,val
1-6894,1,17665,val
1-6895,1,17665,val
1-6896,1,17665,val
1-6897,1,17665,val
1-6898,1,17665,val
1-6899,1,17665,val
1-6900,1,17665,val
1-6901,1,17665,val
1-6902,1,17665,val
1-6903,1,17665,val
1-6904,1,17665,val
1-6905,1,17665,val
1-6906,1,17665,val
1-6907,1,17665,val
1-6908,1,17665,val
1-6909,1,17665,val
1-6910,1,17665,val
1-6911,1,17665,val
1-6912,1,17665,val
1-6913,1,17665,val
1-6914,1,17665,val
1-6915,1,17665,val
1-6916,1,17665,val
1-6917,1,17665,val
1-6918,1,17665,val
1-6919,1,17665,val
1-6920,1,17665,val
1-6921,1,17665,val
1-6922,1,17665,val
1-6923,1,17665,val
1-6924,1,17665,val
1-6925,1,17665,val
1-6926,1,17665,val
1-6927,1,17665,val
1-6928,1,17665,val
1-6929,1,17665,val
1-6930,1,17665,val
1-6931,1,17665,val
2-3672,2,26651,val
2-3673,2,26651,val
2-3674,2,26651,val
2-3675,2,26651,val
2-3676,2,26651,val
2-3677,2,26651,val
2-3678,2,26651,val
2-3679,2,26651,val
2-3680,2,26651,val
2-3681,2,26651,val
2-3682,2,26651,val
2-3683,2,26651,val
2-3684,2,26651,val
2-3685,2,26651,val
2-3686,2,26651,val
2-3687,2,26651,val
2-3688,2,26651,val
2-3689,2,26651,val
2-3690,2,26651,val
2-3691,2,26651,val
2-3692,2,26651,val
2-3693,2,26651,val
2-3694,2,26651,val
2-3695,2,26651,val
2-3696,2,26651,val
2-3697,2,26651,val
2-3698,2,26651,val
2-3699,2,26651,val
2-3700,2,26651,val
2-3701,2,26651,val
2-3702,2,26651,val
2-3703,2,26651,val
2-3704,2,26651,val
2-3705,2,26651,val
2-3706,2,26651,val
2-3707,2,26651,val
2-3708,2,26651,val
2-3709,2,26651,val
2-3710,2,26651,val
2-3711,2,26651,val
2-3712,2,26651,val
2-3713,2,26651,val
2-3714,2,26651,val
2-3715,2,26651,val
2-3716,2,26651,val
2-3717,2,26651,val
2-3718,2,26651,val
2-3719,2,26651,val
2-3720,2,26651,val
2-3721,2,26651,val
2-3722,2,26651,val
2-3723,2,26651,val
2-3724,2,26651,val
2-3725,2,26651,val
2-3726,2,26651,val
2-3727,2,26651,val
2-3728,2,26651,val
2-3729,2,26651,val
2-3730,2,26651,val
2-3731,2,26651,val
2-3732,2,26651,val
2-3733,2,26651,val
2-3734,2,26651,val
2-3735,2,26651,val
2-3736,2,26651,val
2-3737,2,26651,val
2-3738,2,26651,val
2-3739,2,26651,val
2-3740,2,26651,val
2-3741,2,26651,val
2-3742,2,26651,val
2-3743,2,26651,val
2-3744,2,26651,val
2-3745,2,26651,val
2-3746,2,26651,val
2-3747,2,26651,val
2-3748,2,26651,val
2-3749,2,26651,val
2-3750,2,26651,val
2-3751,2,26651,val
2-3752,2,26651,val
2-3753,2,26651,val
2-3754,2,26651,val
2-3755,2,26651,val
2-3756,2,26651,val
2-3757,2,26651,val
2-3758,2,26651,val
2-3759,2,26651,val
2-3760,2,26651,val
2-3761,2,26651,val
2-3762,2,26651,val
2-3763,2,26651,val
2-3764,2,26651,val
2-3765,2,26651,val
2-3766,2,26651,val
2-3767,2,26651,val
2-3768,2,26651,val
2-3769,2,26651,val
2-3770,2,26651,val
2-3771,2,26651,val
2-3772,2,26651,val
2-3773,2,26651,val
2-3774,2,26651,val
2-3775,2,26651,val
2-3776,2,26651,val
2-3777,2,26651,val
2-3778,2,26651,val
2-3779,2,26651,val
2-3780,2,26651,val
2-3781,2,26651,val
2-3782,2,26651,val
2-3783,2,26651,val
2-3784,2,26651,val
2-3785,2,26651,val
2-3786,2,26651,val
2-3787,2,26651,val
2-3788,2,26651,val
2-3789,2,26651,val
2-3790,2,26651,val
2-3791,2,26651,val
2-3792,2,26651,val
2-3793,2,26651,val
2-3794,2,26651,val
2-3795,2,26651,val
2-3796,2,26651,val
2-3797,2,26651,val
2-3798,2,26651,val
2-3799,2,26651,val
2-3800,2,26651,val
2-3801,2,26651,val
2-3802,2,26651,val
2-3803,2,26651,val
2-3804,2,26651,val
2-3805,2,26651,val
2-3806,2,26651,val
2-3807,2,26651,val
2-3808,2,26651,val
2-3809,2,26651,val
2-3810,2,26651,val
2-3811,2,26651,val
2-3812,2,26651,val
2-3813,2,26651,val
2-3814,2,26651,val
2-3815,2,26651,val
2-3816,2,26651,val
2-3817,2,26651,val
2-3818,2,26651,val
2-3819,2,26651,val
2-3820,2,26651,val
2-3821,2,26651,val
2-3822,2,26651,val
2-3823,2,26651,val
2-3824,2,26651,val
2-3825,2,26651,val
2-3826,2,26651,val
2-3827,2,26651,val
2-3828,2,26651,val
2-3829,2,26651,val
2-3830,2,26651,val
2-3831,2,26651,val
2-3832,2,26651,val
2-3833,2,26651,val
2-3834,2,26651,val
2-3835,2,26651,val
2-3836,2,26651,val
2-3837,2,26651,val
2-3838,2,26651,val
2-3839,2,26651,val
2-3840,2,26651,val
2-3841,2,26651,val
2-3842,2,26651,val
2-3843,2,26651,val
2-3844,2,26651,val
2-3845,2,26651,val
2-3846,2,26651,val
2-3847,2,26651,val
2-3848,2,26651,val
2-3849,2,26651,val
2-3850,2,26651,val
2-3851,2,26651,val
2-3852,2,26651,val
2-3853,2,26651,val
2-3854,2,26651,val
2-3855,2,26651,val
2-3856,2,26651,val
2-3857,2,26651,val
2-3858,2,26651,val
2-3859,2,26651,val
2-3860,2,26651,val
2-3861,2,26651,val
2-3862,2,26651,val
2-3863,2,26651,val
2-3864,2,26651,val
2-3865,2,26651,val
2-3866,2,26651,val
2-3867,2,26651,val
2-3868,2,26651,val
2-3869,2,26651,val
2-3870,2,26651,val
2-3871,2,26651,val
2-3872,2,26651,val
2-3873,2,26651,val
2-3874,2,26651,val
2-3875,2,26651,val
2-3876,2,26651,val
2-3877,2,26651,val
2-3878,2,26651,val
2-3879,2,26651,val
2-3880,2,26651,val
2-3881,2,26651,val
2-3882,2,26651,val
2-3883,2,26651,val
2-3884,2,26651,val
2-3885,2,26651,val
2-3886,2,26651,val
2-3887,2,26651,val
2-3888,2,26651,val
2-3889,2,26651,val
2-3890,2,26651,val
2-3891,2,26651,val
2-3892,2,26651,val
2-3893,2,26651,val
2-3894,2,26651,val
2-3895,2,26651,val
2-3896,2,26651,val
2-3897,2,26651,val
2-3898,2,26651,val
2-3899,2,26651,val
2-3900,2,26651,val
2-3901,2,26651,val
2-3902,2,26651,val
2-3903,2,26651,val
2-3904,2,26651,val
2-3905,2,26651,val
2-3906,2,26651,val
2-3907,2,26651,val
2-3908,2,26651,val
2-3909,2,26651,val
2-3910,2,26651,val
2-3911,2,26651,val
2-3912,2,26651,val
2-3913,2,26651,val
2-3914,2,26651,val
2-3915,2,26651,val
2-3916,2,26651,val
2-3917,2,26651,val
2-3918,2,26651,val
2-3919,2,26651,val
2-3920,2,26651,val
2-3921,2,26651,val
2-3922,2,26651,val
2-3923,2,26651,val
2-3924,2,26651,val
2-3925,2,26651,val
2-3926,2,26651,val
2-3927,2,26651,val
2-3928,2,26651,val
2-3929,2,26651,val
2-3930,2,26651,val
2-3931,2,26651,val
2-3932,2,26651,val
2-3933,2,26651,val
2-3934,2,26651,val
2-3935,2,26651,val
2-3936,2,26651,val
2-3937,2,26651,val
2-3938,2,26651,val
2-3939,2,26651,val
2-3940,2,26651,val
2-3941,2,26651,val
2-3942,2,26651,val
2-3943,2,26651,val
2-3944,2,26651,val
2-3945,2,26651,val
2-3946,2,26651,val
2-3947,2,26651,val
2-3948,2,26651,val
2-3949,2,26651,val
2-3950,2,26651,val
2-3951,2,26651,val
2-3952,2,26651,val
2-3953,2,26651,val
2-3954,2,26651,val
2-3955,2,26651,val
2-3956,2,26651,val
2-3957,2,26651,val
2-3958,2,26651,val
2-3959,2,26651,val
2-3960,2,26651,val
2-3961,2,26651,val
2-3962,2,26651,val
2-3963,2,26651,val
2-3964,2,26651,val
2-3965,2,26651,val
2-3966,2,26651,val
2-3967,2,26651,val
2-3968,2,26651,val
2-3969,2,26651,val
2-3970,2,26651,val
2-3971,2,26651,val
2-3972,2,26651,val
2-3973,2,26651,val
2-3974,2,26651,val
2-3975,2,26651,val
2-3976,2,26651,val
2-3977,2,26651,val
2-3978,2,26651,val
2-3979,2,26651,val
2-3980,2,26651,val
2-3981,2,26651,val
2-3982,2,26651,val
2-3983,2,26651,val
2-3984,2,26651,val
2-3985,2,26651,val
2-3986,2,26651,val
2-3987,2,26651,val
2-3988,2,26651,val
2-3989,2,26651,val
2-3990,2,26651,val
2-3991,2,26651,val
2-3992,2,26651,val
2-3993,2,26651,val
2-3994,2,26651,val
2-3995,2,26651,val
2-3996,2,26651,val
2-3997,2,26651,val
2-3998,2,26651,val
2-3999,2,26651,val
2-4000,2,26651,val
2-4001,2,26651,val
2-4002,2,26651,val
2-4003,2,26651,val
2-4004,2,26651,val
2-4005,2,26651,val
2-4006,2,26651,val
2-4007,2,26651,val
2-4008,2,26651,val
2-4009,2,26651,val
2-4010,2,26651,val
2-4011,2,26651,val
2-4012,2,26651,val
2-4013,2,26651,val
2-4014,2,26651,val
2-4015,2,26651,val
2-4016,2,26651,val
2-4017,2,26651,val
2-4018,2,26651,val
2-4019,2,26651,val
2-4020,2,26651,val
2-4021,2,26651,val
2-4022,2,26651,val
2-4023,2,26651,val
2-4024,2,26651,val
2-4025,2,26651,val
2-4026,2,26651,val
2-4027,2,26651,val
2-4028,2,26651,val
2-4029,2,26651,val
2-4030,2,26651,val
2-4031,2,26651,val
2-4032,2,26651,val
2-4033,2,26651,val
2-4034,2,26651,val
2-4035,2,26651,val
2-4036,2,26651,val
2-4037,2,26651,val
2-4038,2,26651,val
2-4039,2,26651,val
2-4040,2,26651,val
2-4041,2,26651,val
2-4042,2,26651,val
2-4043,2,26651,val
2-4044,2,26651,val
2-4045,2,26651,val
2-4046,2,26651,val
2-4047,2,26651,val
2-4048,2,26651,val
2-4049,2,26651,val
2-4050,2,26651,val
2-4051,2,26651,val
2-4052,2,26651,val
2-4053,2,26651,val
2-4054,2,26651,val
2-4055,2,26651,val
2-4056,2,26651,val
2-4057,2,26651,val
2-4058,2,26651,val
2-4059,2,26651,val
2-4060,2,26651,val
2-4061,2,26651,val
2-4062,2,26651,val
2-4063,2,26651,val
2-4064,2,26651,val
2-4065,2,26651,val
2-4066,2,26651,val
2-4067,2,26651,val
2-4068,2,26651,val
2-4069,2,26651,val
2-4070,2,26651,val
2-4071,2,26651,val
2-4072,2,26651,val
2-4073,2,26651,val
2-4074,2,26651,val
2-4075,2,26651,val
2-4076,2,26651,val
2-4077,2,26651,val
2-4078,2,26651,val
2-4079,2,26651,val
2-4080,2,26651,val
2-4081,2,26651,val
2-4082,2,26651,val
2-4083,2,26651,val
2-4084,2,26651,val
2-4085,2,26651,val
2-4086,2,26651,val
2-4087,2,26651,val
2-4088,2,26651,val
2-4089,2,26651,val
2-4090,2,26651,val
2-4091,2,26651,val
2-4092,2,26651,val
2-4093,2,26651,val
2-4094,2,26651,val
2-4095,2,26651,val
2-4096,2,26651,val
2-4097,2,26651,val
2-4098,2,26651,val
2-4099,2,26651,val
2-4100,2,26651,val
2-4101,2,26651,val
2-4102,2,26651,val
2-4103,2,26651,val
2-4104,2,26651,val
2-4105,2,26651,val
2-4106,2,26651,val
2-4107,2,26651,val
2-4108,2,26651,val
2-4109,2,26651,val
2-4110,2,26651,val
2-4111,2,26651,val
2-4112,2,26651,val
2-4113,2,26651,val
2-4114,2,26651,val
2-4115,2,26651,val
2-4116,2,26651,val
2-4117,2,26651,val
2-4118,2,26651,val
2-4119,2,26651,val
2-4120,2,26651,val
2-4121,2,26651,val
2-4122,2,26651,val
2-4123,2,26651,val
2-4124,2,26651,val
2-4125,2,26651,val
2-4126,2,26651,val
2-4127,2,26651,val
2-4128,2,26651,val
2-4129,2,26651,val
2-4130,2,26651,val
2-4131,2,26651,val
2-4132,2,26651,val
2-4133,2,26651,val
2-4134,2,26651,val
2-4135,2,26651,val
2-4136,2,26651,val
2-4137,2,26651,val
2-4138,2,26651,val
2-4139,2,26651,val
2-4140,2,26651,val
2-4141,2,26651,val
2-4142,2,26651,val
2-4143,2,26651,val
2-4144,2,26651,val
2-4145,2,26651,val
2-4146,2,26651,val
2-4147,2,26651,val
2-4148,2,26651,val
2-4149,2,26651,val
2-4150,2,26651,val
2-4151,2,26651,val
2-4152,2,26651,val
2-4153,2,26651,val
2-4154,2,26651,val
2-4155,2,26651,val
2-4156,2,26651,val
2-4157,2,26651,val
2-4158,2,26651,val
2-4159,2,26651,val
2-4160,2,26651,val
2-4161,2,26651,val
2-4162,2,26651,val
2-4163,2,26651,val
2-4164,2,26651,val
2-4165,2,26651,val
2-4166,2,26651,val
2-4167,2,26651,val
2-4168,2,26651,val
2-4169,2,26651,val
2-4170,2,26651,val
2-4171,2,26651,val
2-4172,2,26651,val
2-4173,2,26651,val
2-4174,2,26651,val
2-4175,2,26651,val
2-4176,2,26651,val
2-4177,2,26651,val
2-4178,2,26651,val
2-4179,2,26651,val
2-4180,2,26651,val
2-4181,2,26651,val
2-4182,2,26651,val
2-4183,2,26651,val
2-4184,2,26651,val
2-4185,2,26651,val
2-4186,2,26651,val
2-4187,2,26651,val
2-4188,2,26651,val
2-4189,2,26651,val
2-4190,2,26651,val
2-4191,2,26651,val
2-4192,2,26651,val
2-4193,2,26651,val
2-4194,2,26651,val
2-4195,2,26651,val
2-4196,2,26651,val
2-4197,2,26651,val
2-4198,2,26651,val
2-4199,2,26651,val
2-4200,2,26651,val
2-4201,2,26651,val
2-4202,2,26651,val
2-4203,2,26651,val
2-4204,2,26651,val
2-4205,2,26651,val
2-4206,2,26651,val
2-4207,2,26651,val
2-4208,2,26651,val
2-4209,2,26651,val
2-4210,2,26651,val
2-4211,2,26651,val
2-4212,2,26651,val
2-4213,2,26651,val
2-4214,2,26651,val
2-4215,2,26651,val
2-4216,2,26651,val
2-4217,2,26651,val
2-4218,2,26651,val
2-4219,2,26651,val
2-4220,2,26651,val
2-4221,2,26651,val
2-4222,2,26651,val
2-4223,2,26651,val
2-4224,2,26651,val
2-4225,2,26651,val
2-4226,2,26651,val
2-4227,2,26651,val
2-4228,2,26651,val
2-4229,2,26651,val
2-4230,2,26651,val
2-4231,2,26651,val
2-4232,2,26651,val
2-4233,2,26651,val
2-4234,2,26651,val
2-4235,2,26651,val
2-4236,2,26651,val
2-4237,2,26651,val
2-4238,2,26651,val
2-4239,2,26651,val
2-4240,2,26651,val
2-4241,2,26651,val
2-4242,2,26651,val
2-4243,2,26651,val
2-4244,2,26651,val
2-4245,2,26651,val
2-4246,2,26651,val
2-4247,2,26651,val
2-4248,2,26651,val
2-4249,2,26651,val
2-4250,2,26651,val
2-4251,2,26651,val
2-4252,2,26651,val
2-4253,2,26651,val
2-4254,2,26651,val
2-4255,2,26651,val
2-4256,2,26651,val
2-4257,2,26651,val
2-4258,2,26651,val
2-4259,2,26651,val
2-4260,2,26651,val
2-4261,2,26651,val
2-4262,2,26651,val
2-4263,2,26651,val
2-4264,2,26651,val
2-4265,2,26651,val
2-4266,2,26651,val
2-4267,2,26651,val
2-4268,2,26651,val
2-4269,2,26651,val
2-4270,2,26651,val
2-4271,2,26651,val
2-4272,2,26651,val
2-4273,2,26651,val
2-4274,2,26651,val
2-4275,2,26651,val
2-4276,2,26651,val
2-4277,2,26651,val
2-4278,2,26651,val
2-4279,2,26651,val
2-4280,2,26651,val
2-4281,2,26651,val
2-4282,2,26651,val
2-4283,2,26651,val
2-4284,2,26651,val
2-4285,2,26651,val
2-4286,2,26651,val
2-4287,2,26651,val
2-4288,2,26651,val
2-4289,2,26651,val
2-4290,2,26651,val
2-4291,2,26651,val
2-4292,2,26651,val
2-4293,2,26651,val
2-4294,2,26651,val
2-4295,2,26651,val
2-4296,2,26651,val
2-4297,2,26651,val
2-4298,2,26651,val
2-4299,2,26651,val
2-4300,2,26651,val
2-4301,2,26651,val
2-4302,2,26651,val
2-4303,2,26651,val
2-4304,2,26651,val
2-4305,2,26651,val
2-4306,2,26651,val
2-4307,2,26651,val
2-4308,2,26651,val
2-4309,2,26651,val
2-4310,2,26651,val
2-4311,2,26651,val
2-4312,2,26651,val
2-4313,2,26651,val
2-4314,2,26651,val
2-4315,2,26651,val
2-4316,2,26651,val
2-4317,2,26651,val
2-4318,2,26651,val
2-4319,2,26651,val
2-4320,2,26651,val
2-4321,2,26651,val
2-4322,2,26651,val
2-4323,2,26651,val
2-4324,2,26651,val
2-4325,2,26651,val
2-4326,2,26651,val
2-4327,2,26651,val
2-4328,2,26651,val
2-4329,2,26651,val
2-4330,2,26651,val
2-4331,2,26651,val
2-4332,2,26651,val
2-4333,2,26651,val
2-4334,2,26651,val
2-4335,2,26651,val
2-4336,2,26651,val
2-4337,2,26651,val
2-4338,2,26651,val
2-4339,2,26651,val
2-4340,2,26651,val
2-4341,2,26651,val
2-4342,2,26651,val
2-4343,2,26651,val
2-4344,2,26651,val
2-4345,2,26651,val
2-4346,2,26651,val
2-4347,2,26651,val
2-4348,2,26651,val
2-4349,2,26651,val
2-4350,2,26651,val
2-4351,2,26651,val
2-4352,2,26651,val
2-4353,2,26651,val
2-4354,2,26651,val
2-4355,2,26651,val
2-4356,2,26651,val
2-4357,2,26651,val
2-4358,2,26651,val
2-4359,2,26651,val
2-4360,2,26651,val
2-4361,2,26651,val
2-4362,2,26651,val
2-4363,2,26651,val
2-4364,2,26651,val
2-4365,2,26651,val
2-4366,2,26651,val
2-4367,2,26651,val
2-4368,2,26651,val
2-4369,2,26651,val
2-4370,2,26651,val
2-4371,2,26651,val
2-4372,2,26651,val
2-4373,2,26651,val
2-4374,2,26651,val
2-4375,2,26651,val
2-4376,2,26651,val
2-4377,2,26651,val
2-4378,2,26651,val
2-4379,2,26651,val
2-4380,2,26651,val
2-4381,2,26651,val
2-4382,2,26651,val
2-4383,2,26651,val
2-4384,2,26651,val
2-4385,2,26651,val
2-4386,2,26651,val
2-4387,2,26651,val
2-4388,2,26651,val
2-4389,2,26651,val
2-4390,2,26651,val
2-4391,2,26651,val
2-4392,2,26651,val
2-4393,2,26651,val
2-4394,2,26651,val
2-4395,2,26651,val
2-4396,2,26651,val
2-4397,2,26651,val
2-4398,2,26651,val
2-4399,2,26651,val
2-4400,2,26651,val
2-4401,2,26651,val
2-4402,2,26651,val
2-4403,2,26651,val
2-4404,2,26651,val
2-4405,2,26651,val
2-4406,2,26651,val
2-4407,2,26651,val
2-4408,2,26651,val
2-4409,2,26651,val
2-4410,2,26651,val
2-4411,2,26651,val
2-4412,2,26651,val
2-4413,2,26651,val
2-4414,2,26651,val
2-4415,2,26651,val
2-4416,2,26651,val
2-4417,2,26651,val
2-4418,2,26651,val
2-4419,2,26651,val
2-4420,2,26651,val
2-4421,2,26651,val
2-4422,2,26651,val
2-4423,2,26651,val
2-4424,2,26651,val
2-4425,2,26651,val
2-4426,2,26651,val
2-4427,2,26651,val
2-4428,2,26651,val
2-4429,2,26651,val
2-4430,2,26651,val
2-4431,2,26651,val
2-4432,2,26651,val
2-4433,2,26651,val
2-4434,2,26651,val
2-4435,2,26651,val
2-4436,2,26651,val
2-4437,2,26651,val
2-4438,2,26651,val
2-4439,2,26651,val
2-4440,2,26651,val
2-4441,2,26651,val
2-4442,2,26651,val
2-4443,2,26651,val
2-4444,2,26651,val
2-4445,2,26651,val
2-4446,2,26651,val
2-4447,2,26651,val
2-4448,2,26651,val
2-4449,2,26651,val
2-4450,2,26651,val
2-4451,2,26651,val
2-4452,2,26651,val
2-4453,2,26651,val
2-4454,2,26651,val
2-4455,2,26651,val
2-4456,2,26651,val
2-4457,2,26651,val
2-4458,2,26651,val
2-4459,2,26651,val
2-4460,2,26651,val
2-4461,2,26651,val
2-4462,2,26651,val
2-4463,2,26651,val
2-4464,2,26651,val
2-4465,2,26651,val
2-4466,2,26651,val
2-4467,2,26651,val
2-4468,2,26651,val
2-4469,2,26651,val
2-4470,2,26651,val
2-4471,2,26651,val
2-4472,2,26651,val
2-4473,2,26651,val
2-4474,2,26651,val
2-4475,2,26651,val
2-4476,2,26651,val
2-4477,2,26651,val
2-4478,2,26651,val
2-4479,2,26651,val
2-4480,2,26651,val
2-4481,2,26651,val
2-4482,2,26651,val
2-4483,2,26651,val
2-4484,2,26651,val
2-4485,2,26651,val
2-4486,2,26651,val
2-4487,2,26651,val
2-4488,2,26651,val
2-4489,2,26651,val
2-4490,2,26651,val
2-4491,2,26651,val
2-4492,2,26651,val
2-4493,2,26651,val
2-4494,2,26651,val
2-4495,2,26651,val
2-4496,2,26651,val
2-4497,2,26651,val
2-4498,2,26651,val
2-4499,2,26651,val
2-4500,2,26651,val
2-4501,2,26651,val
2-4502,2,26651,val
2-4503,2,26651,val
2-4504,2,26651,val
2-4505,2,26651,val
2-4506,2,26651,val
2-4507,2,26651,val
2-4508,2,26651,val
2-4509,2,26651,val
2-4510,2,26651,val
2-4511,2,26651,val
2-4512,2,26651,val
2-4513,2,26651,val
2-4514,2,26651,val
2-4515,2,26651,val
2-4516,2,26651,val
2-4517,2,26651,val
2-4518,2,26651,val
2-4519,2,26651,val
2-4520,2,26651,val
2-4521,2,26651,val
2-4522,2,26651,val
2-4523,2,26651,val
2-4524,2,26651,val
2-4525,2,26651,val
2-4526,2,26651,val
2-4527,2,26651,val
2-4528,2,26651,val
2-4529,2,26651,val
2-4530,2,26651,val
2-4531,2,26651,val
2-4532,2,26651,val
2-4533,2,26651,val
2-4534,2,26651,val
2-4535,2,26651,val
2-4536,2,26651,val
2-4537,2,26651,val
2-4538,2,26651,val
2-4539,2,26651,val
2-4540,2,26651,val
2-4541,2,26651,val
2-4542,2,26651,val
2-4543,2,26651,val
2-4544,2,26651,val
2-4545,2,26651,val
2-4546,2,26651,val
2-4547,2,26651,val
2-4548,2,26651,val
2-4549,2,26651,val
2-4550,2,26651,val
2-4551,2,26651,val
2-4552,2,26651,val
2-4553,2,26651,val
2-4554,2,26651,val
2-4555,2,26651,val
2-4556,2,26651,val
2-4557,2,26651,val
2-4558,2,26651,val
2-4559,2,26651,val
2-4560,2,26651,val
2-4561,2,26651,val
2-4562,2,26651,val
2-4563,2,26651,val
2-4564,2,26651,val
2-4565,2,26651,val
2-4566,2,26651,val
2-4567,2,26651,val
2-4568,2,26651,val
2-4569,2,26651,val
2-4570,2,26651,val
2-4571,2,26651,val
2-4572,2,26651,val
2-4573,2,26651,val
2-4574,2,26651,val
2-4575,2,26651,val
2-4576,2,26651,val
2-4577,2,26651,val
2-4578,2,26651,val
2-4579,2,26651,val
2-4580,2,26651,val
2-4581,2,26651,val
2-4582,2,26651,val
2-4583,2,26651,val
2-4584,2,26651,val
2-4585,2,26651,val
2-4586,2,26651,val
2-4587,2,26651,val
2-4588,2,26651,val
2-4589,2,26651,val
2-4590,2,26651,val
2-4591,2,26651,val
2-4592,2,26651,val
2-4593,2,26651,val
2-4594,2,26651,val
2-4595,2,26651,val
2-4596,2,26651,val
2-4597,2,26651,val
2-4598,2,26651,val
2-4599,2,26651,val
2-4600,2,26651,val
2-4601,2,26651,val
2-4602,2,26651,val
2-4603,2,26651,val
2-4604,2,26651,val
2-4605,2,26651,val
2-4606,2,26651,val
2-4607,2,26651,val
2-4608,2,26651,val
2-4609,2,26651,val
2-4610,2,26651,val
2-4611,2,26651,val
2-4612,2,26651,val
2-4613,2,26651,val
2-4614,2,26651,val
2-4615,2,26651,val
2-4616,2,26651,val
2-4617,2,26651,val
2-4618,2,26651,val
2-4619,2,26651,val
2-4620,2,26651,val
2-4621,2,26651,val
2-4622,2,26651,val
2-4623,2,26651,val
2-4624,2,26651,val
2-4625,2,26651,val
2-4626,2,26651,val
2-4627,2,26651,val
2-4628,2,26651,val
2-4629,2,26651,val
2-4630,2,26651,val
2-4631,2,26651,val
2-4632,2,26651,val
2-4633,2,26651,val
2-4634,2,26651,val
2-4635,2,26651,val
2-4636,2,26651,val
2-4637,2,26651,val
2-4638,2,26651,val
2-4639,2,26651,val
2-4640,2,26651,val
2-4641,2,26651,val
2-4642,2,26651,val
2-4643,2,26651,val
2-4644,2,26651,val
2-4645,2,26651,val
2-4646,2,26651,val
2-4647,2,26651,val
2-4648,2,26651,val
2-4649,2,26651,val
2-4650,2,26651,val
2-4651,2,26651,val
2-4652,2,26651,val
2-4653,2,26651,val
2-4654,2,26651,val
2-4655,2,26651,val
2-4656,2,26651,val
2-4657,2,26651,val
2-4658,2,26651,val
2-4659,2,26651,val
2-4660,2,26651,val
2-4661,2,26651,val
2-4662,2,26651,val
2-4663,2,26651,val
2-4664,2,26651,val
2-4665,2,26651,val
2-4666,2,26651,val
2-4667,2,26651,val
2-4668,2,26651,val
2-4669,2,26651,val
2-4670,2,26651,val
2-4671,2,26651,val
2-4672,2,26651,val
2-4673,2,26651,val
2-4674,2,26651,val
2-4675,2,26651,val
2-4676,2,26651,val
2-4677,2,26651,val
2-4678,2,26651,val
2-4679,2,26651,val
2-4680,2,26651,val
2-4681,2,26651,val
2-4682,2,26651,val
2-4683,2,26651,val
2-4684,2,26651,val
2-4685,2,26651,val
2-4686,2,26651,val
2-4687,2,26651,val
2-4688,2,26651,val
2-4689,2,26651,val
2-4690,2,26651,val
2-4691,2,26651,val
2-4692,2,26651,val
2-4693,2,26651,val
2-4694,2,26651,val
2-4695,2,26651,val
2-4696,2,26651,val
2-4697,2,26651,val
2-4698,2,26651,val
2-4699,2,26651,val
2-4700,2,26651,val
2-4701,2,26651,val
2-4702,2,26651,val
2-4703,2,26651,val
2-4704,2,26651,val
2-4705,2,26651,val
2-4706,2,26651,val
2-4707,2,26651,val
2-4708,2,26651,val
2-4709,2,26651,val
2-4710,2,26651,val
2-4711,2,26651,val
2-4712,2,26651,val
2-4713,2,26651,val
2-4714,2,26651,val
2-4715,2,26651,val
2-4716,2,26651,val
2-4717,2,26651,val
2-4718,2,26651,val
2-4719,2,26651,val
2-4720,2,26651,val
2-4721,2,26651,val
2-4722,2,26651,val
2-4723,2,26651,val
2-4724,2,26651,val
2-4725,2,26651,val
2-4726,2,26651,val
2-4727,2,26651,val
2-4728,2,26651,val
2-4729,2,26651,val
2-4730,2,26651,val
2-4731,2,26651,val
2-4732,2,26651,val
2-4733,2,26651,val
2-4734,2,26651,val
2-4735,2,26651,val
2-4736,2,26651,val
2-4737,2,26651,val
2-4738,2,26651,val
2-4739,2,26651,val
2-4740,2,26651,val
2-4741,2,26651,val
2-4742,2,26651,val
2-4743,2,26651,val
2-4744,2,26651,val
2-4745,2,26651,val
2-4746,2,26651,val
2-4747,2,26651,val
2-4748,2,26651,val
2-4749,2,26651,val
2-4750,2,26651,val
2-4751,2,26651,val
2-4752,2,26651,val
2-4753,2,26651,val
2-4754,2,26651,val
2-4755,2,26651,val
2-4756,2,26651,val
2-4757,2,26651,val
2-4758,2,26651,val
2-4759,2,26651,val
2-4760,2,26651,val
2-4761,2,26651,val
2-4762,2,26651,val
2-4763,2,26651,val
2-4764,2,26651,val
2-4765,2,26651,val
2-4766,2,26651,val
2-4767,2,26651,val
2-4768,2,26651,val
2-4769,2,26651,val
2-4770,2,26651,val
2-4771,2,26651,val
2-4772,2,26651,val
2-4773,2,26651,val
2-4774,2,26651,val
2-4775,2,26651,val
2-4776,2,26651,val
2-4777,2,26651,val
2-4778,2,26651,val
2-4779,2,26651,val
2-4780,2,26651,val
2-4781,2,26651,val
2-4782,2,26651,val
2-4783,2,26651,val
2-4784,2,26651,val
2-4785,2,26651,val
2-4786,2,26651,val
2-4787,2,26651,val
2-4788,2,26651,val
2-4789,2,26651,val
2-4790,2,26651,val
2-4791,2,26651,val
2-4792,2,26651,val
2-4793,2,26651,val
2-4794,2,26651,val
2-4795,2,26651,val
2-4796,2,26651,val
2-4797,2,26651,val
2-4798,2,26651,val
2-4799,2,26651,val
2-4800,2,26651,val
2-4801,2,26651,val
2-4802,2,26651,val
2-4803,2,26651,val
2-4804,2,26651,val
2-4805,2,26651,val
2-4806,2,26651,val
2-4807,2,26651,val
2-4808,2,26651,val
2-4809,2,26651,val
2-4810,2,26651,val
2-4811,2,26651,val
2-4812,2,26651,val
2-4813,2,26651,val
2-4814,2,26651,val
2-4815,2,26651,val
2-4816,2,26651,val
2-4817,2,26651,val
2-4818,2,26651,val
2-4819,2,26651,val
2-4820,2,26651,val
2-4821,2,26651,val
2-4822,2,26651,val
2-4823,2,26651,val
2-4824,2,26651,val
2-4825,2,26651,val
2-4826,2,26651,val
2-4827,2,26651,val
2-4828,2,26651,val
2-4829,2,26651,val
2-4830,2,26651,val
2-4831,2,26651,val
2-4832,2,26651,val
2-4833,2,26651,val
2-4834,2,26651,val
2-4835,2,26651,val
2-4836,2,26651,val
2-4837,2,26651,val
2-4838,2,26651,val
2-4839,2,26651,val
2-4840,2,26651,val
2-4841,2,26651,val
2-4842,2,26651,val
2-4843,2,26651,val
2-4844,2,26651,val
2-4845,2,26651,val
2-4846,2,26651,val
2-4847,2,26651,val
2-4848,2,26651,val
2-4849,2,26651,val
2-4850,2,26651,val
2-4851,2,26651,val
2-4852,2,26651,val
2-4853,2,26651,val
2-4854,2,26651,val
2-4855,2,26651,val
2-4856,2,26651,val
2-4857,2,26651,val
2-4858,2,26651,val
2-4859,2,26651,val
2-4860,2,26651,val
2-4861,2,26651,val
2-4862,2,26651,val
2-4863,2,26651,val
2-4864,2,26651,val
2-4865,2,26651,val
2-4866,2,26651,val
2-4867,2,26651,val
2-4868,2,26651,val
2-4869,2,26651,val
2-4870,2,26651,val
2-4871,2,26651,val
2-4872,2,26651,val
2-4873,2,26651,val
2-4874,2,26651,val
2-4875,2,26651,val
2-4876,2,26651,val
2-4877,2,26651,val
2-4878,2,26651,val
2-4879,2,26651,val
2-4880,2,26651,val
2-4881,2,26651,val
2-4882,2,26651,val
2-4883,2,26651,val
2-4884,2,26651,val
2-4885,2,26651,val
2-4886,2,26651,val
2-4887,2,26651,val
2-4888,2,26651,val
2-4889,2,26651,val
2-4890,2,26651,val
2-4891,2,26651,val
2-4892,2,26651,val
2-4893,2,26651,val
2-4894,2,26651,val
2-4895,2,26651,val
2-4896,2,26651,val
2-4897,2,26651,val
2-4898,2,26651,val
2-4899,2,26651,val
2-4900,2,26651,val
2-4901,2,26651,val
2-4902,2,26651,val
2-4903,2,26651,val
2-4904,2,26651,val
2-4905,2,26651,val
2-4906,2,26651,val
2-4907,2,26651,val
2-4908,2,26651,val
2-4909,2,26651,val
2-4910,2,26651,val
2-4911,2,26651,val
2-4912,2,26651,val
2-4913,2,26651,val
2-4914,2,26651,val
2-4915,2,26651,val
2-4916,2,26651,val
2-4917,2,26651,val
2-4918,2,26651,val
2-4919,2,26651,val
2-4920,2,26651,val
2-4921,2,26651,val
2-4922,2,26651,val
2-4923,2,26651,val
2-4924,2,26651,val
2-4925,2,26651,val
2-4926,2,26651,val
2-4927,2,26651,val
2-4928,2,26651,val
2-4929,2,26651,val
2-4930,2,26651,val
2-4931,2,26651,val
2-4932,2,26651,val
2-4933,2,26651,val
2-4934,2,26651,val
2-4935,2,26651,val
2-4936,2,26651,val
2-4937,2,26651,val
2-4938,2,26651,val
2-4939,2,26651,val
2-4940,2,26651,val
2-4941,2,26651,val
2-4942,2,26651,val
2-4943,2,26651,val
2-4944,2,26651,val
2-4945,2,26651,val
2-4946,2,26651,val
2-4947,2,26651,val
2-4948,2,26651,val
2-4949,2,26651,val
2-4950,2,26651,val
2-4951,2,26651,val
2-4952,2,26651,val
2-4953,2,26651,val
2-4954,2,26651,val
2-4955,2,26651,val
2-4956,2,26651,val
2-4957,2,26651,val
2-4958,2,26651,val
2-4959,2,26651,val
2-4960,2,26651,val
2-4961,2,26651,val
2-4962,2,26651,val
2-4963,2,26651,val
2-4964,2,26651,val
2-4965,2,26651,val
2-4966,2,26651,val
2-4967,2,26651,val
2-4968,2,26651,val
2-4969,2,26651,val
2-4970,2,26651,val
2-4971,2,26651,val
2-4972,2,26651,val
2-4973,2,26651,val
2-4974,2,26651,val
2-4975,2,26651,val
2-4976,2,26651,val
2-4977,2,26651,val
2-4978,2,26651,val
2-4979,2,26651,val
2-4980,2,26651,val
2-4981,2,26651,val
2-4982,2,26651,val
2-4983,2,26651,val
2-4984,2,26651,val
2-4985,2,26651,val
2-4986,2,26651,val
2-4987,2,26651,val
2-4988,2,26651,val
2-4989,2,26651,val
2-4990,2,26651,val
2-4991,2,26651,val
2-4992,2,26651,val
2-4993,2,26651,val
2-4994,2,26651,val
2-4995,2,26651,val
2-4996,2,26651,val
2-4997,2,26651,val
2-4998,2,26651,val
2-4999,2,26651,val
2-5000,2,26651,val
2-5001,2,26651,val
2-5002,2,26651,val
2-5003,2,26651,val
2-5004,2,26651,val
2-5005,2,26651,val
2-5006,2,26651,val
2-5007,2,26651,val
2-5008,2,26651,val
2-5009,2,26651,val
2-5010,2,26651,val
2-5011,2,26651,val
2-5012,2,26651,val
2-5013,2,26651,val
2-5014,2,26651,val
2-5015,2,26651,val
2-5016,2,26651,val
2-5017,2,26651,val
2-5018,2,26651,val
2-5019,2,26651,val
2-5020,2,26651,val
2-5021,2,26651,val
2-5022,2,26651,val
2-5023,2,26651,val
2-5024,2,26651,val
2-5025,2,26651,val
2-5026,2,26651,val
2-5027,2,26651,val
2-5028,2,26651,val
2-5029,2,26651,val
2-5030,2,26651,val
2-5031,2,26651,val
2-5032,2,26651,val
2-5033,2,26651,val
2-5034,2,26651,val
2-5035,2,26651,val
2-5036,2,26651,val
2-5037,2,26651,val
2-5038,2,26651,val
2-5039,2,26651,val
2-5040,2,26651,val
2-5041,2,26651,val
2-5042,2,26651,val
2-5043,2,26651,val
2-5044,2,26651,val
2-5045,2,26651,val
2-5046,2,26651,val
2-5047,2,26651,val
2-5048,2,26651,val
2-5049,2,26651,val
2-5050,2,26651,val
2-5051,2,26651,val
2-5052,2,26651,val
2-5053,2,26651,val
2-5054,2,26651,val
2-5055,2,26651,val
2-5056,2,26651,val
2-5057,2,26651,val
2-5058,2,26651,val
2-5059,2,26651,val
2-5060,2,26651,val
2-5061,2,26651,val
2-5062,2,26651,val
2-5063,2,26651,val
2-5064,2,26651,val
2-5065,2,26651,val
2-5066,2,26651,val
2-5067,2,26651,val
2-5068,2,26651,val
2-5069,2,26651,val
2-5070,2,26651,val
2-5071,2,26651,val
2-5072,2,26651,val
2-5073,2,26651,val
2-5074,2,26651,val
2-5075,2,26651,val
2-5076,2,26651,val
2-5077,2,26651,val
2-5078,2,26651,val
2-5079,2,26651,val
2-5080,2,26651,val
2-5081,2,26651,val
2-5082,2,26651,val
2-5083,2,26651,val
2-5084,2,26651,val
2-5085,2,26651,val
2-5086,2,26651,val
2-5087,2,26651,val
2-5088,2,26651,val
2-5089,2,26651,val
2-5090,2,26651,val
2-5091,2,26651,val
2-5092,2,26651,val
2-5093,2,26651,val
2-5094,2,26651,val
2-5095,2,26651,val
2-5096,2,26651,val
2-5097,2,26651,val
2-5098,2,26651,val
2-5099,2,26651,val
2-5100,2,26651,val
2-5101,2,26651,val
2-5102,2,26651,val
2-5103,2,26651,val
2-5104,2,26651,val
2-5105,2,26651,val
2-5106,2,26651,val
2-5107,2,26651,val
2-5108,2,26651,val
2-5109,2,26651,val
2-5110,2,26651,val
2-5111,2,26651,val
2-5112,2,26651,val
2-5113,2,26651,val
2-5114,2,26651,val
2-5115,2,26651,val
2-5116,2,26651,val
2-5117,2,26651,val
2-5118,2,26651,val
2-5119,2,26651,val
2-5120,2,26651,val
2-5121,2,26651,val
2-5122,2,26651,val
2-5123,2,26651,val
2-5124,2,26651,val
2-5125,2,26651,val
2-5126,2,26651,val
2-5127,2,26651,val
2-5128,2,26651,val
2-5129,2,26651,val
2-5130,2,26651,val
2-5131,2,26651,val
2-5132,2,26651,val
2-5133,2,26651,val
2-5134,2,26651,val
2-5135,2,26651,val
2-5136,2,26651,val
2-5137,2,26651,val
2-5138,2,26651,val
2-5139,2,26651,val
2-5140,2,26651,val
2-5141,2,26651,val
2-5142,2,26651,val
2-5143,2,26651,val
2-5144,2,26651,val
2-5145,2,26651,val
2-5146,2,26651,val
2-5147,2,26651,val
2-5148,2,26651,val
2-5149,2,26651,val
2-5150,2,26651,val
2-5151,2,26651,val
2-5152,2,26651,val
2-5153,2,26651,val
2-5154,2,26651,val
2-5155,2,26651,val
2-5156,2,26651,val
2-5157,2,26651,val
2-5158,2,26651,val
2-5159,2,26651,val
2-5160,2,26651,val
2-5161,2,26651,val
2-5162,2,26651,val
2-5163,2,26651,val
2-5164,2,26651,val
2-5165,2,26651,val
2-5166,2,26651,val
2-5167,2,26651,val
2-5168,2,26651,val
2-5169,2,26651,val
2-5170,2,26651,val
2-5171,2,26651,val
2-5172,2,26651,val
2-5173,2,26651,val
2-5174,2,26651,val
2-5175,2,26651,val
2-5176,2,26651,val
2-5177,2,26651,val
2-5178,2,26651,val
2-5179,2,26651,val
2-5180,2,26651,val
2-5181,2,26651,val
2-5182,2,26651,val
2-5183,2,26651,val
2-5184,2,26651,val
2-5185,2,26651,val
2-5186,2,26651,val
2-5187,2,26651,val
2-5188,2,26651,val
2-5189,2,26651,val
2-5190,2,26651,val
2-5191,2,26651,val
2-5192,2,26651,val
2-5193,2,26651,val
2-5194,2,26651,val
2-5195,2,26651,val
2-5196,2,26651,val
